country,countryLabel,iso2,iso3,area,population,life_expectancy,hdi,gdp_nominal,gdp_nominal_year,inception,driving_side_label
http://www.wikidata.org/entity/Q889,Afghanistan,AF,AFG,652230,41454761,63.673,0.478,18053222687,2018-01-01T00:00:00Z,1709-01-01T00:00:00Z,right
http://www.wikidata.org/entity/Q889,Afghanistan,AF,AFG,652230,41454761,63.673,0.478,3825701438,2002-01-01T00:00:00Z,1709-01-01T00:00:00Z,right
http://www.wikidata.org/entity/Q889,Afghanistan,AF,AFG,652230,41454761,63.673,0.478,2813571753,2001-01-01T00:00:00Z,1709-01-01T00:00:00Z,right
http://www.wikidata.org/entity/Q889,Afghanistan,AF,AFG,652230,41454761,63.673,0.478,14497243872,2022-01-01T00:00:00Z,1709-01-01T00:00:00Z,right
http://www.wikidata.org/entity/Q889,Afghanistan,AF,AFG,652230,41454761,63.673,0.478,20497128555,2014-01-01T00:00:00Z,1709-01-01T00:00:00Z,right
http://www.wikidata.org/entity/Q889,Afghanistan,AF,AFG,652230,41454761,63.673,0.478,19907329777,2012-01-01T00:00:00Z,1709-01-01T00:00:00Z,right
http://www.wikidata.org/entity/Q889,Afghanistan,AF,AFG,652230,41454761,63.673,0.478,12416152732,2009-01-01T00:00:00Z,1709-01-01T00:00:00Z,right
http://www.wikidata.org/entity/Q889,Afghanistan,AF,AFG,652230,41454761,63.673,0.478,3521418059,2000-01-01T00:00:00Z,1709-01-01T00:00:00Z,right
http://www.wikidata.org/entity/Q889,Afghanistan,AF,AFG,652230,41454761,63.673,0.478,14583135237,2021-01-01T00:00:00Z,1709-01-01T00:00:00Z,right
http://www.wikidata.org/entity/Q889,Afghanistan,AF,AFG,652230,41454761,63.673,0.478,18116572395,2016-01-01T00:00:00Z,1709-01-01T00:00:00Z,right
http://www.wikidata.org/entity/Q889,Afghanistan,AF,AFG,652230,41454761,63.673,0.478,6203256538,2005-01-01T00:00:00Z,1709-01-01T00:00:00Z,right
http://www.wikidata.org/entity/Q889,Afghanistan,AF,AFG,652230,41454761,63.673,0.478,20146416757,2013-01-01T00:00:00Z,1709-01-01T00:00:00Z,right
http://www.wikidata.org/entity/Q889,Afghanistan,AF,AFG,652230,41454761,63.673,0.478,14259995441,2021-01-01T00:00:00Z,1709-01-01T00:00:00Z,right
http://www.wikidata.org/entity/Q889,Afghanistan,AF,AFG,652230,41454761,63.673,0.478,17805098206,2011-01-01T00:00:00Z,1709-01-01T00:00:00Z,right
http://www.wikidata.org/entity/Q889,Afghanistan,AF,AFG,652230,41454761,63.673,0.478,17233051620,2023-01-01T00:00:00Z,1709-01-01T00:00:00Z,right
http://www.wikidata.org/entity/Q889,Afghanistan,AF,AFG,652230,41454761,63.673,0.478,18799444490,2019-01-01T00:00:00Z,1709-01-01T00:00:00Z,right
http://www.wikidata.org/entity/Q889,Afghanistan,AF,AFG,652230,41454761,63.673,0.478,9747886187,2007-01-01T00:00:00Z,1709-01-01T00:00:00Z,right
http://www.wikidata.org/entity/Q889,Afghanistan,AF,AFG,652230,41454761,63.673,0.478,15856668555,2010-01-01T00:00:00Z,1709-01-01T00:00:00Z,right
http://www.wikidata.org/entity/Q889,Afghanistan,AF,AFG,652230,41454761,63.673,0.478,18753456497,2017-01-01T00:00:00Z,1709-01-01T00:00:00Z,right
http://www.wikidata.org/entity/Q889,Afghanistan,AF,AFG,652230,41454761,63.673,0.478,6971758282,2006-01-01T00:00:00Z,1709-01-01T00:00:00Z,right
http://www.wikidata.org/entity/Q889,Afghanistan,AF,AFG,652230,41454761,63.673,0.478,5224896718,2004-01-01T00:00:00Z,1709-01-01T00:00:00Z,right
http://www.wikidata.org/entity/Q889,Afghanistan,AF,AFG,652230,41454761,63.673,0.478,10109297047,2008-01-01T00:00:00Z,1709-01-01T00:00:00Z,right
http://www.wikidata.org/entity/Q889,Afghanistan,AF,AFG,652230,41454761,63.673,0.478,19134221644,2015-01-01T00:00:00Z,1709-01-01T00:00:00Z,right
http://www.wikidata.org/entity/Q889,Afghanistan,AF,AFG,652230,41454761,63.673,0.478,4520946818,2003-01-01T00:00:00Z,1709-01-01T00:00:00Z,right
http://www.wikidata.org/entity/Q889,Afghanistan,AF,AFG,652230,41454761,63.673,0.478,3521418059,2000-01-01T00:00:00Z,1709-01-01T00:00:00Z,right
http://www.wikidata.org/entity/Q889,Afghanistan,AF,AFG,652230,41454761,63.673,0.478,19955929052,2020-01-01T00:00:00Z,1709-01-01T00:00:00Z,right
http://www.wikidata.org/entity/Q889,Afghanistan,AF,AFG,652230,41454761,63.673,0.478,18053222687,2018-01-01T00:00:00Z,1747-06-19T00:00:00Z,right
http://www.wikidata.org/entity/Q889,Afghanistan,AF,AFG,652230,41454761,63.673,0.478,3825701438,2002-01-01T00:00:00Z,1747-06-19T00:00:00Z,right
http://www.wikidata.org/entity/Q889,Afghanistan,AF,AFG,652230,41454761,63.673,0.478,2813571753,2001-01-01T00:00:00Z,1747-06-19T00:00:00Z,right
http://www.wikidata.org/entity/Q889,Afghanistan,AF,AFG,652230,41454761,63.673,0.478,14497243872,2022-01-01T00:00:00Z,1747-06-19T00:00:00Z,right
http://www.wikidata.org/entity/Q889,Afghanistan,AF,AFG,652230,41454761,63.673,0.478,20497128555,2014-01-01T00:00:00Z,1747-06-19T00:00:00Z,right
http://www.wikidata.org/entity/Q889,Afghanistan,AF,AFG,652230,41454761,63.673,0.478,19907329777,2012-01-01T00:00:00Z,1747-06-19T00:00:00Z,right
http://www.wikidata.org/entity/Q889,Afghanistan,AF,AFG,652230,41454761,63.673,0.478,12416152732,2009-01-01T00:00:00Z,1747-06-19T00:00:00Z,right
http://www.wikidata.org/entity/Q889,Afghanistan,AF,AFG,652230,41454761,63.673,0.478,3521418059,2000-01-01T00:00:00Z,1747-06-19T00:00:00Z,right
http://www.wikidata.org/entity/Q889,Afghanistan,AF,AFG,652230,41454761,63.673,0.478,14583135237,2021-01-01T00:00:00Z,1747-06-19T00:00:00Z,right
http://www.wikidata.org/entity/Q889,Afghanistan,AF,AFG,652230,41454761,63.673,0.478,18116572395,2016-01-01T00:00:00Z,1747-06-19T00:00:00Z,right
http://www.wikidata.org/entity/Q889,Afghanistan,AF,AFG,652230,41454761,63.673,0.478,6203256538,2005-01-01T00:00:00Z,1747-06-19T00:00:00Z,right
http://www.wikidata.org/entity/Q889,Afghanistan,AF,AFG,652230,41454761,63.673,0.478,20146416757,2013-01-01T00:00:00Z,1747-06-19T00:00:00Z,right
http://www.wikidata.org/entity/Q889,Afghanistan,AF,AFG,652230,41454761,63.673,0.478,14259995441,2021-01-01T00:00:00Z,1747-06-19T00:00:00Z,right
http://www.wikidata.org/entity/Q889,Afghanistan,AF,AFG,652230,41454761,63.673,0.478,17805098206,2011-01-01T00:00:00Z,1747-06-19T00:00:00Z,right
http://www.wikidata.org/entity/Q889,Afghanistan,AF,AFG,652230,41454761,63.673,0.478,17233051620,2023-01-01T00:00:00Z,1747-06-19T00:00:00Z,right
http://www.wikidata.org/entity/Q889,Afghanistan,AF,AFG,652230,41454761,63.673,0.478,18799444490,2019-01-01T00:00:00Z,1747-06-19T00:00:00Z,right
http://www.wikidata.org/entity/Q889,Afghanistan,AF,AFG,652230,41454761,63.673,0.478,9747886187,2007-01-01T00:00:00Z,1747-06-19T00:00:00Z,right
http://www.wikidata.org/entity/Q889,Afghanistan,AF,AFG,652230,41454761,63.673,0.478,15856668555,2010-01-01T00:00:00Z,1747-06-19T00:00:00Z,right
http://www.wikidata.org/entity/Q889,Afghanistan,AF,AFG,652230,41454761,63.673,0.478,18753456497,2017-01-01T00:00:00Z,1747-06-19T00:00:00Z,right
http://www.wikidata.org/entity/Q889,Afghanistan,AF,AFG,652230,41454761,63.673,0.478,6971758282,2006-01-01T00:00:00Z,1747-06-19T00:00:00Z,right
http://www.wikidata.org/entity/Q889,Afghanistan,AF,AFG,652230,41454761,63.673,0.478,5224896718,2004-01-01T00:00:00Z,1747-06-19T00:00:00Z,right
http://www.wikidata.org/entity/Q889,Afghanistan,AF,AFG,652230,41454761,63.673,0.478,10109297047,2008-01-01T00:00:00Z,1747-06-19T00:00:00Z,right
http://www.wikidata.org/entity/Q889,Afghanistan,AF,AFG,652230,41454761,63.673,0.478,19134221644,2015-01-01T00:00:00Z,1747-06-19T00:00:00Z,right
http://www.wikidata.org/entity/Q889,Afghanistan,AF,AFG,652230,41454761,63.673,0.478,4520946818,2003-01-01T00:00:00Z,1747-06-19T00:00:00Z,right
http://www.wikidata.org/entity/Q889,Afghanistan,AF,AFG,652230,41454761,63.673,0.478,3521418059,2000-01-01T00:00:00Z,1747-06-19T00:00:00Z,right
http://www.wikidata.org/entity/Q889,Afghanistan,AF,AFG,652230,41454761,63.673,0.478,19955929052,2020-01-01T00:00:00Z,1747-06-19T00:00:00Z,right
http://www.wikidata.org/entity/Q889,Afghanistan,AF,AFG,652230,41454761,63.673,0.478,18053222687,2018-01-01T00:00:00Z,1823-01-01T00:00:00Z,right
http://www.wikidata.org/entity/Q889,Afghanistan,AF,AFG,652230,41454761,63.673,0.478,3825701438,2002-01-01T00:00:00Z,1823-01-01T00:00:00Z,right
http://www.wikidata.org/entity/Q889,Afghanistan,AF,AFG,652230,41454761,63.673,0.478,2813571753,2001-01-01T00:00:00Z,1823-01-01T00:00:00Z,right
http://www.wikidata.org/entity/Q889,Afghanistan,AF,AFG,652230,41454761,63.673,0.478,14497243872,2022-01-01T00:00:00Z,1823-01-01T00:00:00Z,right
http://www.wikidata.org/entity/Q889,Afghanistan,AF,AFG,652230,41454761,63.673,0.478,20497128555,2014-01-01T00:00:00Z,1823-01-01T00:00:00Z,right
http://www.wikidata.org/entity/Q889,Afghanistan,AF,AFG,652230,41454761,63.673,0.478,19907329777,2012-01-01T00:00:00Z,1823-01-01T00:00:00Z,right
http://www.wikidata.org/entity/Q889,Afghanistan,AF,AFG,652230,41454761,63.673,0.478,12416152732,2009-01-01T00:00:00Z,1823-01-01T00:00:00Z,right
http://www.wikidata.org/entity/Q889,Afghanistan,AF,AFG,652230,41454761,63.673,0.478,3521418059,2000-01-01T00:00:00Z,1823-01-01T00:00:00Z,right
http://www.wikidata.org/entity/Q889,Afghanistan,AF,AFG,652230,41454761,63.673,0.478,14583135237,2021-01-01T00:00:00Z,1823-01-01T00:00:00Z,right
http://www.wikidata.org/entity/Q889,Afghanistan,AF,AFG,652230,41454761,63.673,0.478,18116572395,2016-01-01T00:00:00Z,1823-01-01T00:00:00Z,right
http://www.wikidata.org/entity/Q889,Afghanistan,AF,AFG,652230,41454761,63.673,0.478,6203256538,2005-01-01T00:00:00Z,1823-01-01T00:00:00Z,right
http://www.wikidata.org/entity/Q889,Afghanistan,AF,AFG,652230,41454761,63.673,0.478,20146416757,2013-01-01T00:00:00Z,1823-01-01T00:00:00Z,right
http://www.wikidata.org/entity/Q889,Afghanistan,AF,AFG,652230,41454761,63.673,0.478,14259995441,2021-01-01T00:00:00Z,1823-01-01T00:00:00Z,right
http://www.wikidata.org/entity/Q889,Afghanistan,AF,AFG,652230,41454761,63.673,0.478,17805098206,2011-01-01T00:00:00Z,1823-01-01T00:00:00Z,right
http://www.wikidata.org/entity/Q889,Afghanistan,AF,AFG,652230,41454761,63.673,0.478,17233051620,2023-01-01T00:00:00Z,1823-01-01T00:00:00Z,right
http://www.wikidata.org/entity/Q889,Afghanistan,AF,AFG,652230,41454761,63.673,0.478,18799444490,2019-01-01T00:00:00Z,1823-01-01T00:00:00Z,right
http://www.wikidata.org/entity/Q889,Afghanistan,AF,AFG,652230,41454761,63.673,0.478,9747886187,2007-01-01T00:00:00Z,1823-01-01T00:00:00Z,right
http://www.wikidata.org/entity/Q889,Afghanistan,AF,AFG,652230,41454761,63.673,0.478,15856668555,2010-01-01T00:00:00Z,1823-01-01T00:00:00Z,right
http://www.wikidata.org/entity/Q889,Afghanistan,AF,AFG,652230,41454761,63.673,0.478,18753456497,2017-01-01T00:00:00Z,1823-01-01T00:00:00Z,right
http://www.wikidata.org/entity/Q889,Afghanistan,AF,AFG,652230,41454761,63.673,0.478,6971758282,2006-01-01T00:00:00Z,1823-01-01T00:00:00Z,right
http://www.wikidata.org/entity/Q889,Afghanistan,AF,AFG,652230,41454761,63.673,0.478,5224896718,2004-01-01T00:00:00Z,1823-01-01T00:00:00Z,right
http://www.wikidata.org/entity/Q889,Afghanistan,AF,AFG,652230,41454761,63.673,0.478,10109297047,2008-01-01T00:00:00Z,1823-01-01T00:00:00Z,right
http://www.wikidata.org/entity/Q889,Afghanistan,AF,AFG,652230,41454761,63.673,0.478,19134221644,2015-01-01T00:00:00Z,1823-01-01T00:00:00Z,right
http://www.wikidata.org/entity/Q889,Afghanistan,AF,AFG,652230,41454761,63.673,0.478,4520946818,2003-01-01T00:00:00Z,1823-01-01T00:00:00Z,right
http://www.wikidata.org/entity/Q889,Afghanistan,AF,AFG,652230,41454761,63.673,0.478,3521418059,2000-01-01T00:00:00Z,1823-01-01T00:00:00Z,right
http://www.wikidata.org/entity/Q889,Afghanistan,AF,AFG,652230,41454761,63.673,0.478,19955929052,2020-01-01T00:00:00Z,1823-01-01T00:00:00Z,right
http://www.wikidata.org/entity/Q889,Afghanistan,AF,AFG,652230,41454761,63.673,0.478,18053222687,2018-01-01T00:00:00Z,1926-01-01T00:00:00Z,right
http://www.wikidata.org/entity/Q889,Afghanistan,AF,AFG,652230,41454761,63.673,0.478,3825701438,2002-01-01T00:00:00Z,1926-01-01T00:00:00Z,right
http://www.wikidata.org/entity/Q889,Afghanistan,AF,AFG,652230,41454761,63.673,0.478,2813571753,2001-01-01T00:00:00Z,1926-01-01T00:00:00Z,right
http://www.wikidata.org/entity/Q889,Afghanistan,AF,AFG,652230,41454761,63.673,0.478,14497243872,2022-01-01T00:00:00Z,1926-01-01T00:00:00Z,right
http://www.wikidata.org/entity/Q889,Afghanistan,AF,AFG,652230,41454761,63.673,0.478,20497128555,2014-01-01T00:00:00Z,1926-01-01T00:00:00Z,right
http://www.wikidata.org/entity/Q889,Afghanistan,AF,AFG,652230,41454761,63.673,0.478,19907329777,2012-01-01T00:00:00Z,1926-01-01T00:00:00Z,right
http://www.wikidata.org/entity/Q889,Afghanistan,AF,AFG,652230,41454761,63.673,0.478,12416152732,2009-01-01T00:00:00Z,1926-01-01T00:00:00Z,right
http://www.wikidata.org/entity/Q889,Afghanistan,AF,AFG,652230,41454761,63.673,0.478,3521418059,2000-01-01T00:00:00Z,1926-01-01T00:00:00Z,right
http://www.wikidata.org/entity/Q889,Afghanistan,AF,AFG,652230,41454761,63.673,0.478,14583135237,2021-01-01T00:00:00Z,1926-01-01T00:00:00Z,right
http://www.wikidata.org/entity/Q889,Afghanistan,AF,AFG,652230,41454761,63.673,0.478,18116572395,2016-01-01T00:00:00Z,1926-01-01T00:00:00Z,right
http://www.wikidata.org/entity/Q889,Afghanistan,AF,AFG,652230,41454761,63.673,0.478,6203256538,2005-01-01T00:00:00Z,1926-01-01T00:00:00Z,right
http://www.wikidata.org/entity/Q889,Afghanistan,AF,AFG,652230,41454761,63.673,0.478,20146416757,2013-01-01T00:00:00Z,1926-01-01T00:00:00Z,right
http://www.wikidata.org/entity/Q889,Afghanistan,AF,AFG,652230,41454761,63.673,0.478,14259995441,2021-01-01T00:00:00Z,1926-01-01T00:00:00Z,right
http://www.wikidata.org/entity/Q889,Afghanistan,AF,AFG,652230,41454761,63.673,0.478,17805098206,2011-01-01T00:00:00Z,1926-01-01T00:00:00Z,right
http://www.wikidata.org/entity/Q889,Afghanistan,AF,AFG,652230,41454761,63.673,0.478,17233051620,2023-01-01T00:00:00Z,1926-01-01T00:00:00Z,right
http://www.wikidata.org/entity/Q889,Afghanistan,AF,AFG,652230,41454761,63.673,0.478,18799444490,2019-01-01T00:00:00Z,1926-01-01T00:00:00Z,right
http://www.wikidata.org/entity/Q889,Afghanistan,AF,AFG,652230,41454761,63.673,0.478,9747886187,2007-01-01T00:00:00Z,1926-01-01T00:00:00Z,right
http://www.wikidata.org/entity/Q889,Afghanistan,AF,AFG,652230,41454761,63.673,0.478,15856668555,2010-01-01T00:00:00Z,1926-01-01T00:00:00Z,right
http://www.wikidata.org/entity/Q889,Afghanistan,AF,AFG,652230,41454761,63.673,0.478,18753456497,2017-01-01T00:00:00Z,1926-01-01T00:00:00Z,right
http://www.wikidata.org/entity/Q889,Afghanistan,AF,AFG,652230,41454761,63.673,0.478,6971758282,2006-01-01T00:00:00Z,1926-01-01T00:00:00Z,right
http://www.wikidata.org/entity/Q889,Afghanistan,AF,AFG,652230,41454761,63.673,0.478,5224896718,2004-01-01T00:00:00Z,1926-01-01T00:00:00Z,right
http://www.wikidata.org/entity/Q889,Afghanistan,AF,AFG,652230,41454761,63.673,0.478,10109297047,2008-01-01T00:00:00Z,1926-01-01T00:00:00Z,right
http://www.wikidata.org/entity/Q889,Afghanistan,AF,AFG,652230,41454761,63.673,0.478,19134221644,2015-01-01T00:00:00Z,1926-01-01T00:00:00Z,right
http://www.wikidata.org/entity/Q889,Afghanistan,AF,AFG,652230,41454761,63.673,0.478,4520946818,2003-01-01T00:00:00Z,1926-01-01T00:00:00Z,right
http://www.wikidata.org/entity/Q889,Afghanistan,AF,AFG,652230,41454761,63.673,0.478,3521418059,2000-01-01T00:00:00Z,1926-01-01T00:00:00Z,right
http://www.wikidata.org/entity/Q889,Afghanistan,AF,AFG,652230,41454761,63.673,0.478,19955929052,2020-01-01T00:00:00Z,1926-01-01T00:00:00Z,right
http://www.wikidata.org/entity/Q889,Afghanistan,AF,AFG,652230,41454761,63.673,0.478,18053222687,2018-01-01T00:00:00Z,1973-01-01T00:00:00Z,right
http://www.wikidata.org/entity/Q889,Afghanistan,AF,AFG,652230,41454761,63.673,0.478,3825701438,2002-01-01T00:00:00Z,1973-01-01T00:00:00Z,right
http://www.wikidata.org/entity/Q889,Afghanistan,AF,AFG,652230,41454761,63.673,0.478,2813571753,2001-01-01T00:00:00Z,1973-01-01T00:00:00Z,right
http://www.wikidata.org/entity/Q889,Afghanistan,AF,AFG,652230,41454761,63.673,0.478,14497243872,2022-01-01T00:00:00Z,1973-01-01T00:00:00Z,right
http://www.wikidata.org/entity/Q889,Afghanistan,AF,AFG,652230,41454761,63.673,0.478,20497128555,2014-01-01T00:00:00Z,1973-01-01T00:00:00Z,right
http://www.wikidata.org/entity/Q889,Afghanistan,AF,AFG,652230,41454761,63.673,0.478,19907329777,2012-01-01T00:00:00Z,1973-01-01T00:00:00Z,right
http://www.wikidata.org/entity/Q889,Afghanistan,AF,AFG,652230,41454761,63.673,0.478,12416152732,2009-01-01T00:00:00Z,1973-01-01T00:00:00Z,right
http://www.wikidata.org/entity/Q889,Afghanistan,AF,AFG,652230,41454761,63.673,0.478,3521418059,2000-01-01T00:00:00Z,1973-01-01T00:00:00Z,right
http://www.wikidata.org/entity/Q889,Afghanistan,AF,AFG,652230,41454761,63.673,0.478,14583135237,2021-01-01T00:00:00Z,1973-01-01T00:00:00Z,right
http://www.wikidata.org/entity/Q889,Afghanistan,AF,AFG,652230,41454761,63.673,0.478,18116572395,2016-01-01T00:00:00Z,1973-01-01T00:00:00Z,right
http://www.wikidata.org/entity/Q889,Afghanistan,AF,AFG,652230,41454761,63.673,0.478,6203256538,2005-01-01T00:00:00Z,1973-01-01T00:00:00Z,right
http://www.wikidata.org/entity/Q889,Afghanistan,AF,AFG,652230,41454761,63.673,0.478,20146416757,2013-01-01T00:00:00Z,1973-01-01T00:00:00Z,right
http://www.wikidata.org/entity/Q889,Afghanistan,AF,AFG,652230,41454761,63.673,0.478,14259995441,2021-01-01T00:00:00Z,1973-01-01T00:00:00Z,right
http://www.wikidata.org/entity/Q889,Afghanistan,AF,AFG,652230,41454761,63.673,0.478,17805098206,2011-01-01T00:00:00Z,1973-01-01T00:00:00Z,right
http://www.wikidata.org/entity/Q889,Afghanistan,AF,AFG,652230,41454761,63.673,0.478,17233051620,2023-01-01T00:00:00Z,1973-01-01T00:00:00Z,right
http://www.wikidata.org/entity/Q889,Afghanistan,AF,AFG,652230,41454761,63.673,0.478,18799444490,2019-01-01T00:00:00Z,1973-01-01T00:00:00Z,right
http://www.wikidata.org/entity/Q889,Afghanistan,AF,AFG,652230,41454761,63.673,0.478,9747886187,2007-01-01T00:00:00Z,1973-01-01T00:00:00Z,right
http://www.wikidata.org/entity/Q889,Afghanistan,AF,AFG,652230,41454761,63.673,0.478,15856668555,2010-01-01T00:00:00Z,1973-01-01T00:00:00Z,right
http://www.wikidata.org/entity/Q889,Afghanistan,AF,AFG,652230,41454761,63.673,0.478,18753456497,2017-01-01T00:00:00Z,1973-01-01T00:00:00Z,right
http://www.wikidata.org/entity/Q889,Afghanistan,AF,AFG,652230,41454761,63.673,0.478,6971758282,2006-01-01T00:00:00Z,1973-01-01T00:00:00Z,right
http://www.wikidata.org/entity/Q889,Afghanistan,AF,AFG,652230,41454761,63.673,0.478,5224896718,2004-01-01T00:00:00Z,1973-01-01T00:00:00Z,right
http://www.wikidata.org/entity/Q889,Afghanistan,AF,AFG,652230,41454761,63.673,0.478,10109297047,2008-01-01T00:00:00Z,1973-01-01T00:00:00Z,right
http://www.wikidata.org/entity/Q889,Afghanistan,AF,AFG,652230,41454761,63.673,0.478,19134221644,2015-01-01T00:00:00Z,1973-01-01T00:00:00Z,right
http://www.wikidata.org/entity/Q889,Afghanistan,AF,AFG,652230,41454761,63.673,0.478,4520946818,2003-01-01T00:00:00Z,1973-01-01T00:00:00Z,right
http://www.wikidata.org/entity/Q889,Afghanistan,AF,AFG,652230,41454761,63.673,0.478,3521418059,2000-01-01T00:00:00Z,1973-01-01T00:00:00Z,right
http://www.wikidata.org/entity/Q889,Afghanistan,AF,AFG,652230,41454761,63.673,0.478,19955929052,2020-01-01T00:00:00Z,1973-01-01T00:00:00Z,right
http://www.wikidata.org/entity/Q889,Afghanistan,AF,AFG,652230,41454761,63.673,0.478,18053222687,2018-01-01T00:00:00Z,1978-01-01T00:00:00Z,right
http://www.wikidata.org/entity/Q889,Afghanistan,AF,AFG,652230,41454761,63.673,0.478,3825701438,2002-01-01T00:00:00Z,1978-01-01T00:00:00Z,right
http://www.wikidata.org/entity/Q889,Afghanistan,AF,AFG,652230,41454761,63.673,0.478,2813571753,2001-01-01T00:00:00Z,1978-01-01T00:00:00Z,right
http://www.wikidata.org/entity/Q889,Afghanistan,AF,AFG,652230,41454761,63.673,0.478,14497243872,2022-01-01T00:00:00Z,1978-01-01T00:00:00Z,right
http://www.wikidata.org/entity/Q889,Afghanistan,AF,AFG,652230,41454761,63.673,0.478,20497128555,2014-01-01T00:00:00Z,1978-01-01T00:00:00Z,right
http://www.wikidata.org/entity/Q889,Afghanistan,AF,AFG,652230,41454761,63.673,0.478,19907329777,2012-01-01T00:00:00Z,1978-01-01T00:00:00Z,right
http://www.wikidata.org/entity/Q889,Afghanistan,AF,AFG,652230,41454761,63.673,0.478,12416152732,2009-01-01T00:00:00Z,1978-01-01T00:00:00Z,right
http://www.wikidata.org/entity/Q889,Afghanistan,AF,AFG,652230,41454761,63.673,0.478,3521418059,2000-01-01T00:00:00Z,1978-01-01T00:00:00Z,right
http://www.wikidata.org/entity/Q889,Afghanistan,AF,AFG,652230,41454761,63.673,0.478,14583135237,2021-01-01T00:00:00Z,1978-01-01T00:00:00Z,right
http://www.wikidata.org/entity/Q889,Afghanistan,AF,AFG,652230,41454761,63.673,0.478,18116572395,2016-01-01T00:00:00Z,1978-01-01T00:00:00Z,right
http://www.wikidata.org/entity/Q889,Afghanistan,AF,AFG,652230,41454761,63.673,0.478,6203256538,2005-01-01T00:00:00Z,1978-01-01T00:00:00Z,right
http://www.wikidata.org/entity/Q889,Afghanistan,AF,AFG,652230,41454761,63.673,0.478,20146416757,2013-01-01T00:00:00Z,1978-01-01T00:00:00Z,right
http://www.wikidata.org/entity/Q889,Afghanistan,AF,AFG,652230,41454761,63.673,0.478,14259995441,2021-01-01T00:00:00Z,1978-01-01T00:00:00Z,right
http://www.wikidata.org/entity/Q889,Afghanistan,AF,AFG,652230,41454761,63.673,0.478,17805098206,2011-01-01T00:00:00Z,1978-01-01T00:00:00Z,right
http://www.wikidata.org/entity/Q889,Afghanistan,AF,AFG,652230,41454761,63.673,0.478,17233051620,2023-01-01T00:00:00Z,1978-01-01T00:00:00Z,right
http://www.wikidata.org/entity/Q889,Afghanistan,AF,AFG,652230,41454761,63.673,0.478,18799444490,2019-01-01T00:00:00Z,1978-01-01T00:00:00Z,right
http://www.wikidata.org/entity/Q889,Afghanistan,AF,AFG,652230,41454761,63.673,0.478,9747886187,2007-01-01T00:00:00Z,1978-01-01T00:00:00Z,right
http://www.wikidata.org/entity/Q889,Afghanistan,AF,AFG,652230,41454761,63.673,0.478,15856668555,2010-01-01T00:00:00Z,1978-01-01T00:00:00Z,right
http://www.wikidata.org/entity/Q889,Afghanistan,AF,AFG,652230,41454761,63.673,0.478,18753456497,2017-01-01T00:00:00Z,1978-01-01T00:00:00Z,right
http://www.wikidata.org/entity/Q889,Afghanistan,AF,AFG,652230,41454761,63.673,0.478,6971758282,2006-01-01T00:00:00Z,1978-01-01T00:00:00Z,right
http://www.wikidata.org/entity/Q889,Afghanistan,AF,AFG,652230,41454761,63.673,0.478,5224896718,2004-01-01T00:00:00Z,1978-01-01T00:00:00Z,right
http://www.wikidata.org/entity/Q889,Afghanistan,AF,AFG,652230,41454761,63.673,0.478,10109297047,2008-01-01T00:00:00Z,1978-01-01T00:00:00Z,right
http://www.wikidata.org/entity/Q889,Afghanistan,AF,AFG,652230,41454761,63.673,0.478,19134221644,2015-01-01T00:00:00Z,1978-01-01T00:00:00Z,right
http://www.wikidata.org/entity/Q889,Afghanistan,AF,AFG,652230,41454761,63.673,0.478,4520946818,2003-01-01T00:00:00Z,1978-01-01T00:00:00Z,right
http://www.wikidata.org/entity/Q889,Afghanistan,AF,AFG,652230,41454761,63.673,0.478,3521418059,2000-01-01T00:00:00Z,1978-01-01T00:00:00Z,right
http://www.wikidata.org/entity/Q889,Afghanistan,AF,AFG,652230,41454761,63.673,0.478,19955929052,2020-01-01T00:00:00Z,1978-01-01T00:00:00Z,right
http://www.wikidata.org/entity/Q889,Afghanistan,AF,AFG,652230,41454761,63.673,0.478,18053222687,2018-01-01T00:00:00Z,1992-01-01T00:00:00Z,right
http://www.wikidata.org/entity/Q889,Afghanistan,AF,AFG,652230,41454761,63.673,0.478,3825701438,2002-01-01T00:00:00Z,1992-01-01T00:00:00Z,right
http://www.wikidata.org/entity/Q889,Afghanistan,AF,AFG,652230,41454761,63.673,0.478,2813571753,2001-01-01T00:00:00Z,1992-01-01T00:00:00Z,right
http://www.wikidata.org/entity/Q889,Afghanistan,AF,AFG,652230,41454761,63.673,0.478,14497243872,2022-01-01T00:00:00Z,1992-01-01T00:00:00Z,right
http://www.wikidata.org/entity/Q889,Afghanistan,AF,AFG,652230,41454761,63.673,0.478,20497128555,2014-01-01T00:00:00Z,1992-01-01T00:00:00Z,right
http://www.wikidata.org/entity/Q889,Afghanistan,AF,AFG,652230,41454761,63.673,0.478,19907329777,2012-01-01T00:00:00Z,1992-01-01T00:00:00Z,right
http://www.wikidata.org/entity/Q889,Afghanistan,AF,AFG,652230,41454761,63.673,0.478,12416152732,2009-01-01T00:00:00Z,1992-01-01T00:00:00Z,right
http://www.wikidata.org/entity/Q889,Afghanistan,AF,AFG,652230,41454761,63.673,0.478,3521418059,2000-01-01T00:00:00Z,1992-01-01T00:00:00Z,right
http://www.wikidata.org/entity/Q889,Afghanistan,AF,AFG,652230,41454761,63.673,0.478,14583135237,2021-01-01T00:00:00Z,1992-01-01T00:00:00Z,right
http://www.wikidata.org/entity/Q889,Afghanistan,AF,AFG,652230,41454761,63.673,0.478,18116572395,2016-01-01T00:00:00Z,1992-01-01T00:00:00Z,right
http://www.wikidata.org/entity/Q889,Afghanistan,AF,AFG,652230,41454761,63.673,0.478,6203256538,2005-01-01T00:00:00Z,1992-01-01T00:00:00Z,right
http://www.wikidata.org/entity/Q889,Afghanistan,AF,AFG,652230,41454761,63.673,0.478,20146416757,2013-01-01T00:00:00Z,1992-01-01T00:00:00Z,right
http://www.wikidata.org/entity/Q889,Afghanistan,AF,AFG,652230,41454761,63.673,0.478,14259995441,2021-01-01T00:00:00Z,1992-01-01T00:00:00Z,right
http://www.wikidata.org/entity/Q889,Afghanistan,AF,AFG,652230,41454761,63.673,0.478,17805098206,2011-01-01T00:00:00Z,1992-01-01T00:00:00Z,right
http://www.wikidata.org/entity/Q889,Afghanistan,AF,AFG,652230,41454761,63.673,0.478,17233051620,2023-01-01T00:00:00Z,1992-01-01T00:00:00Z,right
http://www.wikidata.org/entity/Q889,Afghanistan,AF,AFG,652230,41454761,63.673,0.478,18799444490,2019-01-01T00:00:00Z,1992-01-01T00:00:00Z,right
http://www.wikidata.org/entity/Q889,Afghanistan,AF,AFG,652230,41454761,63.673,0.478,9747886187,2007-01-01T00:00:00Z,1992-01-01T00:00:00Z,right
http://www.wikidata.org/entity/Q889,Afghanistan,AF,AFG,652230,41454761,63.673,0.478,15856668555,2010-01-01T00:00:00Z,1992-01-01T00:00:00Z,right
http://www.wikidata.org/entity/Q889,Afghanistan,AF,AFG,652230,41454761,63.673,0.478,18753456497,2017-01-01T00:00:00Z,1992-01-01T00:00:00Z,right
http://www.wikidata.org/entity/Q889,Afghanistan,AF,AFG,652230,41454761,63.673,0.478,6971758282,2006-01-01T00:00:00Z,1992-01-01T00:00:00Z,right
http://www.wikidata.org/entity/Q889,Afghanistan,AF,AFG,652230,41454761,63.673,0.478,5224896718,2004-01-01T00:00:00Z,1992-01-01T00:00:00Z,right
http://www.wikidata.org/entity/Q889,Afghanistan,AF,AFG,652230,41454761,63.673,0.478,10109297047,2008-01-01T00:00:00Z,1992-01-01T00:00:00Z,right
http://www.wikidata.org/entity/Q889,Afghanistan,AF,AFG,652230,41454761,63.673,0.478,19134221644,2015-01-01T00:00:00Z,1992-01-01T00:00:00Z,right
http://www.wikidata.org/entity/Q889,Afghanistan,AF,AFG,652230,41454761,63.673,0.478,4520946818,2003-01-01T00:00:00Z,1992-01-01T00:00:00Z,right
http://www.wikidata.org/entity/Q889,Afghanistan,AF,AFG,652230,41454761,63.673,0.478,3521418059,2000-01-01T00:00:00Z,1992-01-01T00:00:00Z,right
http://www.wikidata.org/entity/Q889,Afghanistan,AF,AFG,652230,41454761,63.673,0.478,19955929052,2020-01-01T00:00:00Z,1992-01-01T00:00:00Z,right
http://www.wikidata.org/entity/Q889,Afghanistan,AF,AFG,652230,41454761,63.673,0.478,18053222687,2018-01-01T00:00:00Z,1996-01-01T00:00:00Z,right
http://www.wikidata.org/entity/Q889,Afghanistan,AF,AFG,652230,41454761,63.673,0.478,3825701438,2002-01-01T00:00:00Z,1996-01-01T00:00:00Z,right
http://www.wikidata.org/entity/Q889,Afghanistan,AF,AFG,652230,41454761,63.673,0.478,2813571753,2001-01-01T00:00:00Z,1996-01-01T00:00:00Z,right
http://www.wikidata.org/entity/Q889,Afghanistan,AF,AFG,652230,41454761,63.673,0.478,14497243872,2022-01-01T00:00:00Z,1996-01-01T00:00:00Z,right
http://www.wikidata.org/entity/Q889,Afghanistan,AF,AFG,652230,41454761,63.673,0.478,20497128555,2014-01-01T00:00:00Z,1996-01-01T00:00:00Z,right
http://www.wikidata.org/entity/Q889,Afghanistan,AF,AFG,652230,41454761,63.673,0.478,19907329777,2012-01-01T00:00:00Z,1996-01-01T00:00:00Z,right
http://www.wikidata.org/entity/Q889,Afghanistan,AF,AFG,652230,41454761,63.673,0.478,12416152732,2009-01-01T00:00:00Z,1996-01-01T00:00:00Z,right
http://www.wikidata.org/entity/Q889,Afghanistan,AF,AFG,652230,41454761,63.673,0.478,3521418059,2000-01-01T00:00:00Z,1996-01-01T00:00:00Z,right
http://www.wikidata.org/entity/Q889,Afghanistan,AF,AFG,652230,41454761,63.673,0.478,14583135237,2021-01-01T00:00:00Z,1996-01-01T00:00:00Z,right
http://www.wikidata.org/entity/Q889,Afghanistan,AF,AFG,652230,41454761,63.673,0.478,18116572395,2016-01-01T00:00:00Z,1996-01-01T00:00:00Z,right
http://www.wikidata.org/entity/Q889,Afghanistan,AF,AFG,652230,41454761,63.673,0.478,6203256538,2005-01-01T00:00:00Z,1996-01-01T00:00:00Z,right
http://www.wikidata.org/entity/Q889,Afghanistan,AF,AFG,652230,41454761,63.673,0.478,20146416757,2013-01-01T00:00:00Z,1996-01-01T00:00:00Z,right
http://www.wikidata.org/entity/Q889,Afghanistan,AF,AFG,652230,41454761,63.673,0.478,14259995441,2021-01-01T00:00:00Z,1996-01-01T00:00:00Z,right
http://www.wikidata.org/entity/Q889,Afghanistan,AF,AFG,652230,41454761,63.673,0.478,17805098206,2011-01-01T00:00:00Z,1996-01-01T00:00:00Z,right
http://www.wikidata.org/entity/Q889,Afghanistan,AF,AFG,652230,41454761,63.673,0.478,17233051620,2023-01-01T00:00:00Z,1996-01-01T00:00:00Z,right
http://www.wikidata.org/entity/Q889,Afghanistan,AF,AFG,652230,41454761,63.673,0.478,18799444490,2019-01-01T00:00:00Z,1996-01-01T00:00:00Z,right
http://www.wikidata.org/entity/Q889,Afghanistan,AF,AFG,652230,41454761,63.673,0.478,9747886187,2007-01-01T00:00:00Z,1996-01-01T00:00:00Z,right
http://www.wikidata.org/entity/Q889,Afghanistan,AF,AFG,652230,41454761,63.673,0.478,15856668555,2010-01-01T00:00:00Z,1996-01-01T00:00:00Z,right
http://www.wikidata.org/entity/Q889,Afghanistan,AF,AFG,652230,41454761,63.673,0.478,18753456497,2017-01-01T00:00:00Z,1996-01-01T00:00:00Z,right
http://www.wikidata.org/entity/Q889,Afghanistan,AF,AFG,652230,41454761,63.673,0.478,6971758282,2006-01-01T00:00:00Z,1996-01-01T00:00:00Z,right
http://www.wikidata.org/entity/Q889,Afghanistan,AF,AFG,652230,41454761,63.673,0.478,5224896718,2004-01-01T00:00:00Z,1996-01-01T00:00:00Z,right
http://www.wikidata.org/entity/Q889,Afghanistan,AF,AFG,652230,41454761,63.673,0.478,10109297047,2008-01-01T00:00:00Z,1996-01-01T00:00:00Z,right
http://www.wikidata.org/entity/Q889,Afghanistan,AF,AFG,652230,41454761,63.673,0.478,19134221644,2015-01-01T00:00:00Z,1996-01-01T00:00:00Z,right
http://www.wikidata.org/entity/Q889,Afghanistan,AF,AFG,652230,41454761,63.673,0.478,4520946818,2003-01-01T00:00:00Z,1996-01-01T00:00:00Z,right
http://www.wikidata.org/entity/Q889,Afghanistan,AF,AFG,652230,41454761,63.673,0.478,3521418059,2000-01-01T00:00:00Z,1996-01-01T00:00:00Z,right
http://www.wikidata.org/entity/Q889,Afghanistan,AF,AFG,652230,41454761,63.673,0.478,19955929052,2020-01-01T00:00:00Z,1996-01-01T00:00:00Z,right
http://www.wikidata.org/entity/Q889,Afghanistan,AF,AFG,652230,41454761,63.673,0.478,18053222687,2018-01-01T00:00:00Z,2002-01-01T00:00:00Z,right
http://www.wikidata.org/entity/Q889,Afghanistan,AF,AFG,652230,41454761,63.673,0.478,3825701438,2002-01-01T00:00:00Z,2002-01-01T00:00:00Z,right
http://www.wikidata.org/entity/Q889,Afghanistan,AF,AFG,652230,41454761,63.673,0.478,2813571753,2001-01-01T00:00:00Z,2002-01-01T00:00:00Z,right
http://www.wikidata.org/entity/Q889,Afghanistan,AF,AFG,652230,41454761,63.673,0.478,14497243872,2022-01-01T00:00:00Z,2002-01-01T00:00:00Z,right
http://www.wikidata.org/entity/Q889,Afghanistan,AF,AFG,652230,41454761,63.673,0.478,20497128555,2014-01-01T00:00:00Z,2002-01-01T00:00:00Z,right
http://www.wikidata.org/entity/Q889,Afghanistan,AF,AFG,652230,41454761,63.673,0.478,19907329777,2012-01-01T00:00:00Z,2002-01-01T00:00:00Z,right
http://www.wikidata.org/entity/Q889,Afghanistan,AF,AFG,652230,41454761,63.673,0.478,12416152732,2009-01-01T00:00:00Z,2002-01-01T00:00:00Z,right
http://www.wikidata.org/entity/Q889,Afghanistan,AF,AFG,652230,41454761,63.673,0.478,3521418059,2000-01-01T00:00:00Z,2002-01-01T00:00:00Z,right
http://www.wikidata.org/entity/Q889,Afghanistan,AF,AFG,652230,41454761,63.673,0.478,14583135237,2021-01-01T00:00:00Z,2002-01-01T00:00:00Z,right
http://www.wikidata.org/entity/Q889,Afghanistan,AF,AFG,652230,41454761,63.673,0.478,18116572395,2016-01-01T00:00:00Z,2002-01-01T00:00:00Z,right
http://www.wikidata.org/entity/Q889,Afghanistan,AF,AFG,652230,41454761,63.673,0.478,6203256538,2005-01-01T00:00:00Z,2002-01-01T00:00:00Z,right
http://www.wikidata.org/entity/Q889,Afghanistan,AF,AFG,652230,41454761,63.673,0.478,20146416757,2013-01-01T00:00:00Z,2002-01-01T00:00:00Z,right
http://www.wikidata.org/entity/Q889,Afghanistan,AF,AFG,652230,41454761,63.673,0.478,14259995441,2021-01-01T00:00:00Z,2002-01-01T00:00:00Z,right
http://www.wikidata.org/entity/Q889,Afghanistan,AF,AFG,652230,41454761,63.673,0.478,17805098206,2011-01-01T00:00:00Z,2002-01-01T00:00:00Z,right
http://www.wikidata.org/entity/Q889,Afghanistan,AF,AFG,652230,41454761,63.673,0.478,17233051620,2023-01-01T00:00:00Z,2002-01-01T00:00:00Z,right
http://www.wikidata.org/entity/Q889,Afghanistan,AF,AFG,652230,41454761,63.673,0.478,18799444490,2019-01-01T00:00:00Z,2002-01-01T00:00:00Z,right
http://www.wikidata.org/entity/Q889,Afghanistan,AF,AFG,652230,41454761,63.673,0.478,9747886187,2007-01-01T00:00:00Z,2002-01-01T00:00:00Z,right
http://www.wikidata.org/entity/Q889,Afghanistan,AF,AFG,652230,41454761,63.673,0.478,15856668555,2010-01-01T00:00:00Z,2002-01-01T00:00:00Z,right
http://www.wikidata.org/entity/Q889,Afghanistan,AF,AFG,652230,41454761,63.673,0.478,18753456497,2017-01-01T00:00:00Z,2002-01-01T00:00:00Z,right
http://www.wikidata.org/entity/Q889,Afghanistan,AF,AFG,652230,41454761,63.673,0.478,6971758282,2006-01-01T00:00:00Z,2002-01-01T00:00:00Z,right
http://www.wikidata.org/entity/Q889,Afghanistan,AF,AFG,652230,41454761,63.673,0.478,5224896718,2004-01-01T00:00:00Z,2002-01-01T00:00:00Z,right
http://www.wikidata.org/entity/Q889,Afghanistan,AF,AFG,652230,41454761,63.673,0.478,10109297047,2008-01-01T00:00:00Z,2002-01-01T00:00:00Z,right
http://www.wikidata.org/entity/Q889,Afghanistan,AF,AFG,652230,41454761,63.673,0.478,19134221644,2015-01-01T00:00:00Z,2002-01-01T00:00:00Z,right
http://www.wikidata.org/entity/Q889,Afghanistan,AF,AFG,652230,41454761,63.673,0.478,4520946818,2003-01-01T00:00:00Z,2002-01-01T00:00:00Z,right
http://www.wikidata.org/entity/Q889,Afghanistan,AF,AFG,652230,41454761,63.673,0.478,3521418059,2000-01-01T00:00:00Z,2002-01-01T00:00:00Z,right
http://www.wikidata.org/entity/Q889,Afghanistan,AF,AFG,652230,41454761,63.673,0.478,19955929052,2020-01-01T00:00:00Z,2002-01-01T00:00:00Z,right
http://www.wikidata.org/entity/Q889,Afghanistan,AF,AFG,652230,41454761,63.673,0.478,18053222687,2018-01-01T00:00:00Z,2004-01-01T00:00:00Z,right
http://www.wikidata.org/entity/Q889,Afghanistan,AF,AFG,652230,41454761,63.673,0.478,3825701438,2002-01-01T00:00:00Z,2004-01-01T00:00:00Z,right
http://www.wikidata.org/entity/Q889,Afghanistan,AF,AFG,652230,41454761,63.673,0.478,2813571753,2001-01-01T00:00:00Z,2004-01-01T00:00:00Z,right
http://www.wikidata.org/entity/Q889,Afghanistan,AF,AFG,652230,41454761,63.673,0.478,14497243872,2022-01-01T00:00:00Z,2004-01-01T00:00:00Z,right
http://www.wikidata.org/entity/Q889,Afghanistan,AF,AFG,652230,41454761,63.673,0.478,20497128555,2014-01-01T00:00:00Z,2004-01-01T00:00:00Z,right
http://www.wikidata.org/entity/Q889,Afghanistan,AF,AFG,652230,41454761,63.673,0.478,19907329777,2012-01-01T00:00:00Z,2004-01-01T00:00:00Z,right
http://www.wikidata.org/entity/Q889,Afghanistan,AF,AFG,652230,41454761,63.673,0.478,12416152732,2009-01-01T00:00:00Z,2004-01-01T00:00:00Z,right
http://www.wikidata.org/entity/Q889,Afghanistan,AF,AFG,652230,41454761,63.673,0.478,3521418059,2000-01-01T00:00:00Z,2004-01-01T00:00:00Z,right
http://www.wikidata.org/entity/Q889,Afghanistan,AF,AFG,652230,41454761,63.673,0.478,14583135237,2021-01-01T00:00:00Z,2004-01-01T00:00:00Z,right
http://www.wikidata.org/entity/Q889,Afghanistan,AF,AFG,652230,41454761,63.673,0.478,18116572395,2016-01-01T00:00:00Z,2004-01-01T00:00:00Z,right
http://www.wikidata.org/entity/Q889,Afghanistan,AF,AFG,652230,41454761,63.673,0.478,6203256538,2005-01-01T00:00:00Z,2004-01-01T00:00:00Z,right
http://www.wikidata.org/entity/Q889,Afghanistan,AF,AFG,652230,41454761,63.673,0.478,20146416757,2013-01-01T00:00:00Z,2004-01-01T00:00:00Z,right
http://www.wikidata.org/entity/Q889,Afghanistan,AF,AFG,652230,41454761,63.673,0.478,14259995441,2021-01-01T00:00:00Z,2004-01-01T00:00:00Z,right
http://www.wikidata.org/entity/Q889,Afghanistan,AF,AFG,652230,41454761,63.673,0.478,17805098206,2011-01-01T00:00:00Z,2004-01-01T00:00:00Z,right
http://www.wikidata.org/entity/Q889,Afghanistan,AF,AFG,652230,41454761,63.673,0.478,17233051620,2023-01-01T00:00:00Z,2004-01-01T00:00:00Z,right
http://www.wikidata.org/entity/Q889,Afghanistan,AF,AFG,652230,41454761,63.673,0.478,18799444490,2019-01-01T00:00:00Z,2004-01-01T00:00:00Z,right
http://www.wikidata.org/entity/Q889,Afghanistan,AF,AFG,652230,41454761,63.673,0.478,9747886187,2007-01-01T00:00:00Z,2004-01-01T00:00:00Z,right
http://www.wikidata.org/entity/Q889,Afghanistan,AF,AFG,652230,41454761,63.673,0.478,15856668555,2010-01-01T00:00:00Z,2004-01-01T00:00:00Z,right
http://www.wikidata.org/entity/Q889,Afghanistan,AF,AFG,652230,41454761,63.673,0.478,18753456497,2017-01-01T00:00:00Z,2004-01-01T00:00:00Z,right
http://www.wikidata.org/entity/Q889,Afghanistan,AF,AFG,652230,41454761,63.673,0.478,6971758282,2006-01-01T00:00:00Z,2004-01-01T00:00:00Z,right
http://www.wikidata.org/entity/Q889,Afghanistan,AF,AFG,652230,41454761,63.673,0.478,5224896718,2004-01-01T00:00:00Z,2004-01-01T00:00:00Z,right
http://www.wikidata.org/entity/Q889,Afghanistan,AF,AFG,652230,41454761,63.673,0.478,10109297047,2008-01-01T00:00:00Z,2004-01-01T00:00:00Z,right
http://www.wikidata.org/entity/Q889,Afghanistan,AF,AFG,652230,41454761,63.673,0.478,19134221644,2015-01-01T00:00:00Z,2004-01-01T00:00:00Z,right
http://www.wikidata.org/entity/Q889,Afghanistan,AF,AFG,652230,41454761,63.673,0.478,4520946818,2003-01-01T00:00:00Z,2004-01-01T00:00:00Z,right
http://www.wikidata.org/entity/Q889,Afghanistan,AF,AFG,652230,41454761,63.673,0.478,3521418059,2000-01-01T00:00:00Z,2004-01-01T00:00:00Z,right
http://www.wikidata.org/entity/Q889,Afghanistan,AF,AFG,652230,41454761,63.673,0.478,19955929052,2020-01-01T00:00:00Z,2004-01-01T00:00:00Z,right
http://www.wikidata.org/entity/Q889,Afghanistan,AF,AFG,652230,41454761,63.673,0.478,18053222687,2018-01-01T00:00:00Z,2021-01-01T00:00:00Z,right
http://www.wikidata.org/entity/Q889,Afghanistan,AF,AFG,652230,41454761,63.673,0.478,3825701438,2002-01-01T00:00:00Z,2021-01-01T00:00:00Z,right
http://www.wikidata.org/entity/Q889,Afghanistan,AF,AFG,652230,41454761,63.673,0.478,2813571753,2001-01-01T00:00:00Z,2021-01-01T00:00:00Z,right
http://www.wikidata.org/entity/Q889,Afghanistan,AF,AFG,652230,41454761,63.673,0.478,14497243872,2022-01-01T00:00:00Z,2021-01-01T00:00:00Z,right
http://www.wikidata.org/entity/Q889,Afghanistan,AF,AFG,652230,41454761,63.673,0.478,20497128555,2014-01-01T00:00:00Z,2021-01-01T00:00:00Z,right
http://www.wikidata.org/entity/Q889,Afghanistan,AF,AFG,652230,41454761,63.673,0.478,19907329777,2012-01-01T00:00:00Z,2021-01-01T00:00:00Z,right
http://www.wikidata.org/entity/Q889,Afghanistan,AF,AFG,652230,41454761,63.673,0.478,12416152732,2009-01-01T00:00:00Z,2021-01-01T00:00:00Z,right
http://www.wikidata.org/entity/Q889,Afghanistan,AF,AFG,652230,41454761,63.673,0.478,3521418059,2000-01-01T00:00:00Z,2021-01-01T00:00:00Z,right
http://www.wikidata.org/entity/Q889,Afghanistan,AF,AFG,652230,41454761,63.673,0.478,14583135237,2021-01-01T00:00:00Z,2021-01-01T00:00:00Z,right
http://www.wikidata.org/entity/Q889,Afghanistan,AF,AFG,652230,41454761,63.673,0.478,18116572395,2016-01-01T00:00:00Z,2021-01-01T00:00:00Z,right
http://www.wikidata.org/entity/Q889,Afghanistan,AF,AFG,652230,41454761,63.673,0.478,6203256538,2005-01-01T00:00:00Z,2021-01-01T00:00:00Z,right
http://www.wikidata.org/entity/Q889,Afghanistan,AF,AFG,652230,41454761,63.673,0.478,20146416757,2013-01-01T00:00:00Z,2021-01-01T00:00:00Z,right
http://www.wikidata.org/entity/Q889,Afghanistan,AF,AFG,652230,41454761,63.673,0.478,14259995441,2021-01-01T00:00:00Z,2021-01-01T00:00:00Z,right
http://www.wikidata.org/entity/Q889,Afghanistan,AF,AFG,652230,41454761,63.673,0.478,17805098206,2011-01-01T00:00:00Z,2021-01-01T00:00:00Z,right
http://www.wikidata.org/entity/Q889,Afghanistan,AF,AFG,652230,41454761,63.673,0.478,17233051620,2023-01-01T00:00:00Z,2021-01-01T00:00:00Z,right
http://www.wikidata.org/entity/Q889,Afghanistan,AF,AFG,652230,41454761,63.673,0.478,18799444490,2019-01-01T00:00:00Z,2021-01-01T00:00:00Z,right
http://www.wikidata.org/entity/Q889,Afghanistan,AF,AFG,652230,41454761,63.673,0.478,9747886187,2007-01-01T00:00:00Z,2021-01-01T00:00:00Z,right
http://www.wikidata.org/entity/Q889,Afghanistan,AF,AFG,652230,41454761,63.673,0.478,15856668555,2010-01-01T00:00:00Z,2021-01-01T00:00:00Z,right
http://www.wikidata.org/entity/Q889,Afghanistan,AF,AFG,652230,41454761,63.673,0.478,18753456497,2017-01-01T00:00:00Z,2021-01-01T00:00:00Z,right
http://www.wikidata.org/entity/Q889,Afghanistan,AF,AFG,652230,41454761,63.673,0.478,6971758282,2006-01-01T00:00:00Z,2021-01-01T00:00:00Z,right
http://www.wikidata.org/entity/Q889,Afghanistan,AF,AFG,652230,41454761,63.673,0.478,5224896718,2004-01-01T00:00:00Z,2021-01-01T00:00:00Z,right
http://www.wikidata.org/entity/Q889,Afghanistan,AF,AFG,652230,41454761,63.673,0.478,10109297047,2008-01-01T00:00:00Z,2021-01-01T00:00:00Z,right
http://www.wikidata.org/entity/Q889,Afghanistan,AF,AFG,652230,41454761,63.673,0.478,19134221644,2015-01-01T00:00:00Z,2021-01-01T00:00:00Z,right
http://www.wikidata.org/entity/Q889,Afghanistan,AF,AFG,652230,41454761,63.673,0.478,4520946818,2003-01-01T00:00:00Z,2021-01-01T00:00:00Z,right
http://www.wikidata.org/entity/Q889,Afghanistan,AF,AFG,652230,41454761,63.673,0.478,3521418059,2000-01-01T00:00:00Z,2021-01-01T00:00:00Z,right
http://www.wikidata.org/entity/Q889,Afghanistan,AF,AFG,652230,41454761,63.673,0.478,19955929052,2020-01-01T00:00:00Z,2021-01-01T00:00:00Z,right
http://www.wikidata.org/entity/Q222,Albania,AL,ALB,28748,2811655,78.345,0.796,15379509891,2018-01-01T00:00:00Z,1912-11-28T00:00:00Z,right
http://www.wikidata.org/entity/Q222,Albania,AL,ALB,28748,2811655,78.345,0.796,2392764853,1995-01-01T00:00:00Z,1912-11-28T00:00:00Z,right
http://www.wikidata.org/entity/Q222,Albania,AL,ALB,28748,2811655,78.345,0.796,1185315468,1993-01-01T00:00:00Z,1912-11-28T00:00:00Z,right
http://www.wikidata.org/entity/Q222,Albania,AL,ALB,28748,2811655,78.345,0.796,12890760315,2011-01-01T00:00:00Z,1912-11-28T00:00:00Z,right
http://www.wikidata.org/entity/Q222,Albania,AL,ALB,28748,2811655,78.345,0.796,1578102105,1980-01-01T00:00:00Z,1912-11-28T00:00:00Z,right
http://www.wikidata.org/entity/Q222,Albania,AL,ALB,28748,2811655,78.345,0.796,12044205549,2009-01-01T00:00:00Z,1912-11-28T00:00:00Z,right
http://www.wikidata.org/entity/Q222,Albania,AL,ALB,28748,2811655,78.345,0.796,11861199830,2016-01-01T00:00:00Z,1912-11-28T00:00:00Z,right
http://www.wikidata.org/entity/Q222,Albania,AL,ALB,28748,2811655,78.345,0.796,2080796250,1987-01-01T00:00:00Z,1912-11-28T00:00:00Z,right
http://www.wikidata.org/entity/Q222,Albania,AL,ALB,28748,2811655,78.345,0.796,13019726211,2017-01-01T00:00:00Z,1912-11-28T00:00:00Z,right
http://www.wikidata.org/entity/Q222,Albania,AL,ALB,28748,2811655,78.345,0.796,2028553750,1990-01-01T00:00:00Z,1912-11-28T00:00:00Z,right
http://www.wikidata.org/entity/Q222,Albania,AL,ALB,28748,2811655,78.345,0.796,2051236250,1988-01-01T00:00:00Z,1912-11-28T00:00:00Z,right
http://www.wikidata.org/entity/Q222,Albania,AL,ALB,28748,2811655,78.345,0.796,5611496257,2003-01-01T00:00:00Z,1912-11-28T00:00:00Z,right
http://www.wikidata.org/entity/Q222,Albania,AL,ALB,28748,2811655,78.345,0.796,652174990,1992-01-01T00:00:00Z,1912-11-28T00:00:00Z,right
http://www.wikidata.org/entity/Q222,Albania,AL,ALB,28748,2811655,78.345,0.796,1881412587,1983-01-01T00:00:00Z,1912-11-28T00:00:00Z,right
http://www.wikidata.org/entity/Q222,Albania,AL,ALB,28748,2811655,78.345,0.796,3199640815,1996-01-01T00:00:00Z,1912-11-28T00:00:00Z,right
http://www.wikidata.org/entity/Q222,Albania,AL,ALB,28748,2811655,78.345,0.796,1880950864,1994-01-01T00:00:00Z,1912-11-28T00:00:00Z,right
http://www.wikidata.org/entity/Q222,Albania,AL,ALB,28748,2811655,78.345,0.796,4348068242,2002-01-01T00:00:00Z,1912-11-28T00:00:00Z,right
http://www.wikidata.org/entity/Q222,Albania,AL,ALB,28748,2811655,78.345,0.796,1861163170,1982-01-01T00:00:00Z,1912-11-28T00:00:00Z,right
http://www.wikidata.org/entity/Q222,Albania,AL,ALB,28748,2811655,78.345,0.796,18882095518,2022-01-01T00:00:00Z,1912-11-28T00:00:00Z,right
http://www.wikidata.org/entity/Q222,Albania,AL,ALB,28748,2811655,78.345,0.796,2545964540,1998-01-01T00:00:00Z,1912-11-28T00:00:00Z,right
http://www.wikidata.org/entity/Q222,Albania,AL,ALB,28748,2811655,78.345,0.796,7184685781,2004-01-01T00:00:00Z,1912-11-28T00:00:00Z,right
http://www.wikidata.org/entity/Q222,Albania,AL,ALB,28748,2811655,78.345,0.796,12881352893,2008-01-01T00:00:00Z,1912-11-28T00:00:00Z,right
http://www.wikidata.org/entity/Q222,Albania,AL,ALB,28748,2811655,78.345,0.796,19017242585,2022-01-01T00:00:00Z,1912-11-28T00:00:00Z,right
http://www.wikidata.org/entity/Q222,Albania,AL,ALB,28748,2811655,78.345,0.796,1897050116,1985-01-01T00:00:00Z,1912-11-28T00:00:00Z,right
http://www.wikidata.org/entity/Q222,Albania,AL,ALB,28748,2811655,78.345,0.796,3212121650,1999-01-01T00:00:00Z,1912-11-28T00:00:00Z,right
http://www.wikidata.org/entity/Q222,Albania,AL,ALB,28748,2811655,78.345,0.796,13228147516,2014-01-01T00:00:00Z,1912-11-28T00:00:00Z,right
http://www.wikidata.org/entity/Q222,Albania,AL,ALB,28748,2811655,78.345,0.796,8896075004,2006-01-01T00:00:00Z,1912-11-28T00:00:00Z,right
http://www.wikidata.org/entity/Q222,Albania,AL,ALB,28748,2811655,78.345,0.796,1857337995,1984-01-01T00:00:00Z,1912-11-28T00:00:00Z,right
http://www.wikidata.org/entity/Q222,Albania,AL,ALB,28748,2811655,78.345,0.796,15585105131,2019-01-01T00:00:00Z,1912-11-28T00:00:00Z,right
http://www.wikidata.org/entity/Q222,Albania,AL,ALB,28748,2811655,78.345,0.796,15241458744,2020-01-01T00:00:00Z,1912-11-28T00:00:00Z,right
http://www.wikidata.org/entity/Q222,Albania,AL,ALB,28748,2811655,78.345,0.796,2258513974,1997-01-01T00:00:00Z,1912-11-28T00:00:00Z,right
http://www.wikidata.org/entity/Q222,Albania,AL,ALB,28748,2811655,78.345,0.796,2097326250,1986-01-01T00:00:00Z,1912-11-28T00:00:00Z,right
http://www.wikidata.org/entity/Q222,Albania,AL,ALB,28748,2811655,78.345,0.796,2253090000,1989-01-01T00:00:00Z,1912-11-28T00:00:00Z,right
http://www.wikidata.org/entity/Q222,Albania,AL,ALB,28748,2811655,78.345,0.796,10677324852,2007-01-01T00:00:00Z,1912-11-28T00:00:00Z,right
http://www.wikidata.org/entity/Q222,Albania,AL,ALB,28748,2811655,78.345,0.796,11386853113,2015-01-01T00:00:00Z,1912-11-28T00:00:00Z,right
http://www.wikidata.org/entity/Q222,Albania,AL,ALB,28748,2811655,78.345,0.796,18032010563,2021-01-01T00:00:00Z,1912-11-28T00:00:00Z,right
http://www.wikidata.org/entity/Q222,Albania,AL,ALB,28748,2811655,78.345,0.796,23547179830,2023-01-01T00:00:00Z,1912-11-28T00:00:00Z,right
http://www.wikidata.org/entity/Q222,Albania,AL,ALB,28748,2811655,78.345,0.796,8052077248,2005-01-01T00:00:00Z,1912-11-28T00:00:00Z,right
http://www.wikidata.org/entity/Q222,Albania,AL,ALB,28748,2811655,78.345,0.796,17930565119,2021-01-01T00:00:00Z,1912-11-28T00:00:00Z,right
http://www.wikidata.org/entity/Q222,Albania,AL,ALB,28748,2811655,78.345,0.796,3480355258,2000-01-01T00:00:00Z,1912-11-28T00:00:00Z,right
http://www.wikidata.org/entity/Q222,Albania,AL,ALB,28748,2811655,78.345,0.796,1099559027,1991-01-01T00:00:00Z,1912-11-28T00:00:00Z,right
http://www.wikidata.org/entity/Q222,Albania,AL,ALB,28748,2811655,78.345,0.796,11926926615,2010-01-01T00:00:00Z,1912-11-28T00:00:00Z,right
http://www.wikidata.org/entity/Q222,Albania,AL,ALB,28748,2811655,78.345,0.796,1808177156,1981-01-01T00:00:00Z,1912-11-28T00:00:00Z,right
http://www.wikidata.org/entity/Q222,Albania,AL,ALB,28748,2811655,78.345,0.796,12776224496,2013-01-01T00:00:00Z,1912-11-28T00:00:00Z,right
http://www.wikidata.org/entity/Q222,Albania,AL,ALB,28748,2811655,78.345,0.796,3922100793,2001-01-01T00:00:00Z,1912-11-28T00:00:00Z,right
http://www.wikidata.org/entity/Q222,Albania,AL,ALB,28748,2811655,78.345,0.796,12319834195,2012-01-01T00:00:00Z,1912-11-28T00:00:00Z,right
http://www.wikidata.org/entity/Q262,Algeria,DZ,DZA,2381741,46164219,77.13,0.745,191912889421,2022-01-01T00:00:00Z,1962-07-03T00:00:00Z,right
http://www.wikidata.org/entity/Q262,Algeria,DZ,DZA,2381741,46164219,77.13,0.745,163472233246,2021-01-01T00:00:00Z,1962-07-03T00:00:00Z,right
http://www.wikidata.org/entity/Q228,Andorra,AD,AND,468,87486,,0.884,3352032737,2022-01-01T00:00:00Z,1278-01-01T00:00:00Z,right
http://www.wikidata.org/entity/Q228,Andorra,AD,AND,468,87486,,0.884,3325145407,2021-01-01T00:00:00Z,1278-01-01T00:00:00Z,right
http://www.wikidata.org/entity/Q228,Andorra,AD,AND,468,87486,,0.884,3352032737,2022-01-01T00:00:00Z,1715-01-01T00:00:00Z,right
http://www.wikidata.org/entity/Q228,Andorra,AD,AND,468,87486,,0.884,3325145407,2021-01-01T00:00:00Z,1715-01-01T00:00:00Z,right
http://www.wikidata.org/entity/Q228,Andorra,AD,AND,468,87486,,0.884,3352032737,2022-01-01T00:00:00Z,1993-01-01T00:00:00Z,right
http://www.wikidata.org/entity/Q228,Andorra,AD,AND,468,87486,,0.884,3325145407,2021-01-01T00:00:00Z,1993-01-01T00:00:00Z,right
http://www.wikidata.org/entity/Q916,Angola,AO,AGO,1246700,36749906,61.547,0.586,135966802586,2014-01-01T00:00:00Z,1992-08-25T00:00:00Z,right
http://www.wikidata.org/entity/Q916,Angola,AO,AGO,1246700,36749906,61.547,0.586,8307810973,1992-01-01T00:00:00Z,1992-08-25T00:00:00Z,right
http://www.wikidata.org/entity/Q916,Angola,AO,AGO,1246700,36749906,61.547,0.586,17812704586,2003-01-01T00:00:00Z,1992-08-25T00:00:00Z,right
http://www.wikidata.org/entity/Q916,Angola,AO,AGO,1246700,36749906,61.547,0.586,9129594970,2000-01-01T00:00:00Z,1992-08-25T00:00:00Z,right
http://www.wikidata.org/entity/Q916,Angola,AO,AGO,1246700,36749906,61.547,0.586,52761617225,2016-01-01T00:00:00Z,1992-08-25T00:00:00Z,right
http://www.wikidata.org/entity/Q916,Angola,AO,AGO,1246700,36749906,61.547,0.586,79450688259,2018-01-01T00:00:00Z,1992-08-25T00:00:00Z,right
http://www.wikidata.org/entity/Q916,Angola,AO,AGO,1246700,36749906,61.547,0.586,15285592370,2002-01-01T00:00:00Z,1992-08-25T00:00:00Z,right
http://www.wikidata.org/entity/Q916,Angola,AO,AGO,1246700,36749906,61.547,0.586,66505129987,2021-01-01T00:00:00Z,1992-08-25T00:00:00Z,right
http://www.wikidata.org/entity/Q916,Angola,AO,AGO,1246700,36749906,61.547,0.586,90496420506,2015-01-01T00:00:00Z,1992-08-25T00:00:00Z,right
http://www.wikidata.org/entity/Q916,Angola,AO,AGO,1246700,36749906,61.547,0.586,70307196181,2009-01-01T00:00:00Z,1992-08-25T00:00:00Z,right
http://www.wikidata.org/entity/Q916,Angola,AO,AGO,1246700,36749906,61.547,0.586,36970900883,2005-01-01T00:00:00Z,1992-08-25T00:00:00Z,right
http://www.wikidata.org/entity/Q916,Angola,AO,AGO,1246700,36749906,61.547,0.586,8769836768,1988-01-01T00:00:00Z,1992-08-25T00:00:00Z,right
http://www.wikidata.org/entity/Q916,Angola,AO,AGO,1246700,36749906,61.547,0.586,5768720421,1993-01-01T00:00:00Z,1992-08-25T00:00:00Z,right
http://www.wikidata.org/entity/Q916,Angola,AO,AGO,1246700,36749906,61.547,0.586,5538749259,1995-01-01T00:00:00Z,1992-08-25T00:00:00Z,right
http://www.wikidata.org/entity/Q916,Angola,AO,AGO,1246700,36749906,61.547,0.586,128052915766,2012-01-01T00:00:00Z,1992-08-25T00:00:00Z,right
http://www.wikidata.org/entity/Q916,Angola,AO,AGO,1246700,36749906,61.547,0.586,7526446605,1996-01-01T00:00:00Z,1992-08-25T00:00:00Z,right
http://www.wikidata.org/entity/Q916,Angola,AO,AGO,1246700,36749906,61.547,0.586,6131475065,1984-01-01T00:00:00Z,1992-08-25T00:00:00Z,right
http://www.wikidata.org/entity/Q916,Angola,AO,AGO,1246700,36749906,61.547,0.586,83799474069,2010-01-01T00:00:00Z,1992-08-25T00:00:00Z,right
http://www.wikidata.org/entity/Q916,Angola,AO,AGO,1246700,36749906,61.547,0.586,11229515599,1990-01-01T00:00:00Z,1992-08-25T00:00:00Z,right
http://www.wikidata.org/entity/Q916,Angola,AO,AGO,1246700,36749906,61.547,0.586,6152923310,1999-01-01T00:00:00Z,1992-08-25T00:00:00Z,right
http://www.wikidata.org/entity/Q916,Angola,AO,AGO,1246700,36749906,61.547,0.586,70897962732,2019-01-01T00:00:00Z,1992-08-25T00:00:00Z,right
http://www.wikidata.org/entity/Q916,Angola,AO,AGO,1246700,36749906,61.547,0.586,4438321017,1994-01-01T00:00:00Z,1992-08-25T00:00:00Z,right
http://www.wikidata.org/entity/Q916,Angola,AO,AGO,1246700,36749906,61.547,0.586,52381025141,2006-01-01T00:00:00Z,1992-08-25T00:00:00Z,right
http://www.wikidata.org/entity/Q916,Angola,AO,AGO,1246700,36749906,61.547,0.586,8936079117,2001-01-01T00:00:00Z,1992-08-25T00:00:00Z,right
http://www.wikidata.org/entity/Q916,Angola,AO,AGO,1246700,36749906,61.547,0.586,104399746853,2022-01-01T00:00:00Z,1992-08-25T00:00:00Z,right
http://www.wikidata.org/entity/Q916,Angola,AO,AGO,1246700,36749906,61.547,0.586,23552057679,2004-01-01T00:00:00Z,1992-08-25T00:00:00Z,right
http://www.wikidata.org/entity/Q916,Angola,AO,AGO,1246700,36749906,61.547,0.586,48501561203,2020-01-01T00:00:00Z,1992-08-25T00:00:00Z,right
http://www.wikidata.org/entity/Q916,Angola,AO,AGO,1246700,36749906,61.547,0.586,5784341596,1983-01-01T00:00:00Z,1992-08-25T00:00:00Z,right
http://www.wikidata.org/entity/Q916,Angola,AO,AGO,1246700,36749906,61.547,0.586,5930503400,1980-01-01T00:00:00Z,1992-08-25T00:00:00Z,right
http://www.wikidata.org/entity/Q916,Angola,AO,AGO,1246700,36749906,61.547,0.586,7554065410,1985-01-01T00:00:00Z,1992-08-25T00:00:00Z,right
http://www.wikidata.org/entity/Q916,Angola,AO,AGO,1246700,36749906,61.547,0.586,88538665084,2008-01-01T00:00:00Z,1992-08-25T00:00:00Z,right
http://www.wikidata.org/entity/Q916,Angola,AO,AGO,1246700,36749906,61.547,0.586,5550483035,1982-01-01T00:00:00Z,1992-08-25T00:00:00Z,right
http://www.wikidata.org/entity/Q916,Angola,AO,AGO,1246700,36749906,61.547,0.586,5550483035,1981-01-01T00:00:00Z,1992-08-25T00:00:00Z,right
http://www.wikidata.org/entity/Q916,Angola,AO,AGO,1246700,36749906,61.547,0.586,73690154990,2017-01-01T00:00:00Z,1992-08-25T00:00:00Z,right
http://www.wikidata.org/entity/Q916,Angola,AO,AGO,1246700,36749906,61.547,0.586,7072536108,1986-01-01T00:00:00Z,1992-08-25T00:00:00Z,right
http://www.wikidata.org/entity/Q916,Angola,AO,AGO,1246700,36749906,61.547,0.586,8084412414,1987-01-01T00:00:00Z,1992-08-25T00:00:00Z,right
http://www.wikidata.org/entity/Q916,Angola,AO,AGO,1246700,36749906,61.547,0.586,7648377412,1997-01-01T00:00:00Z,1992-08-25T00:00:00Z,right
http://www.wikidata.org/entity/Q916,Angola,AO,AGO,1246700,36749906,61.547,0.586,132339109040,2013-01-01T00:00:00Z,1992-08-25T00:00:00Z,right
http://www.wikidata.org/entity/Q916,Angola,AO,AGO,1246700,36749906,61.547,0.586,10603784541,1991-01-01T00:00:00Z,1992-08-25T00:00:00Z,right
http://www.wikidata.org/entity/Q916,Angola,AO,AGO,1246700,36749906,61.547,0.586,10201780976,1989-01-01T00:00:00Z,1992-08-25T00:00:00Z,right
http://www.wikidata.org/entity/Q916,Angola,AO,AGO,1246700,36749906,61.547,0.586,6506229607,1998-01-01T00:00:00Z,1992-08-25T00:00:00Z,right
http://www.wikidata.org/entity/Q916,Angola,AO,AGO,1246700,36749906,61.547,0.586,65266415494,2007-01-01T00:00:00Z,1992-08-25T00:00:00Z,right
http://www.wikidata.org/entity/Q916,Angola,AO,AGO,1246700,36749906,61.547,0.586,84824654481,2023-01-01T00:00:00Z,1992-08-25T00:00:00Z,right
http://www.wikidata.org/entity/Q916,Angola,AO,AGO,1246700,36749906,61.547,0.586,111789747670,2011-01-01T00:00:00Z,1992-08-25T00:00:00Z,right
http://www.wikidata.org/entity/Q781,Antigua and Barbuda,AG,ATG,440.29,101489,79,0.851,1757603704,2022-01-01T00:00:00Z,1981-11-01T00:00:00Z,left
http://www.wikidata.org/entity/Q781,Antigua and Barbuda,AG,ATG,440.29,101489,79,0.851,1560518519,2021-01-01T00:00:00Z,1981-11-01T00:00:00Z,left
http://www.wikidata.org/entity/Q414,Argentina,AR,ARG,2780400,47327407,76,0.842,552025140252,2013-01-01T00:00:00Z,1816-07-09T00:00:00Z,left
http://www.wikidata.org/entity/Q414,Argentina,AR,ARG,2780400,47327407,76,0.842,526319673731,2014-01-01T00:00:00Z,1816-07-09T00:00:00Z,left
http://www.wikidata.org/entity/Q414,Argentina,AR,ARG,2780400,47327407,76,0.842,189719984268,1991-01-01T00:00:00Z,1816-07-09T00:00:00Z,left
http://www.wikidata.org/entity/Q414,Argentina,AR,ARG,2780400,47327407,76,0.842,292859000000,1997-01-01T00:00:00Z,1816-07-09T00:00:00Z,left
http://www.wikidata.org/entity/Q414,Argentina,AR,ARG,2780400,47327407,76,0.842,26436857247,1968-01-01T00:00:00Z,1816-07-09T00:00:00Z,left
http://www.wikidata.org/entity/Q414,Argentina,AR,ARG,2780400,47327407,76,0.842,385740508436,2020-01-01T00:00:00Z,1816-07-09T00:00:00Z,left
http://www.wikidata.org/entity/Q414,Argentina,AR,ARG,2780400,47327407,76,0.842,88150891728,1985-01-01T00:00:00Z,1816-07-09T00:00:00Z,left
http://www.wikidata.org/entity/Q414,Argentina,AR,ARG,2780400,47327407,76,0.842,487227125386,2021-01-01T00:00:00Z,1816-07-09T00:00:00Z,left
http://www.wikidata.org/entity/Q414,Argentina,AR,ARG,2780400,47327407,76,0.842,557532320662,2016-01-01T00:00:00Z,1816-07-09T00:00:00Z,left
http://www.wikidata.org/entity/Q414,Argentina,AR,ARG,2780400,47327407,76,0.842,164657930452,2004-01-01T00:00:00Z,1816-07-09T00:00:00Z,left
http://www.wikidata.org/entity/Q414,Argentina,AR,ARG,2780400,47327407,76,0.842,298948250000,1998-01-01T00:00:00Z,1816-07-09T00:00:00Z,left
http://www.wikidata.org/entity/Q414,Argentina,AR,ARG,2780400,47327407,76,0.842,34733000536,1972-01-01T00:00:00Z,1816-07-09T00:00:00Z,left
http://www.wikidata.org/entity/Q414,Argentina,AR,ARG,2780400,47327407,76,0.842,31256284543,1969-01-01T00:00:00Z,1816-07-09T00:00:00Z,left
http://www.wikidata.org/entity/Q414,Argentina,AR,ARG,2780400,47327407,76,0.842,116915052107,1984-01-01T00:00:00Z,1816-07-09T00:00:00Z,left
http://www.wikidata.org/entity/Q414,Argentina,AR,ARG,2780400,47327407,76,0.842,287530508430,2007-01-01T00:00:00Z,1816-07-09T00:00:00Z,left
http://www.wikidata.org/entity/Q414,Argentina,AR,ARG,2780400,47327407,76,0.842,646075277525,2023-01-01T00:00:00Z,1816-07-09T00:00:00Z,left
http://www.wikidata.org/entity/Q414,Argentina,AR,ARG,2780400,47327407,76,0.842,127586973492,2003-01-01T00:00:00Z,1816-07-09T00:00:00Z,left
http://www.wikidata.org/entity/Q414,Argentina,AR,ARG,2780400,47327407,76,0.842,76629728760,1989-01-01T00:00:00Z,1816-07-09T00:00:00Z,left
http://www.wikidata.org/entity/Q414,Argentina,AR,ARG,2780400,47327407,76,0.842,31584210365,1970-01-01T00:00:00Z,1816-07-09T00:00:00Z,left
http://www.wikidata.org/entity/Q414,Argentina,AR,ARG,2780400,47327407,76,0.842,72436777342,1974-01-01T00:00:00Z,1816-07-09T00:00:00Z,left
http://www.wikidata.org/entity/Q414,Argentina,AR,ARG,2780400,47327407,76,0.842,643628393281,2017-01-01T00:00:00Z,1816-07-09T00:00:00Z,left
http://www.wikidata.org/entity/Q414,Argentina,AR,ARG,2780400,47327407,76,0.842,24256667553,1967-01-01T00:00:00Z,1816-07-09T00:00:00Z,left
http://www.wikidata.org/entity/Q414,Argentina,AR,ARG,2780400,47327407,76,0.842,272149750000,1996-01-01T00:00:00Z,1816-07-09T00:00:00Z,left
http://www.wikidata.org/entity/Q414,Argentina,AR,ARG,2780400,47327407,76,0.842,236741715015,1993-01-01T00:00:00Z,1816-07-09T00:00:00Z,left
http://www.wikidata.org/entity/Q414,Argentina,AR,ARG,2780400,47327407,76,0.842,103979106777,1983-01-01T00:00:00Z,1816-07-09T00:00:00Z,left
http://www.wikidata.org/entity/Q414,Argentina,AR,ARG,2780400,47327407,76,0.842,268696750000,2001-01-01T00:00:00Z,1816-07-09T00:00:00Z,left
http://www.wikidata.org/entity/Q414,Argentina,AR,ARG,2780400,47327407,76,0.842,228778917308,1992-01-01T00:00:00Z,1816-07-09T00:00:00Z,left
http://www.wikidata.org/entity/Q414,Argentina,AR,ARG,2780400,47327407,76,0.842,52544000116,1973-01-01T00:00:00Z,1816-07-09T00:00:00Z,left
http://www.wikidata.org/entity/Q414,Argentina,AR,ARG,2780400,47327407,76,0.842,18272123664,1963-01-01T00:00:00Z,1816-07-09T00:00:00Z,left
http://www.wikidata.org/entity/Q414,Argentina,AR,ARG,2780400,47327407,76,0.842,52438647921,1975-01-01T00:00:00Z,1816-07-09T00:00:00Z,left
http://www.wikidata.org/entity/Q414,Argentina,AR,ARG,2780400,47327407,76,0.842,24450604877,1962-01-01T00:00:00Z,1816-07-09T00:00:00Z,left
http://www.wikidata.org/entity/Q414,Argentina,AR,ARG,2780400,47327407,76,0.842,25605249381,1964-01-01T00:00:00Z,1816-07-09T00:00:00Z,left
http://www.wikidata.org/entity/Q414,Argentina,AR,ARG,2780400,47327407,76,0.842,126890235049,1988-01-01T00:00:00Z,1816-07-09T00:00:00Z,left
http://www.wikidata.org/entity/Q414,Argentina,AR,ARG,2780400,47327407,76,0.842,89049453088,1978-01-01T00:00:00Z,1816-07-09T00:00:00Z,left
http://www.wikidata.org/entity/Q414,Argentina,AR,ARG,2780400,47327407,76,0.842,332976484577,2009-01-01T00:00:00Z,1816-07-09T00:00:00Z,left
http://www.wikidata.org/entity/Q414,Argentina,AR,ARG,2780400,47327407,76,0.842,33293199095,1971-01-01T00:00:00Z,1816-07-09T00:00:00Z,left
http://www.wikidata.org/entity/Q414,Argentina,AR,ARG,2780400,47327407,76,0.842,594749285413,2015-01-01T00:00:00Z,1816-07-09T00:00:00Z,left
http://www.wikidata.org/entity/Q414,Argentina,AR,ARG,2780400,47327407,76,0.842,486564085480,2021-01-01T00:00:00Z,1816-07-09T00:00:00Z,left
http://www.wikidata.org/entity/Q414,Argentina,AR,ARG,2780400,47327407,76,0.842,632770284409,2022-01-01T00:00:00Z,1816-07-09T00:00:00Z,left
http://www.wikidata.org/entity/Q414,Argentina,AR,ARG,2780400,47327407,76,0.842,632790070063,2022-01-01T00:00:00Z,1816-07-09T00:00:00Z,left
http://www.wikidata.org/entity/Q414,Argentina,AR,ARG,2780400,47327407,76,0.842,524819892360,2018-01-01T00:00:00Z,1816-07-09T00:00:00Z,left
http://www.wikidata.org/entity/Q414,Argentina,AR,ARG,2780400,47327407,76,0.842,28344705966,1965-01-01T00:00:00Z,1816-07-09T00:00:00Z,left
http://www.wikidata.org/entity/Q414,Argentina,AR,ARG,2780400,47327407,76,0.842,56781000101,1977-01-01T00:00:00Z,1816-07-09T00:00:00Z,left
http://www.wikidata.org/entity/Q414,Argentina,AR,ARG,2780400,47327407,76,0.842,76961923741,1980-01-01T00:00:00Z,1816-07-09T00:00:00Z,left
http://www.wikidata.org/entity/Q414,Argentina,AR,ARG,2780400,47327407,76,0.842,108810885301,1987-01-01T00:00:00Z,1816-07-09T00:00:00Z,left
http://www.wikidata.org/entity/Q414,Argentina,AR,ARG,2780400,47327407,76,0.842,84307486836,1982-01-01T00:00:00Z,1816-07-09T00:00:00Z,left
http://www.wikidata.org/entity/Q414,Argentina,AR,ARG,2780400,47327407,76,0.842,232557260817,2006-01-01T00:00:00Z,1816-07-09T00:00:00Z,left
http://www.wikidata.org/entity/Q414,Argentina,AR,ARG,2780400,47327407,76,0.842,257440000000,1994-01-01T00:00:00Z,1816-07-09T00:00:00Z,left
http://www.wikidata.org/entity/Q414,Argentina,AR,ARG,2780400,47327407,76,0.842,530158122010,2011-01-01T00:00:00Z,1816-07-09T00:00:00Z,left
http://www.wikidata.org/entity/Q414,Argentina,AR,ARG,2780400,47327407,76,0.842,78676842366,1981-01-01T00:00:00Z,1816-07-09T00:00:00Z,left
http://www.wikidata.org/entity/Q414,Argentina,AR,ARG,2780400,47327407,76,0.842,284203750000,2000-01-01T00:00:00Z,1816-07-09T00:00:00Z,left
http://www.wikidata.org/entity/Q414,Argentina,AR,ARG,2780400,47327407,76,0.842,258031750000,1995-01-01T00:00:00Z,1816-07-09T00:00:00Z,left
http://www.wikidata.org/entity/Q414,Argentina,AR,ARG,2780400,47327407,76,0.842,69252328951,1979-01-01T00:00:00Z,1816-07-09T00:00:00Z,left
http://www.wikidata.org/entity/Q414,Argentina,AR,ARG,2780400,47327407,76,0.842,198737095012,2005-01-01T00:00:00Z,1816-07-09T00:00:00Z,left
http://www.wikidata.org/entity/Q414,Argentina,AR,ARG,2780400,47327407,76,0.842,97724004251,2002-01-01T00:00:00Z,1816-07-09T00:00:00Z,left
http://www.wikidata.org/entity/Q414,Argentina,AR,ARG,2780400,47327407,76,0.842,28630474727,1966-01-01T00:00:00Z,1816-07-09T00:00:00Z,left
http://www.wikidata.org/entity/Q414,Argentina,AR,ARG,2780400,47327407,76,0.842,423627422092,2010-01-01T00:00:00Z,1816-07-09T00:00:00Z,left
http://www.wikidata.org/entity/Q414,Argentina,AR,ARG,2780400,47327407,76,0.842,361558037110,2008-01-01T00:00:00Z,1816-07-09T00:00:00Z,left
http://www.wikidata.org/entity/Q414,Argentina,AR,ARG,2780400,47327407,76,0.842,141352630146,1990-01-01T00:00:00Z,1816-07-09T00:00:00Z,left
http://www.wikidata.org/entity/Q414,Argentina,AR,ARG,2780400,47327407,76,0.842,105872372613,1986-01-01T00:00:00Z,1816-07-09T00:00:00Z,left
http://www.wikidata.org/entity/Q414,Argentina,AR,ARG,2780400,47327407,76,0.842,447754683615,2019-01-01T00:00:00Z,1816-07-09T00:00:00Z,left
http://www.wikidata.org/entity/Q414,Argentina,AR,ARG,2780400,47327407,76,0.842,51169499892,1976-01-01T00:00:00Z,1816-07-09T00:00:00Z,left
http://www.wikidata.org/entity/Q414,Argentina,AR,ARG,2780400,47327407,76,0.842,545982375701,2012-01-01T00:00:00Z,1816-07-09T00:00:00Z,left
http://www.wikidata.org/entity/Q414,Argentina,AR,ARG,2780400,47327407,76,0.842,283523000000,1999-01-01T00:00:00Z,1816-07-09T00:00:00Z,left
http://www.wikidata.org/entity/Q414,Argentina,AR,ARG,2780400,47327407,76,0.842,97724004251,2002-01-01T00:00:00Z,1816-07-09T00:00:00Z,right
http://www.wikidata.org/entity/Q414,Argentina,AR,ARG,2780400,47327407,76,0.842,28630474727,1966-01-01T00:00:00Z,1816-07-09T00:00:00Z,right
http://www.wikidata.org/entity/Q414,Argentina,AR,ARG,2780400,47327407,76,0.842,423627422092,2010-01-01T00:00:00Z,1816-07-09T00:00:00Z,right
http://www.wikidata.org/entity/Q414,Argentina,AR,ARG,2780400,47327407,76,0.842,361558037110,2008-01-01T00:00:00Z,1816-07-09T00:00:00Z,right
http://www.wikidata.org/entity/Q414,Argentina,AR,ARG,2780400,47327407,76,0.842,141352630146,1990-01-01T00:00:00Z,1816-07-09T00:00:00Z,right
http://www.wikidata.org/entity/Q414,Argentina,AR,ARG,2780400,47327407,76,0.842,105872372613,1986-01-01T00:00:00Z,1816-07-09T00:00:00Z,right
http://www.wikidata.org/entity/Q414,Argentina,AR,ARG,2780400,47327407,76,0.842,447754683615,2019-01-01T00:00:00Z,1816-07-09T00:00:00Z,right
http://www.wikidata.org/entity/Q414,Argentina,AR,ARG,2780400,47327407,76,0.842,51169499892,1976-01-01T00:00:00Z,1816-07-09T00:00:00Z,right
http://www.wikidata.org/entity/Q414,Argentina,AR,ARG,2780400,47327407,76,0.842,545982375701,2012-01-01T00:00:00Z,1816-07-09T00:00:00Z,right
http://www.wikidata.org/entity/Q414,Argentina,AR,ARG,2780400,47327407,76,0.842,283523000000,1999-01-01T00:00:00Z,1816-07-09T00:00:00Z,right
http://www.wikidata.org/entity/Q414,Argentina,AR,ARG,2780400,47327407,76,0.842,552025140252,2013-01-01T00:00:00Z,1816-07-09T00:00:00Z,right
http://www.wikidata.org/entity/Q414,Argentina,AR,ARG,2780400,47327407,76,0.842,526319673731,2014-01-01T00:00:00Z,1816-07-09T00:00:00Z,right
http://www.wikidata.org/entity/Q414,Argentina,AR,ARG,2780400,47327407,76,0.842,189719984268,1991-01-01T00:00:00Z,1816-07-09T00:00:00Z,right
http://www.wikidata.org/entity/Q414,Argentina,AR,ARG,2780400,47327407,76,0.842,292859000000,1997-01-01T00:00:00Z,1816-07-09T00:00:00Z,right
http://www.wikidata.org/entity/Q414,Argentina,AR,ARG,2780400,47327407,76,0.842,26436857247,1968-01-01T00:00:00Z,1816-07-09T00:00:00Z,right
http://www.wikidata.org/entity/Q414,Argentina,AR,ARG,2780400,47327407,76,0.842,385740508436,2020-01-01T00:00:00Z,1816-07-09T00:00:00Z,right
http://www.wikidata.org/entity/Q414,Argentina,AR,ARG,2780400,47327407,76,0.842,88150891728,1985-01-01T00:00:00Z,1816-07-09T00:00:00Z,right
http://www.wikidata.org/entity/Q414,Argentina,AR,ARG,2780400,47327407,76,0.842,487227125386,2021-01-01T00:00:00Z,1816-07-09T00:00:00Z,right
http://www.wikidata.org/entity/Q414,Argentina,AR,ARG,2780400,47327407,76,0.842,557532320662,2016-01-01T00:00:00Z,1816-07-09T00:00:00Z,right
http://www.wikidata.org/entity/Q414,Argentina,AR,ARG,2780400,47327407,76,0.842,164657930452,2004-01-01T00:00:00Z,1816-07-09T00:00:00Z,right
http://www.wikidata.org/entity/Q414,Argentina,AR,ARG,2780400,47327407,76,0.842,298948250000,1998-01-01T00:00:00Z,1816-07-09T00:00:00Z,right
http://www.wikidata.org/entity/Q414,Argentina,AR,ARG,2780400,47327407,76,0.842,34733000536,1972-01-01T00:00:00Z,1816-07-09T00:00:00Z,right
http://www.wikidata.org/entity/Q414,Argentina,AR,ARG,2780400,47327407,76,0.842,31256284543,1969-01-01T00:00:00Z,1816-07-09T00:00:00Z,right
http://www.wikidata.org/entity/Q414,Argentina,AR,ARG,2780400,47327407,76,0.842,116915052107,1984-01-01T00:00:00Z,1816-07-09T00:00:00Z,right
http://www.wikidata.org/entity/Q414,Argentina,AR,ARG,2780400,47327407,76,0.842,287530508430,2007-01-01T00:00:00Z,1816-07-09T00:00:00Z,right
http://www.wikidata.org/entity/Q414,Argentina,AR,ARG,2780400,47327407,76,0.842,646075277525,2023-01-01T00:00:00Z,1816-07-09T00:00:00Z,right
http://www.wikidata.org/entity/Q414,Argentina,AR,ARG,2780400,47327407,76,0.842,127586973492,2003-01-01T00:00:00Z,1816-07-09T00:00:00Z,right
http://www.wikidata.org/entity/Q414,Argentina,AR,ARG,2780400,47327407,76,0.842,76629728760,1989-01-01T00:00:00Z,1816-07-09T00:00:00Z,right
http://www.wikidata.org/entity/Q414,Argentina,AR,ARG,2780400,47327407,76,0.842,31584210365,1970-01-01T00:00:00Z,1816-07-09T00:00:00Z,right
http://www.wikidata.org/entity/Q414,Argentina,AR,ARG,2780400,47327407,76,0.842,72436777342,1974-01-01T00:00:00Z,1816-07-09T00:00:00Z,right
http://www.wikidata.org/entity/Q414,Argentina,AR,ARG,2780400,47327407,76,0.842,643628393281,2017-01-01T00:00:00Z,1816-07-09T00:00:00Z,right
http://www.wikidata.org/entity/Q414,Argentina,AR,ARG,2780400,47327407,76,0.842,24256667553,1967-01-01T00:00:00Z,1816-07-09T00:00:00Z,right
http://www.wikidata.org/entity/Q414,Argentina,AR,ARG,2780400,47327407,76,0.842,272149750000,1996-01-01T00:00:00Z,1816-07-09T00:00:00Z,right
http://www.wikidata.org/entity/Q414,Argentina,AR,ARG,2780400,47327407,76,0.842,236741715015,1993-01-01T00:00:00Z,1816-07-09T00:00:00Z,right
http://www.wikidata.org/entity/Q414,Argentina,AR,ARG,2780400,47327407,76,0.842,103979106777,1983-01-01T00:00:00Z,1816-07-09T00:00:00Z,right
http://www.wikidata.org/entity/Q414,Argentina,AR,ARG,2780400,47327407,76,0.842,268696750000,2001-01-01T00:00:00Z,1816-07-09T00:00:00Z,right
http://www.wikidata.org/entity/Q414,Argentina,AR,ARG,2780400,47327407,76,0.842,228778917308,1992-01-01T00:00:00Z,1816-07-09T00:00:00Z,right
http://www.wikidata.org/entity/Q414,Argentina,AR,ARG,2780400,47327407,76,0.842,52544000116,1973-01-01T00:00:00Z,1816-07-09T00:00:00Z,right
http://www.wikidata.org/entity/Q414,Argentina,AR,ARG,2780400,47327407,76,0.842,18272123664,1963-01-01T00:00:00Z,1816-07-09T00:00:00Z,right
http://www.wikidata.org/entity/Q414,Argentina,AR,ARG,2780400,47327407,76,0.842,52438647921,1975-01-01T00:00:00Z,1816-07-09T00:00:00Z,right
http://www.wikidata.org/entity/Q414,Argentina,AR,ARG,2780400,47327407,76,0.842,24450604877,1962-01-01T00:00:00Z,1816-07-09T00:00:00Z,right
http://www.wikidata.org/entity/Q414,Argentina,AR,ARG,2780400,47327407,76,0.842,25605249381,1964-01-01T00:00:00Z,1816-07-09T00:00:00Z,right
http://www.wikidata.org/entity/Q414,Argentina,AR,ARG,2780400,47327407,76,0.842,126890235049,1988-01-01T00:00:00Z,1816-07-09T00:00:00Z,right
http://www.wikidata.org/entity/Q414,Argentina,AR,ARG,2780400,47327407,76,0.842,89049453088,1978-01-01T00:00:00Z,1816-07-09T00:00:00Z,right
http://www.wikidata.org/entity/Q414,Argentina,AR,ARG,2780400,47327407,76,0.842,332976484577,2009-01-01T00:00:00Z,1816-07-09T00:00:00Z,right
http://www.wikidata.org/entity/Q414,Argentina,AR,ARG,2780400,47327407,76,0.842,33293199095,1971-01-01T00:00:00Z,1816-07-09T00:00:00Z,right
http://www.wikidata.org/entity/Q414,Argentina,AR,ARG,2780400,47327407,76,0.842,594749285413,2015-01-01T00:00:00Z,1816-07-09T00:00:00Z,right
http://www.wikidata.org/entity/Q414,Argentina,AR,ARG,2780400,47327407,76,0.842,486564085480,2021-01-01T00:00:00Z,1816-07-09T00:00:00Z,right
http://www.wikidata.org/entity/Q414,Argentina,AR,ARG,2780400,47327407,76,0.842,632770284409,2022-01-01T00:00:00Z,1816-07-09T00:00:00Z,right
http://www.wikidata.org/entity/Q414,Argentina,AR,ARG,2780400,47327407,76,0.842,632790070063,2022-01-01T00:00:00Z,1816-07-09T00:00:00Z,right
http://www.wikidata.org/entity/Q414,Argentina,AR,ARG,2780400,47327407,76,0.842,524819892360,2018-01-01T00:00:00Z,1816-07-09T00:00:00Z,right
http://www.wikidata.org/entity/Q414,Argentina,AR,ARG,2780400,47327407,76,0.842,28344705966,1965-01-01T00:00:00Z,1816-07-09T00:00:00Z,right
http://www.wikidata.org/entity/Q414,Argentina,AR,ARG,2780400,47327407,76,0.842,56781000101,1977-01-01T00:00:00Z,1816-07-09T00:00:00Z,right
http://www.wikidata.org/entity/Q414,Argentina,AR,ARG,2780400,47327407,76,0.842,76961923741,1980-01-01T00:00:00Z,1816-07-09T00:00:00Z,right
http://www.wikidata.org/entity/Q414,Argentina,AR,ARG,2780400,47327407,76,0.842,108810885301,1987-01-01T00:00:00Z,1816-07-09T00:00:00Z,right
http://www.wikidata.org/entity/Q414,Argentina,AR,ARG,2780400,47327407,76,0.842,84307486836,1982-01-01T00:00:00Z,1816-07-09T00:00:00Z,right
http://www.wikidata.org/entity/Q414,Argentina,AR,ARG,2780400,47327407,76,0.842,232557260817,2006-01-01T00:00:00Z,1816-07-09T00:00:00Z,right
http://www.wikidata.org/entity/Q414,Argentina,AR,ARG,2780400,47327407,76,0.842,257440000000,1994-01-01T00:00:00Z,1816-07-09T00:00:00Z,right
http://www.wikidata.org/entity/Q414,Argentina,AR,ARG,2780400,47327407,76,0.842,530158122010,2011-01-01T00:00:00Z,1816-07-09T00:00:00Z,right
http://www.wikidata.org/entity/Q414,Argentina,AR,ARG,2780400,47327407,76,0.842,78676842366,1981-01-01T00:00:00Z,1816-07-09T00:00:00Z,right
http://www.wikidata.org/entity/Q414,Argentina,AR,ARG,2780400,47327407,76,0.842,284203750000,2000-01-01T00:00:00Z,1816-07-09T00:00:00Z,right
http://www.wikidata.org/entity/Q414,Argentina,AR,ARG,2780400,47327407,76,0.842,258031750000,1995-01-01T00:00:00Z,1816-07-09T00:00:00Z,right
http://www.wikidata.org/entity/Q414,Argentina,AR,ARG,2780400,47327407,76,0.842,69252328951,1979-01-01T00:00:00Z,1816-07-09T00:00:00Z,right
http://www.wikidata.org/entity/Q414,Argentina,AR,ARG,2780400,47327407,76,0.842,198737095012,2005-01-01T00:00:00Z,1816-07-09T00:00:00Z,right
http://www.wikidata.org/entity/Q399,Armenia,AM,ARM,29743.423459,2930450,74.618,0.759,13619290539,2019-01-01T00:00:00Z,1991-09-23T00:00:00Z,right
http://www.wikidata.org/entity/Q399,Armenia,AM,ARM,29743.423459,2930450,74.618,0.759,2376335048,2002-01-01T00:00:00Z,1991-09-23T00:00:00Z,right
http://www.wikidata.org/entity/Q399,Armenia,AM,ARM,29743.423459,2930450,74.618,0.759,4900469511,2005-01-01T00:00:00Z,1991-09-23T00:00:00Z,right
http://www.wikidata.org/entity/Q399,Armenia,AM,ARM,29743.423459,2930450,74.618,0.759,11121464437,2013-01-01T00:00:00Z,1991-09-23T00:00:00Z,right
http://www.wikidata.org/entity/Q399,Armenia,AM,ARM,29743.423459,2930450,74.618,0.759,1596968946,1996-01-01T00:00:00Z,1991-09-23T00:00:00Z,right
http://www.wikidata.org/entity/Q399,Armenia,AM,ARM,29743.423459,2930450,74.618,0.759,24085749592,2023-01-01T00:00:00Z,1991-09-23T00:00:00Z,right
http://www.wikidata.org/entity/Q399,Armenia,AM,ARM,29743.423459,2930450,74.618,0.759,12457940694,2018-01-01T00:00:00Z,1991-09-23T00:00:00Z,right
http://www.wikidata.org/entity/Q399,Armenia,AM,ARM,29743.423459,2930450,74.618,0.759,2069870129,1991-01-01T00:00:00Z,1991-09-23T00:00:00Z,right
http://www.wikidata.org/entity/Q399,Armenia,AM,ARM,29743.423459,2930450,74.618,0.759,9260285755,2010-01-01T00:00:00Z,1991-09-23T00:00:00Z,right
http://www.wikidata.org/entity/Q399,Armenia,AM,ARM,29743.423459,2930450,74.618,0.759,1468317435,1995-01-01T00:00:00Z,1991-09-23T00:00:00Z,right
http://www.wikidata.org/entity/Q399,Armenia,AM,ARM,29743.423459,2930450,74.618,0.759,13861409969,2021-01-01T00:00:00Z,1991-09-23T00:00:00Z,right
http://www.wikidata.org/entity/Q399,Armenia,AM,ARM,29743.423459,2930450,74.618,0.759,19513506553,2022-01-01T00:00:00Z,1991-09-23T00:00:00Z,right
http://www.wikidata.org/entity/Q399,Armenia,AM,ARM,29743.423459,2930450,74.618,0.759,1911563668,2000-01-01T00:00:00Z,1991-09-23T00:00:00Z,right
http://www.wikidata.org/entity/Q399,Armenia,AM,ARM,29743.423459,2930450,74.618,0.759,3576615240,2004-01-01T00:00:00Z,1991-09-23T00:00:00Z,right
http://www.wikidata.org/entity/Q399,Armenia,AM,ARM,29743.423459,2930450,74.618,0.759,1201312829,1993-01-01T00:00:00Z,1991-09-23T00:00:00Z,right
http://www.wikidata.org/entity/Q399,Armenia,AM,ARM,29743.423459,2930450,74.618,0.759,11527458709,2017-01-01T00:00:00Z,1991-09-23T00:00:00Z,right
http://www.wikidata.org/entity/Q399,Armenia,AM,ARM,29743.423459,2930450,74.618,0.759,10553337518,2015-01-01T00:00:00Z,1991-09-23T00:00:00Z,right
http://www.wikidata.org/entity/Q399,Armenia,AM,ARM,29743.423459,2930450,74.618,0.759,2118467913,2001-01-01T00:00:00Z,1991-09-23T00:00:00Z,right
http://www.wikidata.org/entity/Q399,Armenia,AM,ARM,29743.423459,2930450,74.618,0.759,1893726437,1998-01-01T00:00:00Z,1991-09-23T00:00:00Z,right
http://www.wikidata.org/entity/Q399,Armenia,AM,ARM,29743.423459,2930450,74.618,0.759,19502783988,2022-01-01T00:00:00Z,1991-09-23T00:00:00Z,right
http://www.wikidata.org/entity/Q399,Armenia,AM,ARM,29743.423459,2930450,74.618,0.759,2256863448,1990-01-01T00:00:00Z,1991-09-23T00:00:00Z,right
http://www.wikidata.org/entity/Q399,Armenia,AM,ARM,29743.423459,2930450,74.618,0.759,2807061008,2003-01-01T00:00:00Z,1991-09-23T00:00:00Z,right
http://www.wikidata.org/entity/Q399,Armenia,AM,ARM,29743.423459,2930450,74.618,0.759,11609513246,2014-01-01T00:00:00Z,1991-09-23T00:00:00Z,right
http://www.wikidata.org/entity/Q399,Armenia,AM,ARM,29743.423459,2930450,74.618,0.759,1272835453,1992-01-01T00:00:00Z,1991-09-23T00:00:00Z,right
http://www.wikidata.org/entity/Q399,Armenia,AM,ARM,29743.423459,2930450,74.618,0.759,1639492444,1997-01-01T00:00:00Z,1991-09-23T00:00:00Z,right
http://www.wikidata.org/entity/Q399,Armenia,AM,ARM,29743.423459,2930450,74.618,0.759,10546136235,2016-01-01T00:00:00Z,1991-09-23T00:00:00Z,right
http://www.wikidata.org/entity/Q399,Armenia,AM,ARM,29743.423459,2930450,74.618,0.759,13878908628,2021-01-01T00:00:00Z,1991-09-23T00:00:00Z,right
http://www.wikidata.org/entity/Q399,Armenia,AM,ARM,29743.423459,2930450,74.618,0.759,11662040713,2008-01-01T00:00:00Z,1991-09-23T00:00:00Z,right
http://www.wikidata.org/entity/Q399,Armenia,AM,ARM,29743.423459,2930450,74.618,0.759,12641698583,2020-01-01T00:00:00Z,1991-09-23T00:00:00Z,right
http://www.wikidata.org/entity/Q399,Armenia,AM,ARM,29743.423459,2930450,74.618,0.759,10142111824,2011-01-01T00:00:00Z,1991-09-23T00:00:00Z,right
http://www.wikidata.org/entity/Q399,Armenia,AM,ARM,29743.423459,2930450,74.618,0.759,1315158636,1994-01-01T00:00:00Z,1991-09-23T00:00:00Z,right
http://www.wikidata.org/entity/Q399,Armenia,AM,ARM,29743.423459,2930450,74.618,0.759,1845482173,1999-01-01T00:00:00Z,1991-09-23T00:00:00Z,right
http://www.wikidata.org/entity/Q399,Armenia,AM,ARM,29743.423459,2930450,74.618,0.759,8647937081,2009-01-01T00:00:00Z,1991-09-23T00:00:00Z,right
http://www.wikidata.org/entity/Q399,Armenia,AM,ARM,29743.423459,2930450,74.618,0.759,10619320682,2012-01-01T00:00:00Z,1991-09-23T00:00:00Z,right
http://www.wikidata.org/entity/Q399,Armenia,AM,ARM,29743.423459,2930450,74.618,0.759,6384452066,2006-01-01T00:00:00Z,1991-09-23T00:00:00Z,right
http://www.wikidata.org/entity/Q399,Armenia,AM,ARM,29743.423459,2930450,74.618,0.759,9206301269,2007-01-01T00:00:00Z,1991-09-23T00:00:00Z,right
http://www.wikidata.org/entity/Q408,Australia,AU,AUS,7692024,27614411,83.1,0.951,1757022451653,2024-01-01T00:00:00Z,1901-01-01T00:00:00Z,left
http://www.wikidata.org/entity/Q408,Australia,AU,AUS,7692024,27614411,83.1,0.951,19923683187,1962-01-01T00:00:00Z,1901-01-01T00:00:00Z,left
http://www.wikidata.org/entity/Q408,Australia,AU,AUS,7692024,27614411,83.1,0.951,855007458585,2007-01-01T00:00:00Z,1901-01-01T00:00:00Z,left
http://www.wikidata.org/entity/Q408,Australia,AU,AUS,7692024,27614411,83.1,0.951,176895390688,1981-01-01T00:00:00Z,1901-01-01T00:00:00Z,left
http://www.wikidata.org/entity/Q408,Australia,AU,AUS,7692024,27614411,83.1,0.951,1056112427190,2008-01-01T00:00:00Z,1901-01-01T00:00:00Z,left
http://www.wikidata.org/entity/Q408,Australia,AU,AUS,7692024,27614411,83.1,0.951,379629301675,2001-01-01T00:00:00Z,1901-01-01T00:00:00Z,left
http://www.wikidata.org/entity/Q408,Australia,AU,AUS,7692024,27614411,83.1,0.951,118492761338,1978-01-01T00:00:00Z,1901-01-01T00:00:00Z,left
http://www.wikidata.org/entity/Q408,Australia,AU,AUS,7692024,27614411,83.1,0.951,41334726613,1970-01-01T00:00:00Z,1901-01-01T00:00:00Z,left
http://www.wikidata.org/entity/Q408,Australia,AU,AUS,7692024,27614411,83.1,0.951,27308964369,1966-01-01T00:00:00Z,1901-01-01T00:00:00Z,left
http://www.wikidata.org/entity/Q408,Australia,AU,AUS,7692024,27614411,83.1,0.951,189495764955,1987-01-01T00:00:00Z,1901-01-01T00:00:00Z,left
http://www.wikidata.org/entity/Q408,Australia,AU,AUS,7692024,27614411,83.1,0.951,416167815092,2000-01-01T00:00:00Z,1901-01-01T00:00:00Z,left
http://www.wikidata.org/entity/Q408,Australia,AU,AUS,7692024,27614411,83.1,0.951,1468265356427,2014-01-01T00:00:00Z,1901-01-01T00:00:00Z,left
http://www.wikidata.org/entity/Q408,Australia,AU,AUS,7692024,27614411,83.1,0.951,236161314544,1988-01-01T00:00:00Z,1901-01-01T00:00:00Z,left
http://www.wikidata.org/entity/Q408,Australia,AU,AUS,7692024,27614411,83.1,0.951,105060616984,1976-01-01T00:00:00Z,1901-01-01T00:00:00Z,left
http://www.wikidata.org/entity/Q408,Australia,AU,AUS,7692024,27614411,83.1,0.951,21540963446,1963-01-01T00:00:00Z,1901-01-01T00:00:00Z,left
http://www.wikidata.org/entity/Q408,Australia,AU,AUS,7692024,27614411,83.1,0.951,1328414058378,2020-01-01T00:00:00Z,1901-01-01T00:00:00Z,left
http://www.wikidata.org/entity/Q408,Australia,AU,AUS,7692024,27614411,83.1,0.951,180643265927,1985-01-01T00:00:00Z,1901-01-01T00:00:00Z,left
http://www.wikidata.org/entity/Q408,Australia,AU,AUS,7692024,27614411,83.1,0.951,299875906679,1989-01-01T00:00:00Z,1901-01-01T00:00:00Z,left
http://www.wikidata.org/entity/Q408,Australia,AU,AUS,7692024,27614411,83.1,0.951,1734451264656,2023-01-01T00:00:00Z,1901-01-01T00:00:00Z,left
http://www.wikidata.org/entity/Q408,Australia,AU,AUS,7692024,27614411,83.1,0.951,149987743732,1980-01-01T00:00:00Z,1901-01-01T00:00:00Z,left
http://www.wikidata.org/entity/Q408,Australia,AU,AUS,7692024,27614411,83.1,0.951,32714085234,1968-01-01T00:00:00Z,1901-01-01T00:00:00Z,left
http://www.wikidata.org/entity/Q408,Australia,AU,AUS,7692024,27614411,83.1,0.951,182481113598,1986-01-01T00:00:00Z,1901-01-01T00:00:00Z,left
http://www.wikidata.org/entity/Q408,Australia,AU,AUS,7692024,27614411,83.1,0.951,1325582658156,2017-01-01T00:00:00Z,1901-01-01T00:00:00Z,left
http://www.wikidata.org/entity/Q408,Australia,AU,AUS,7692024,27614411,83.1,0.951,45217767234,1971-01-01T00:00:00Z,1901-01-01T00:00:00Z,left
http://www.wikidata.org/entity/Q408,Australia,AU,AUS,7692024,27614411,83.1,0.951,322806641300,1994-01-01T00:00:00Z,1901-01-01T00:00:00Z,left
http://www.wikidata.org/entity/Q408,Australia,AU,AUS,7692024,27614411,83.1,0.951,23801123808,1964-01-01T00:00:00Z,1901-01-01T00:00:00Z,left
http://www.wikidata.org/entity/Q408,Australia,AU,AUS,7692024,27614411,83.1,0.951,1351296372254,2015-01-01T00:00:00Z,1901-01-01T00:00:00Z,left
http://www.wikidata.org/entity/Q408,Australia,AU,AUS,7692024,27614411,83.1,0.951,30442724870,1967-01-01T00:00:00Z,1901-01-01T00:00:00Z,left
http://www.wikidata.org/entity/Q408,Australia,AU,AUS,7692024,27614411,83.1,0.951,52042056074,1972-01-01T00:00:00Z,1901-01-01T00:00:00Z,left
http://www.wikidata.org/entity/Q408,Australia,AU,AUS,7692024,27614411,83.1,0.951,63833440102,1973-01-01T00:00:00Z,1901-01-01T00:00:00Z,left
http://www.wikidata.org/entity/Q408,Australia,AU,AUS,7692024,27614411,83.1,0.951,325525379566,1992-01-01T00:00:00Z,1901-01-01T00:00:00Z,left
http://www.wikidata.org/entity/Q408,Australia,AU,AUS,7692024,27614411,83.1,0.951,1577123329410,2013-01-01T00:00:00Z,1901-01-01T00:00:00Z,left
http://www.wikidata.org/entity/Q408,Australia,AU,AUS,7692024,27614411,83.1,0.951,312133923552,1993-01-01T00:00:00Z,1901-01-01T00:00:00Z,left
http://www.wikidata.org/entity/Q408,Australia,AU,AUS,7692024,27614411,83.1,0.951,1427809041019,2018-01-01T00:00:00Z,1901-01-01T00:00:00Z,left
http://www.wikidata.org/entity/Q408,Australia,AU,AUS,7692024,27614411,83.1,0.951,1690858246994,2022-01-01T00:00:00Z,1901-01-01T00:00:00Z,left
http://www.wikidata.org/entity/Q408,Australia,AU,AUS,7692024,27614411,83.1,0.951,695692898676,2005-01-01T00:00:00Z,1901-01-01T00:00:00Z,left
http://www.wikidata.org/entity/Q408,Australia,AU,AUS,7692024,27614411,83.1,0.951,1552703151616,2021-01-01T00:00:00Z,1901-01-01T00:00:00Z,left
http://www.wikidata.org/entity/Q408,Australia,AU,AUS,7692024,27614411,83.1,0.951,1398610616772,2011-01-01T00:00:00Z,1901-01-01T00:00:00Z,left
http://www.wikidata.org/entity/Q408,Australia,AU,AUS,7692024,27614411,83.1,0.951,389652212056,1999-01-01T00:00:00Z,1901-01-01T00:00:00Z,left
http://www.wikidata.org/entity/Q408,Australia,AU,AUS,7692024,27614411,83.1,0.951,1206836962281,2016-01-01T00:00:00Z,1901-01-01T00:00:00Z,left
http://www.wikidata.org/entity/Q408,Australia,AU,AUS,7692024,27614411,83.1,0.951,177267290706,1983-01-01T00:00:00Z,1901-01-01T00:00:00Z,left
http://www.wikidata.org/entity/Q408,Australia,AU,AUS,7692024,27614411,83.1,0.951,748417562769,2006-01-01T00:00:00Z,1901-01-01T00:00:00Z,left
http://www.wikidata.org/entity/Q408,Australia,AU,AUS,7692024,27614411,83.1,0.951,1547532281116,2012-01-01T00:00:00Z,1901-01-01T00:00:00Z,left
http://www.wikidata.org/entity/Q408,Australia,AU,AUS,7692024,27614411,83.1,0.951,401341880620,1996-01-01T00:00:00Z,1901-01-01T00:00:00Z,left
http://www.wikidata.org/entity/Q408,Australia,AU,AUS,7692024,27614411,83.1,0.951,614659980082,2004-01-01T00:00:00Z,1901-01-01T00:00:00Z,left
http://www.wikidata.org/entity/Q408,Australia,AU,AUS,7692024,27614411,83.1,0.951,435642611296,1997-01-01T00:00:00Z,1901-01-01T00:00:00Z,left
http://www.wikidata.org/entity/Q408,Australia,AU,AUS,7692024,27614411,83.1,0.951,399674421759,1998-01-01T00:00:00Z,1901-01-01T00:00:00Z,left
http://www.wikidata.org/entity/Q408,Australia,AU,AUS,7692024,27614411,83.1,0.951,395788696012,2002-01-01T00:00:00Z,1901-01-01T00:00:00Z,left
http://www.wikidata.org/entity/Q408,Australia,AU,AUS,7692024,27614411,83.1,0.951,18607682977,1960-01-01T00:00:00Z,1901-01-01T00:00:00Z,left
http://www.wikidata.org/entity/Q408,Australia,AU,AUS,7692024,27614411,83.1,0.951,193525337525,1984-01-01T00:00:00Z,1901-01-01T00:00:00Z,left
http://www.wikidata.org/entity/Q408,Australia,AU,AUS,7692024,27614411,83.1,0.951,36684485869,1969-01-01T00:00:00Z,1901-01-01T00:00:00Z,left
http://www.wikidata.org/entity/Q408,Australia,AU,AUS,7692024,27614411,83.1,0.951,97304383449,1975-01-01T00:00:00Z,1901-01-01T00:00:00Z,left
http://www.wikidata.org/entity/Q408,Australia,AU,AUS,7692024,27614411,83.1,0.951,1675418665067,2022-01-01T00:00:00Z,1901-01-01T00:00:00Z,left
http://www.wikidata.org/entity/Q408,Australia,AU,AUS,7692024,27614411,83.1,0.951,368166023166,1995-01-01T00:00:00Z,1901-01-01T00:00:00Z,left
http://www.wikidata.org/entity/Q408,Australia,AU,AUS,7692024,27614411,83.1,0.951,325975319455,1991-01-01T00:00:00Z,1901-01-01T00:00:00Z,left
http://www.wikidata.org/entity/Q408,Australia,AU,AUS,7692024,27614411,83.1,0.951,1392723834562,2019-01-01T00:00:00Z,1901-01-01T00:00:00Z,left
http://www.wikidata.org/entity/Q408,Australia,AU,AUS,7692024,27614411,83.1,0.951,110352144987,1977-01-01T00:00:00Z,1901-01-01T00:00:00Z,left
http://www.wikidata.org/entity/Q408,Australia,AU,AUS,7692024,27614411,83.1,0.951,19684003149,1961-01-01T00:00:00Z,1901-01-01T00:00:00Z,left
http://www.wikidata.org/entity/Q408,Australia,AU,AUS,7692024,27614411,83.1,0.951,467739079790,2003-01-01T00:00:00Z,1901-01-01T00:00:00Z,left
http://www.wikidata.org/entity/Q408,Australia,AU,AUS,7692024,27614411,83.1,0.951,1148838233480,2010-01-01T00:00:00Z,1901-01-01T00:00:00Z,left
http://www.wikidata.org/entity/Q408,Australia,AU,AUS,7692024,27614411,83.1,0.951,311426665219,1990-01-01T00:00:00Z,1901-01-01T00:00:00Z,left
http://www.wikidata.org/entity/Q408,Australia,AU,AUS,7692024,27614411,83.1,0.951,88965364775,1974-01-01T00:00:00Z,1901-01-01T00:00:00Z,left
http://www.wikidata.org/entity/Q408,Australia,AU,AUS,7692024,27614411,83.1,0.951,25977284156,1965-01-01T00:00:00Z,1901-01-01T00:00:00Z,left
http://www.wikidata.org/entity/Q408,Australia,AU,AUS,7692024,27614411,83.1,0.951,134900602067,1979-01-01T00:00:00Z,1901-01-01T00:00:00Z,left
http://www.wikidata.org/entity/Q408,Australia,AU,AUS,7692024,27614411,83.1,0.951,1556735770437,2021-01-01T00:00:00Z,1901-01-01T00:00:00Z,left
http://www.wikidata.org/entity/Q408,Australia,AU,AUS,7692024,27614411,83.1,0.951,194041708043,1982-01-01T00:00:00Z,1901-01-01T00:00:00Z,left
http://www.wikidata.org/entity/Q408,Australia,AU,AUS,7692024,27614411,83.1,0.951,928762122698,2009-01-01T00:00:00Z,1901-01-01T00:00:00Z,left
http://www.wikidata.org/entity/Q40,Austria,AT,AUT,83878.99,8979894,81,0.916,313952317330,2005-01-01T00:00:00Z,1918-11-12T00:00:00Z,right
http://www.wikidata.org/entity/Q40,Austria,AT,AUT,83878.99,8979894,81,0.916,39902300703,1975-01-01T00:00:00Z,1918-11-12T00:00:00Z,right
http://www.wikidata.org/entity/Q40,Austria,AT,AUT,83878.99,8979894,81,0.916,10041659445,1965-01-01T00:00:00Z,1918-11-12T00:00:00Z,right
http://www.wikidata.org/entity/Q40,Austria,AT,AUT,83878.99,8979894,81,0.916,414926138132,2017-01-01T00:00:00Z,1918-11-12T00:00:00Z,right
http://www.wikidata.org/entity/Q40,Austria,AT,AUT,83878.99,8979894,81,0.916,428954737064,2011-01-01T00:00:00Z,1918-11-12T00:00:00Z,right
http://www.wikidata.org/entity/Q40,Austria,AT,AUT,83878.99,8979894,81,0.916,386760177589,2007-01-01T00:00:00Z,1918-11-12T00:00:00Z,right
http://www.wikidata.org/entity/Q40,Austria,AT,AUT,83878.99,8979894,81,0.916,194314032056,1992-01-01T00:00:00Z,1918-11-12T00:00:00Z,right
http://www.wikidata.org/entity/Q40,Austria,AT,AUT,83878.99,8979894,81,0.916,389827789217,2010-01-01T00:00:00Z,1918-11-12T00:00:00Z,right
http://www.wikidata.org/entity/Q40,Austria,AT,AUT,83878.99,8979894,81,0.916,235952581232,1996-01-01T00:00:00Z,1918-11-12T00:00:00Z,right
http://www.wikidata.org/entity/Q40,Austria,AT,AUT,83878.99,8979894,81,0.916,10939526218,1966-01-01T00:00:00Z,1918-11-12T00:00:00Z,right
http://www.wikidata.org/entity/Q40,Austria,AT,AUT,83878.99,8979894,81,0.916,6624086313,1960-01-01T00:00:00Z,1918-11-12T00:00:00Z,right
http://www.wikidata.org/entity/Q40,Austria,AT,AUT,83878.99,8979894,81,0.916,173113449616,1991-01-01T00:00:00Z,1918-11-12T00:00:00Z,right
http://www.wikidata.org/entity/Q40,Austria,AT,AUT,83878.99,8979894,81,0.916,35051468639,1974-01-01T00:00:00Z,1918-11-12T00:00:00Z,right
http://www.wikidata.org/entity/Q40,Austria,AT,AUT,83878.99,8979894,81,0.916,196477206829,2001-01-01T00:00:00Z,1918-11-12T00:00:00Z,right
http://www.wikidata.org/entity/Q40,Austria,AT,AUT,83878.99,8979894,81,0.916,426580502769,2013-01-01T00:00:00Z,1918-11-12T00:00:00Z,right
http://www.wikidata.org/entity/Q40,Austria,AT,AUT,83878.99,8979894,81,0.916,480467037338,2021-01-01T00:00:00Z,1918-11-12T00:00:00Z,right
http://www.wikidata.org/entity/Q40,Austria,AT,AUT,83878.99,8979894,81,0.916,42791707448,1976-01-01T00:00:00Z,1918-11-12T00:00:00Z,right
http://www.wikidata.org/entity/Q40,Austria,AT,AUT,83878.99,8979894,81,0.916,196181599831,2000-01-01T00:00:00Z,1918-11-12T00:00:00Z,right
http://www.wikidata.org/entity/Q40,Austria,AT,AUT,83878.99,8979894,81,0.916,471400066091,2022-01-01T00:00:00Z,1918-11-12T00:00:00Z,right
http://www.wikidata.org/entity/Q40,Austria,AT,AUT,83878.99,8979894,81,0.916,399290118782,2009-01-01T00:00:00Z,1918-11-12T00:00:00Z,right
http://www.wikidata.org/entity/Q40,Austria,AT,AUT,83878.99,8979894,81,0.916,70996111962,1982-01-01T00:00:00Z,1918-11-12T00:00:00Z,right
http://www.wikidata.org/entity/Q40,Austria,AT,AUT,83878.99,8979894,81,0.916,69114996009,1985-01-01T00:00:00Z,1918-11-12T00:00:00Z,right
http://www.wikidata.org/entity/Q40,Austria,AT,AUT,83878.99,8979894,81,0.916,434397601557,2020-01-01T00:00:00Z,1918-11-12T00:00:00Z,right
http://www.wikidata.org/entity/Q40,Austria,AT,AUT,83878.99,8979894,81,0.916,217068085815,1998-01-01T00:00:00Z,1918-11-12T00:00:00Z,right
http://www.wikidata.org/entity/Q40,Austria,AT,AUT,83878.99,8979894,81,0.916,202738023129,1994-01-01T00:00:00Z,1918-11-12T00:00:00Z,right
http://www.wikidata.org/entity/Q40,Austria,AT,AUT,83878.99,8979894,81,0.916,333905979332,2006-01-01T00:00:00Z,1918-11-12T00:00:00Z,right
http://www.wikidata.org/entity/Q40,Austria,AT,AUT,83878.99,8979894,81,0.916,7793042529,1962-01-01T00:00:00Z,1918-11-12T00:00:00Z,right
http://www.wikidata.org/entity/Q40,Austria,AT,AUT,83878.99,8979894,81,0.916,17788536733,1971-01-01T00:00:00Z,1918-11-12T00:00:00Z,right
http://www.wikidata.org/entity/Q40,Austria,AT,AUT,83878.99,8979894,81,0.916,71838528420,1983-01-01T00:00:00Z,1918-11-12T00:00:00Z,right
http://www.wikidata.org/entity/Q40,Austria,AT,AUT,83878.99,8979894,81,0.916,429234399096,2008-01-01T00:00:00Z,1918-11-12T00:00:00Z,right
http://www.wikidata.org/entity/Q40,Austria,AT,AUT,83878.99,8979894,81,0.916,8414050621,1963-01-01T00:00:00Z,1918-11-12T00:00:00Z,right
http://www.wikidata.org/entity/Q40,Austria,AT,AUT,83878.99,8979894,81,0.916,13647475854,1969-01-01T00:00:00Z,1918-11-12T00:00:00Z,right
http://www.wikidata.org/entity/Q40,Austria,AT,AUT,83878.99,8979894,81,0.916,123682091858,1987-01-01T00:00:00Z,1918-11-12T00:00:00Z,right
http://www.wikidata.org/entity/Q40,Austria,AT,AUT,83878.99,8979894,81,0.916,132584448257,1989-01-01T00:00:00Z,1918-11-12T00:00:00Z,right
http://www.wikidata.org/entity/Q40,Austria,AT,AUT,83878.99,8979894,81,0.916,189634029338,1993-01-01T00:00:00Z,1918-11-12T00:00:00Z,right
http://www.wikidata.org/entity/Q40,Austria,AT,AUT,83878.99,8979894,81,0.916,452582294972,2018-01-01T00:00:00Z,1918-11-12T00:00:00Z,right
http://www.wikidata.org/entity/Q40,Austria,AT,AUT,83878.99,8979894,81,0.916,260779834340,2003-01-01T00:00:00Z,1918-11-12T00:00:00Z,right
http://www.wikidata.org/entity/Q40,Austria,AT,AUT,83878.99,8979894,81,0.916,438556021078,2014-01-01T00:00:00Z,1918-11-12T00:00:00Z,right
http://www.wikidata.org/entity/Q40,Austria,AT,AUT,83878.99,8979894,81,0.916,12499863917,1968-01-01T00:00:00Z,1918-11-12T00:00:00Z,right
http://www.wikidata.org/entity/Q40,Austria,AT,AUT,83878.99,8979894,81,0.916,299210411454,2004-01-01T00:00:00Z,1918-11-12T00:00:00Z,right
http://www.wikidata.org/entity/Q40,Austria,AT,AUT,83878.99,8979894,81,0.916,132817124707,1988-01-01T00:00:00Z,1918-11-12T00:00:00Z,right
http://www.wikidata.org/entity/Q40,Austria,AT,AUT,83878.99,8979894,81,0.916,70755997062,1981-01-01T00:00:00Z,1918-11-12T00:00:00Z,right
http://www.wikidata.org/entity/Q40,Austria,AT,AUT,83878.99,8979894,81,0.916,61809208755,1978-01-01T00:00:00Z,1918-11-12T00:00:00Z,right
http://www.wikidata.org/entity/Q40,Austria,AT,AUT,83878.99,8979894,81,0.916,211724812267,1997-01-01T00:00:00Z,1918-11-12T00:00:00Z,right
http://www.wikidata.org/entity/Q40,Austria,AT,AUT,83878.99,8979894,81,0.916,11634569521,1967-01-01T00:00:00Z,1918-11-12T00:00:00Z,right
http://www.wikidata.org/entity/Q40,Austria,AT,AUT,83878.99,8979894,81,0.916,73647694287,1979-01-01T00:00:00Z,1918-11-12T00:00:00Z,right
http://www.wikidata.org/entity/Q40,Austria,AT,AUT,83878.99,8979894,81,0.916,406750487603,2012-01-01T00:00:00Z,1918-11-12T00:00:00Z,right
http://www.wikidata.org/entity/Q40,Austria,AT,AUT,83878.99,8979894,81,0.916,51343861460,1977-01-01T00:00:00Z,1918-11-12T00:00:00Z,right
http://www.wikidata.org/entity/Q40,Austria,AT,AUT,83878.99,8979894,81,0.916,240094169510,1995-01-01T00:00:00Z,1918-11-12T00:00:00Z,right
http://www.wikidata.org/entity/Q40,Austria,AT,AUT,83878.99,8979894,81,0.916,98648254168,1986-01-01T00:00:00Z,1918-11-12T00:00:00Z,right
http://www.wikidata.org/entity/Q40,Austria,AT,AUT,83878.99,8979894,81,0.916,480368403893,2021-01-01T00:00:00Z,1918-11-12T00:00:00Z,right
http://www.wikidata.org/entity/Q40,Austria,AT,AUT,83878.99,8979894,81,0.916,471773629830,2022-01-01T00:00:00Z,1918-11-12T00:00:00Z,right
http://www.wikidata.org/entity/Q40,Austria,AT,AUT,83878.99,8979894,81,0.916,7346566037,1961-01-01T00:00:00Z,1918-11-12T00:00:00Z,right
http://www.wikidata.org/entity/Q40,Austria,AT,AUT,83878.99,8979894,81,0.916,216421809125,1999-01-01T00:00:00Z,1918-11-12T00:00:00Z,right
http://www.wikidata.org/entity/Q40,Austria,AT,AUT,83878.99,8979894,81,0.916,15312791743,1970-01-01T00:00:00Z,1918-11-12T00:00:00Z,right
http://www.wikidata.org/entity/Q40,Austria,AT,AUT,83878.99,8979894,81,0.916,212837224022,2002-01-01T00:00:00Z,1918-11-12T00:00:00Z,right
http://www.wikidata.org/entity/Q40,Austria,AT,AUT,83878.99,8979894,81,0.916,165811372382,1990-01-01T00:00:00Z,1918-11-12T00:00:00Z,right
http://www.wikidata.org/entity/Q40,Austria,AT,AUT,83878.99,8979894,81,0.916,511685203845,2023-01-01T00:00:00Z,1918-11-12T00:00:00Z,right
http://www.wikidata.org/entity/Q40,Austria,AT,AUT,83878.99,8979894,81,0.916,29399860144,1973-01-01T00:00:00Z,1918-11-12T00:00:00Z,right
http://www.wikidata.org/entity/Q40,Austria,AT,AUT,83878.99,8979894,81,0.916,81737498404,1980-01-01T00:00:00Z,1918-11-12T00:00:00Z,right
http://www.wikidata.org/entity/Q40,Austria,AT,AUT,83878.99,8979894,81,0.916,442983642371,2019-01-01T00:00:00Z,1918-11-12T00:00:00Z,right
http://www.wikidata.org/entity/Q40,Austria,AT,AUT,83878.99,8979894,81,0.916,9213648655,1964-01-01T00:00:00Z,1918-11-12T00:00:00Z,right
http://www.wikidata.org/entity/Q40,Austria,AT,AUT,83878.99,8979894,81,0.916,379546097300,2015-01-01T00:00:00Z,1918-11-12T00:00:00Z,right
http://www.wikidata.org/entity/Q40,Austria,AT,AUT,83878.99,8979894,81,0.916,21973207929,1972-01-01T00:00:00Z,1918-11-12T00:00:00Z,right
http://www.wikidata.org/entity/Q40,Austria,AT,AUT,83878.99,8979894,81,0.916,393687359770,2016-01-01T00:00:00Z,1918-11-12T00:00:00Z,right
http://www.wikidata.org/entity/Q40,Austria,AT,AUT,83878.99,8979894,81,0.916,67719055773,1984-01-01T00:00:00Z,1918-11-12T00:00:00Z,right
http://www.wikidata.org/entity/Q227,Azerbaijan,AZ,AZE,86600,10180770,72.026,0.745,4581248566,1999-01-01T00:00:00Z,1991-01-01T00:00:00Z,right
http://www.wikidata.org/entity/Q227,Azerbaijan,AZ,AZE,86600,10180770,72.026,0.745,75239785452,2014-01-01T00:00:00Z,1991-01-01T00:00:00Z,right
http://www.wikidata.org/entity/Q227,Azerbaijan,AZ,AZE,86600,10180770,72.026,0.745,53076235354,2015-01-01T00:00:00Z,1991-01-01T00:00:00Z,right
http://www.wikidata.org/entity/Q227,Azerbaijan,AZ,AZE,86600,10180770,72.026,0.745,40866627351,2017-01-01T00:00:00Z,1991-01-01T00:00:00Z,right
http://www.wikidata.org/entity/Q227,Azerbaijan,AZ,AZE,86600,10180770,72.026,0.745,4446368570,1998-01-01T00:00:00Z,1991-01-01T00:00:00Z,right
http://www.wikidata.org/entity/Q227,Azerbaijan,AZ,AZE,86600,10180770,72.026,0.745,8680405740,2004-01-01T00:00:00Z,1991-01-01T00:00:00Z,right
http://www.wikidata.org/entity/Q227,Azerbaijan,AZ,AZE,86600,10180770,72.026,0.745,52909294791,2010-01-01T00:00:00Z,1991-01-01T00:00:00Z,right
http://www.wikidata.org/entity/Q227,Azerbaijan,AZ,AZE,86600,10180770,72.026,0.745,7276413079,2003-01-01T00:00:00Z,1991-01-01T00:00:00Z,right
http://www.wikidata.org/entity/Q227,Azerbaijan,AZ,AZE,86600,10180770,72.026,0.745,33049419431,2007-01-01T00:00:00Z,1991-01-01T00:00:00Z,right
http://www.wikidata.org/entity/Q227,Azerbaijan,AZ,AZE,86600,10180770,72.026,0.745,5272615722,2000-01-01T00:00:00Z,1991-01-01T00:00:00Z,right
http://www.wikidata.org/entity/Q227,Azerbaijan,AZ,AZE,86600,10180770,72.026,0.745,13245421880,2005-01-01T00:00:00Z,1991-01-01T00:00:00Z,right
http://www.wikidata.org/entity/Q227,Azerbaijan,AZ,AZE,86600,10180770,72.026,0.745,74160560123,2013-01-01T00:00:00Z,1991-01-01T00:00:00Z,right
http://www.wikidata.org/entity/Q227,Azerbaijan,AZ,AZE,86600,10180770,72.026,0.745,54825411765,2021-01-01T00:00:00Z,1991-01-01T00:00:00Z,right
http://www.wikidata.org/entity/Q227,Azerbaijan,AZ,AZE,86600,10180770,72.026,0.745,5707616203,2001-01-01T00:00:00Z,1991-01-01T00:00:00Z,right
http://www.wikidata.org/entity/Q227,Azerbaijan,AZ,AZE,86600,10180770,72.026,0.745,69679944504,2012-01-01T00:00:00Z,1991-01-01T00:00:00Z,right
http://www.wikidata.org/entity/Q227,Azerbaijan,AZ,AZE,86600,10180770,72.026,0.745,78721058824,2022-01-01T00:00:00Z,1991-01-01T00:00:00Z,right
http://www.wikidata.org/entity/Q227,Azerbaijan,AZ,AZE,86600,10180770,72.026,0.745,72356176470,2023-01-01T00:00:00Z,1991-01-01T00:00:00Z,right
http://www.wikidata.org/entity/Q227,Azerbaijan,AZ,AZE,86600,10180770,72.026,0.745,44292427184,2009-01-01T00:00:00Z,1991-01-01T00:00:00Z,right
http://www.wikidata.org/entity/Q227,Azerbaijan,AZ,AZE,86600,10180770,72.026,0.745,48851293785,2008-01-01T00:00:00Z,1991-01-01T00:00:00Z,right
http://www.wikidata.org/entity/Q227,Azerbaijan,AZ,AZE,86600,10180770,72.026,0.745,1193141110,1994-01-01T00:00:00Z,1991-01-01T00:00:00Z,right
http://www.wikidata.org/entity/Q227,Azerbaijan,AZ,AZE,86600,10180770,72.026,0.745,444658671,1992-01-01T00:00:00Z,1991-01-01T00:00:00Z,right
http://www.wikidata.org/entity/Q227,Azerbaijan,AZ,AZE,86600,10180770,72.026,0.745,54825411764,2021-01-01T00:00:00Z,1991-01-01T00:00:00Z,right
http://www.wikidata.org/entity/Q227,Azerbaijan,AZ,AZE,86600,10180770,72.026,0.745,3962362387,1997-01-01T00:00:00Z,1991-01-01T00:00:00Z,right
http://www.wikidata.org/entity/Q227,Azerbaijan,AZ,AZE,86600,10180770,72.026,0.745,37866996882,2016-01-01T00:00:00Z,1991-01-01T00:00:00Z,right
http://www.wikidata.org/entity/Q227,Azerbaijan,AZ,AZE,86600,10180770,72.026,0.745,1570392598,1993-01-01T00:00:00Z,1991-01-01T00:00:00Z,right
http://www.wikidata.org/entity/Q227,Azerbaijan,AZ,AZE,86600,10180770,72.026,0.745,47112470051,2018-01-01T00:00:00Z,1991-01-01T00:00:00Z,right
http://www.wikidata.org/entity/Q227,Azerbaijan,AZ,AZE,86600,10180770,72.026,0.745,8884848484,1990-01-01T00:00:00Z,1991-01-01T00:00:00Z,right
http://www.wikidata.org/entity/Q227,Azerbaijan,AZ,AZE,86600,10180770,72.026,0.745,2417331192,1995-01-01T00:00:00Z,1991-01-01T00:00:00Z,right
http://www.wikidata.org/entity/Q227,Azerbaijan,AZ,AZE,86600,10180770,72.026,0.745,42693000000,2020-01-01T00:00:00Z,1991-01-01T00:00:00Z,right
http://www.wikidata.org/entity/Q227,Azerbaijan,AZ,AZE,86600,10180770,72.026,0.745,5344000000,1991-01-01T00:00:00Z,1991-01-01T00:00:00Z,right
http://www.wikidata.org/entity/Q227,Azerbaijan,AZ,AZE,86600,10180770,72.026,0.745,6236087738,2002-01-01T00:00:00Z,1991-01-01T00:00:00Z,right
http://www.wikidata.org/entity/Q227,Azerbaijan,AZ,AZE,86600,10180770,72.026,0.745,3176507376,1996-01-01T00:00:00Z,1991-01-01T00:00:00Z,right
http://www.wikidata.org/entity/Q227,Azerbaijan,AZ,AZE,86600,10180770,72.026,0.745,78807470588,2022-01-01T00:00:00Z,1991-01-01T00:00:00Z,right
http://www.wikidata.org/entity/Q227,Azerbaijan,AZ,AZE,86600,10180770,72.026,0.745,65952796427,2011-01-01T00:00:00Z,1991-01-01T00:00:00Z,right
http://www.wikidata.org/entity/Q227,Azerbaijan,AZ,AZE,86600,10180770,72.026,0.745,20981929497,2006-01-01T00:00:00Z,1991-01-01T00:00:00Z,right
http://www.wikidata.org/entity/Q227,Azerbaijan,AZ,AZE,86600,10180770,72.026,0.745,48174235294,2019-01-01T00:00:00Z,1991-01-01T00:00:00Z,right
http://www.wikidata.org/entity/Q398,Bahrain,BH,BHR,786.5,1569666,76.9,0.875,44390820479,2022-01-01T00:00:00Z,1971-08-14T00:00:00Z,right
http://www.wikidata.org/entity/Q398,Bahrain,BH,BHR,786.5,1569666,76.9,0.875,39303403989,2021-01-01T00:00:00Z,1971-08-14T00:00:00Z,right
http://www.wikidata.org/entity/Q902,Bangladesh,BD,BGD,147570,171466990,74,0.661,133310747603,2012-01-01T00:00:00Z,1971-03-26T00:00:00Z,left
http://www.wikidata.org/entity/Q902,Bangladesh,BD,BGD,147570,171466990,74,0.661,20249694002,1981-01-01T00:00:00Z,1971-03-26T00:00:00Z,left
http://www.wikidata.org/entity/Q902,Bangladesh,BD,BGD,147570,171466990,74,0.661,18920840000,1984-01-01T00:00:00Z,1971-03-26T00:00:00Z,left
http://www.wikidata.org/entity/Q902,Bangladesh,BD,BGD,147570,171466990,74,0.661,31598340778,1990-01-01T00:00:00Z,1971-03-26T00:00:00Z,left
http://www.wikidata.org/entity/Q902,Bangladesh,BD,BGD,147570,171466990,74,0.661,293732446624,2017-01-01T00:00:00Z,1971-03-26T00:00:00Z,left
http://www.wikidata.org/entity/Q902,Bangladesh,BD,BGD,147570,171466990,74,0.661,24298032258,1987-01-01T00:00:00Z,1971-03-26T00:00:00Z,left
http://www.wikidata.org/entity/Q902,Bangladesh,BD,BGD,147570,171466990,74,0.661,321362752441,2018-01-01T00:00:00Z,1971-03-26T00:00:00Z,left
http://www.wikidata.org/entity/Q902,Bangladesh,BD,BGD,147570,171466990,74,0.661,60158929188,2003-01-01T00:00:00Z,1971-03-26T00:00:00Z,left
http://www.wikidata.org/entity/Q902,Bangladesh,BD,BGD,147570,171466990,74,0.661,53991289844,2001-01-01T00:00:00Z,1971-03-26T00:00:00Z,left
http://www.wikidata.org/entity/Q902,Bangladesh,BD,BGD,147570,171466990,74,0.661,91636997370,2008-01-01T00:00:00Z,1971-03-26T00:00:00Z,left
http://www.wikidata.org/entity/Q902,Bangladesh,BD,BGD,147570,171466990,74,0.661,115275540051,2010-01-01T00:00:00Z,1971-03-26T00:00:00Z,left
http://www.wikidata.org/entity/Q902,Bangladesh,BD,BGD,147570,171466990,74,0.661,54724081490,2002-01-01T00:00:00Z,1971-03-26T00:00:00Z,left
http://www.wikidata.org/entity/Q902,Bangladesh,BD,BGD,147570,171466990,74,0.661,128607482310,2011-01-01T00:00:00Z,1971-03-26T00:00:00Z,left
http://www.wikidata.org/entity/Q902,Bangladesh,BD,BGD,147570,171466990,74,0.661,30957483949,1991-01-01T00:00:00Z,1971-03-26T00:00:00Z,left
http://www.wikidata.org/entity/Q902,Bangladesh,BD,BGD,147570,171466990,74,0.661,172886611653,2014-01-01T00:00:00Z,1971-03-26T00:00:00Z,left
http://www.wikidata.org/entity/Q902,Bangladesh,BD,BGD,147570,171466990,74,0.661,195146608978,2015-01-01T00:00:00Z,1971-03-26T00:00:00Z,left
http://www.wikidata.org/entity/Q902,Bangladesh,BD,BGD,147570,171466990,74,0.661,18138049095,1980-01-01T00:00:00Z,1971-03-26T00:00:00Z,left
http://www.wikidata.org/entity/Q902,Bangladesh,BD,BGD,147570,171466990,74,0.661,102475158190,2009-01-01T00:00:00Z,1971-03-26T00:00:00Z,left
http://www.wikidata.org/entity/Q902,Bangladesh,BD,BGD,147570,171466990,74,0.661,5386054833,1964-01-01T00:00:00Z,1971-03-26T00:00:00Z,left
http://www.wikidata.org/entity/Q902,Bangladesh,BD,BGD,147570,171466990,74,0.661,7253575687,1967-01-01T00:00:00Z,1971-03-26T00:00:00Z,left
http://www.wikidata.org/entity/Q902,Bangladesh,BD,BGD,147570,171466990,74,0.661,5081413541,1962-01-01T00:00:00Z,1971-03-26T00:00:00Z,left
http://www.wikidata.org/entity/Q902,Bangladesh,BD,BGD,147570,171466990,74,0.661,26579005558,1988-01-01T00:00:00Z,1971-03-26T00:00:00Z,left
http://www.wikidata.org/entity/Q902,Bangladesh,BD,BGD,147570,171466990,74,0.661,4817580375,1961-01-01T00:00:00Z,1971-03-26T00:00:00Z,left
http://www.wikidata.org/entity/Q902,Bangladesh,BD,BGD,147570,171466990,74,0.661,351231654603,2019-01-01T00:00:00Z,1971-03-26T00:00:00Z,left
http://www.wikidata.org/entity/Q902,Bangladesh,BD,BGD,147570,171466990,74,0.661,8992722166,1970-01-01T00:00:00Z,1971-03-26T00:00:00Z,left
http://www.wikidata.org/entity/Q902,Bangladesh,BD,BGD,147570,171466990,74,0.661,8086725729,1973-01-01T00:00:00Z,1971-03-26T00:00:00Z,left
http://www.wikidata.org/entity/Q902,Bangladesh,BD,BGD,147570,171466990,74,0.661,15565480321,1979-01-01T00:00:00Z,1971-03-26T00:00:00Z,left
http://www.wikidata.org/entity/Q902,Bangladesh,BD,BGD,147570,171466990,74,0.661,48244309133,1997-01-01T00:00:00Z,1971-03-26T00:00:00Z,left
http://www.wikidata.org/entity/Q902,Bangladesh,BD,BGD,147570,171466990,74,0.661,71795736172,2006-01-01T00:00:00Z,1971-03-26T00:00:00Z,left
http://www.wikidata.org/entity/Q902,Bangladesh,BD,BGD,147570,171466990,74,0.661,13281767142,1978-01-01T00:00:00Z,1971-03-26T00:00:00Z,left
http://www.wikidata.org/entity/Q902,Bangladesh,BD,BGD,147570,171466990,74,0.661,65108544250,2004-01-01T00:00:00Z,1971-03-26T00:00:00Z,left
http://www.wikidata.org/entity/Q902,Bangladesh,BD,BGD,147570,171466990,74,0.661,12512460519,1974-01-01T00:00:00Z,1971-03-26T00:00:00Z,left
http://www.wikidata.org/entity/Q902,Bangladesh,BD,BGD,147570,171466990,74,0.661,8471006437,1969-01-01T00:00:00Z,1971-03-26T00:00:00Z,left
http://www.wikidata.org/entity/Q902,Bangladesh,BD,BGD,147570,171466990,74,0.661,49984559471,1998-01-01T00:00:00Z,1971-03-26T00:00:00Z,left
http://www.wikidata.org/entity/Q902,Bangladesh,BD,BGD,147570,171466990,74,0.661,9651149301,1977-01-01T00:00:00Z,1971-03-26T00:00:00Z,left
http://www.wikidata.org/entity/Q902,Bangladesh,BD,BGD,147570,171466990,74,0.661,8751843187,1971-01-01T00:00:00Z,1971-03-26T00:00:00Z,left
http://www.wikidata.org/entity/Q902,Bangladesh,BD,BGD,147570,171466990,74,0.661,79611644974,2007-01-01T00:00:00Z,1971-03-26T00:00:00Z,left
http://www.wikidata.org/entity/Q902,Bangladesh,BD,BGD,147570,171466990,74,0.661,416271647911,2021-01-01T00:00:00Z,1971-03-26T00:00:00Z,left
http://www.wikidata.org/entity/Q902,Bangladesh,BD,BGD,147570,171466990,74,0.661,10117113333,1976-01-01T00:00:00Z,1971-03-26T00:00:00Z,left
http://www.wikidata.org/entity/Q902,Bangladesh,BD,BGD,147570,171466990,74,0.661,4274894083,1960-01-01T00:00:00Z,1971-03-26T00:00:00Z,left
http://www.wikidata.org/entity/Q902,Bangladesh,BD,BGD,147570,171466990,74,0.661,33166519417,1993-01-01T00:00:00Z,1971-03-26T00:00:00Z,left
http://www.wikidata.org/entity/Q902,Bangladesh,BD,BGD,147570,171466990,74,0.661,19448348073,1975-01-01T00:00:00Z,1971-03-26T00:00:00Z,left
http://www.wikidata.org/entity/Q902,Bangladesh,BD,BGD,147570,171466990,74,0.661,6439687854,1966-01-01T00:00:00Z,1971-03-26T00:00:00Z,left
http://www.wikidata.org/entity/Q902,Bangladesh,BD,BGD,147570,171466990,74,0.661,31708874594,1992-01-01T00:00:00Z,1971-03-26T00:00:00Z,left
http://www.wikidata.org/entity/Q902,Bangladesh,BD,BGD,147570,171466990,74,0.661,6288245866,1972-01-01T00:00:00Z,1971-03-26T00:00:00Z,left
http://www.wikidata.org/entity/Q902,Bangladesh,BD,BGD,147570,171466990,74,0.661,53369787318,2000-01-01T00:00:00Z,1971-03-26T00:00:00Z,left
http://www.wikidata.org/entity/Q902,Bangladesh,BD,BGD,147570,171466990,74,0.661,51270569883,1999-01-01T00:00:00Z,1971-03-26T00:00:00Z,left
http://www.wikidata.org/entity/Q902,Bangladesh,BD,BGD,147570,171466990,74,0.661,69476001239,2005-01-01T00:00:00Z,1971-03-26T00:00:00Z,left
http://www.wikidata.org/entity/Q902,Bangladesh,BD,BGD,147570,171466990,74,0.661,33768660882,1994-01-01T00:00:00Z,1971-03-26T00:00:00Z,left
http://www.wikidata.org/entity/Q902,Bangladesh,BD,BGD,147570,171466990,74,0.661,265224515675,2016-01-01T00:00:00Z,1971-03-26T00:00:00Z,left
http://www.wikidata.org/entity/Q902,Bangladesh,BD,BGD,147570,171466990,74,0.661,460131688909,2022-01-01T00:00:00Z,1971-03-26T00:00:00Z,left
http://www.wikidata.org/entity/Q902,Bangladesh,BD,BGD,147570,171466990,74,0.661,21774033333,1986-01-01T00:00:00Z,1971-03-26T00:00:00Z,left
http://www.wikidata.org/entity/Q902,Bangladesh,BD,BGD,147570,171466990,74,0.661,46438484107,1996-01-01T00:00:00Z,1971-03-26T00:00:00Z,left
http://www.wikidata.org/entity/Q902,Bangladesh,BD,BGD,147570,171466990,74,0.661,18525399201,1982-01-01T00:00:00Z,1971-03-26T00:00:00Z,left
http://www.wikidata.org/entity/Q902,Bangladesh,BD,BGD,147570,171466990,74,0.661,437415331040,2023-01-01T00:00:00Z,1971-03-26T00:00:00Z,left
http://www.wikidata.org/entity/Q902,Bangladesh,BD,BGD,147570,171466990,74,0.661,149998957434,2013-01-01T00:00:00Z,1971-03-26T00:00:00Z,left
http://www.wikidata.org/entity/Q902,Bangladesh,BD,BGD,147570,171466990,74,0.661,373979442362,2020-01-01T00:00:00Z,1971-03-26T00:00:00Z,left
http://www.wikidata.org/entity/Q902,Bangladesh,BD,BGD,147570,171466990,74,0.661,17609048821,1983-01-01T00:00:00Z,1971-03-26T00:00:00Z,left
http://www.wikidata.org/entity/Q902,Bangladesh,BD,BGD,147570,171466990,74,0.661,28781715188,1989-01-01T00:00:00Z,1971-03-26T00:00:00Z,left
http://www.wikidata.org/entity/Q902,Bangladesh,BD,BGD,147570,171466990,74,0.661,5906636791,1965-01-01T00:00:00Z,1971-03-26T00:00:00Z,left
http://www.wikidata.org/entity/Q902,Bangladesh,BD,BGD,147570,171466990,74,0.661,460201000095,2022-01-01T00:00:00Z,1971-03-26T00:00:00Z,left
http://www.wikidata.org/entity/Q902,Bangladesh,BD,BGD,147570,171466990,74,0.661,22278423076,1985-01-01T00:00:00Z,1971-03-26T00:00:00Z,left
http://www.wikidata.org/entity/Q902,Bangladesh,BD,BGD,147570,171466990,74,0.661,37939748768,1995-01-01T00:00:00Z,1971-03-26T00:00:00Z,left
http://www.wikidata.org/entity/Q902,Bangladesh,BD,BGD,147570,171466990,74,0.661,5319458562,1963-01-01T00:00:00Z,1971-03-26T00:00:00Z,left
http://www.wikidata.org/entity/Q902,Bangladesh,BD,BGD,147570,171466990,74,0.661,416264802185,2021-01-01T00:00:00Z,1971-03-26T00:00:00Z,left
http://www.wikidata.org/entity/Q902,Bangladesh,BD,BGD,147570,171466990,74,0.661,7483685770,1968-01-01T00:00:00Z,1971-03-26T00:00:00Z,left
http://www.wikidata.org/entity/Q244,Barbados,BB,BRB,439,303431,78,0.79,4843800000,2021-01-01T00:00:00Z,1966-11-30T00:00:00Z,left
http://www.wikidata.org/entity/Q244,Barbados,BB,BRB,439,303431,78,0.79,5637914515,2022-01-01T00:00:00Z,1966-11-30T00:00:00Z,left
http://www.wikidata.org/entity/Q184,Belarus,BY,BLR,207596.76,9056080,73.82683,0.808,14130585516,1997-01-01T00:00:00Z,1991-08-25T00:00:00Z,right
http://www.wikidata.org/entity/Q184,Belarus,BY,BLR,207596.76,9056080,73.82683,0.808,69673747131,2021-01-01T00:00:00Z,1991-08-25T00:00:00Z,right
http://www.wikidata.org/entity/Q184,Belarus,BY,BLR,207596.76,9056080,73.82683,0.808,72793457588,2022-01-01T00:00:00Z,1991-08-25T00:00:00Z,right
http://www.wikidata.org/entity/Q184,Belarus,BY,BLR,207596.76,9056080,73.82683,0.808,75527558966,2013-01-01T00:00:00Z,1991-08-25T00:00:00Z,right
http://www.wikidata.org/entity/Q184,Belarus,BY,BLR,207596.76,9056080,73.82683,0.808,61371755326,2020-01-01T00:00:00Z,1991-08-25T00:00:00Z,right
http://www.wikidata.org/entity/Q184,Belarus,BY,BLR,207596.76,9056080,73.82683,0.808,14931435232,1994-01-01T00:00:00Z,1991-08-25T00:00:00Z,right
http://www.wikidata.org/entity/Q184,Belarus,BY,BLR,207596.76,9056080,73.82683,0.808,14756846153,1996-01-01T00:00:00Z,1991-08-25T00:00:00Z,right
http://www.wikidata.org/entity/Q184,Belarus,BY,BLR,207596.76,9056080,73.82683,0.808,71857382745,2023-01-01T00:00:00Z,1991-08-25T00:00:00Z,right
http://www.wikidata.org/entity/Q184,Belarus,BY,BLR,207596.76,9056080,73.82683,0.808,73775179924,2022-01-01T00:00:00Z,1991-08-25T00:00:00Z,right
http://www.wikidata.org/entity/Q184,Belarus,BY,BLR,207596.76,9056080,73.82683,0.808,12138243080,1999-01-01T00:00:00Z,1991-08-25T00:00:00Z,right
http://www.wikidata.org/entity/Q184,Belarus,BY,BLR,207596.76,9056080,73.82683,0.808,13972683273,1995-01-01T00:00:00Z,1991-08-25T00:00:00Z,right
http://www.wikidata.org/entity/Q184,Belarus,BY,BLR,207596.76,9056080,73.82683,0.808,45275711995,2007-01-01T00:00:00Z,1991-08-25T00:00:00Z,right
http://www.wikidata.org/entity/Q184,Belarus,BY,BLR,207596.76,9056080,73.82683,0.808,17389558232,1990-01-01T00:00:00Z,1991-08-25T00:00:00Z,right
http://www.wikidata.org/entity/Q184,Belarus,BY,BLR,207596.76,9056080,73.82683,0.808,16275073526,1993-01-01T00:00:00Z,1991-08-25T00:00:00Z,right
http://www.wikidata.org/entity/Q184,Belarus,BY,BLR,207596.76,9056080,73.82683,0.808,36961894281,2006-01-01T00:00:00Z,1991-08-25T00:00:00Z,right
http://www.wikidata.org/entity/Q184,Belarus,BY,BLR,207596.76,9056080,73.82683,0.808,14594900944,2002-01-01T00:00:00Z,1991-08-25T00:00:00Z,right
http://www.wikidata.org/entity/Q184,Belarus,BY,BLR,207596.76,9056080,73.82683,0.808,18404907975,1991-01-01T00:00:00Z,1991-08-25T00:00:00Z,right
http://www.wikidata.org/entity/Q184,Belarus,BY,BLR,207596.76,9056080,73.82683,0.808,12736780455,2000-01-01T00:00:00Z,1991-08-25T00:00:00Z,right
http://www.wikidata.org/entity/Q184,Belarus,BY,BLR,207596.76,9056080,73.82683,0.808,23141566292,2004-01-01T00:00:00Z,1991-08-25T00:00:00Z,right
http://www.wikidata.org/entity/Q184,Belarus,BY,BLR,207596.76,9056080,73.82683,0.808,17825444724,2003-01-01T00:00:00Z,1991-08-25T00:00:00Z,right
http://www.wikidata.org/entity/Q184,Belarus,BY,BLR,207596.76,9056080,73.82683,0.808,12354820143,2001-01-01T00:00:00Z,1991-08-25T00:00:00Z,right
http://www.wikidata.org/entity/Q184,Belarus,BY,BLR,207596.76,9056080,73.82683,0.808,54725302249,2017-01-01T00:00:00Z,1991-08-25T00:00:00Z,right
http://www.wikidata.org/entity/Q184,Belarus,BY,BLR,207596.76,9056080,73.82683,0.808,61762382327,2011-01-01T00:00:00Z,1991-08-25T00:00:00Z,right
http://www.wikidata.org/entity/Q184,Belarus,BY,BLR,207596.76,9056080,73.82683,0.808,78812805039,2014-01-01T00:00:00Z,1991-08-25T00:00:00Z,right
http://www.wikidata.org/entity/Q184,Belarus,BY,BLR,207596.76,9056080,73.82683,0.808,69673747132,2021-01-01T00:00:00Z,1991-08-25T00:00:00Z,right
http://www.wikidata.org/entity/Q184,Belarus,BY,BLR,207596.76,9056080,73.82683,0.808,57231904542,2010-01-01T00:00:00Z,1991-08-25T00:00:00Z,right
http://www.wikidata.org/entity/Q184,Belarus,BY,BLR,207596.76,9056080,73.82683,0.808,14130585516,1997-01-01T00:00:00Z,1991-09-19T00:00:00Z,right
http://www.wikidata.org/entity/Q184,Belarus,BY,BLR,207596.76,9056080,73.82683,0.808,69673747131,2021-01-01T00:00:00Z,1991-09-19T00:00:00Z,right
http://www.wikidata.org/entity/Q184,Belarus,BY,BLR,207596.76,9056080,73.82683,0.808,72793457588,2022-01-01T00:00:00Z,1991-09-19T00:00:00Z,right
http://www.wikidata.org/entity/Q184,Belarus,BY,BLR,207596.76,9056080,73.82683,0.808,75527558966,2013-01-01T00:00:00Z,1991-09-19T00:00:00Z,right
http://www.wikidata.org/entity/Q184,Belarus,BY,BLR,207596.76,9056080,73.82683,0.808,61371755326,2020-01-01T00:00:00Z,1991-09-19T00:00:00Z,right
http://www.wikidata.org/entity/Q184,Belarus,BY,BLR,207596.76,9056080,73.82683,0.808,14931435232,1994-01-01T00:00:00Z,1991-09-19T00:00:00Z,right
http://www.wikidata.org/entity/Q184,Belarus,BY,BLR,207596.76,9056080,73.82683,0.808,14756846153,1996-01-01T00:00:00Z,1991-09-19T00:00:00Z,right
http://www.wikidata.org/entity/Q184,Belarus,BY,BLR,207596.76,9056080,73.82683,0.808,71857382745,2023-01-01T00:00:00Z,1991-09-19T00:00:00Z,right
http://www.wikidata.org/entity/Q184,Belarus,BY,BLR,207596.76,9056080,73.82683,0.808,73775179924,2022-01-01T00:00:00Z,1991-09-19T00:00:00Z,right
http://www.wikidata.org/entity/Q184,Belarus,BY,BLR,207596.76,9056080,73.82683,0.808,12138243080,1999-01-01T00:00:00Z,1991-09-19T00:00:00Z,right
http://www.wikidata.org/entity/Q184,Belarus,BY,BLR,207596.76,9056080,73.82683,0.808,13972683273,1995-01-01T00:00:00Z,1991-09-19T00:00:00Z,right
http://www.wikidata.org/entity/Q184,Belarus,BY,BLR,207596.76,9056080,73.82683,0.808,45275711995,2007-01-01T00:00:00Z,1991-09-19T00:00:00Z,right
http://www.wikidata.org/entity/Q184,Belarus,BY,BLR,207596.76,9056080,73.82683,0.808,17389558232,1990-01-01T00:00:00Z,1991-09-19T00:00:00Z,right
http://www.wikidata.org/entity/Q184,Belarus,BY,BLR,207596.76,9056080,73.82683,0.808,16275073526,1993-01-01T00:00:00Z,1991-09-19T00:00:00Z,right
http://www.wikidata.org/entity/Q184,Belarus,BY,BLR,207596.76,9056080,73.82683,0.808,36961894281,2006-01-01T00:00:00Z,1991-09-19T00:00:00Z,right
http://www.wikidata.org/entity/Q184,Belarus,BY,BLR,207596.76,9056080,73.82683,0.808,14594900944,2002-01-01T00:00:00Z,1991-09-19T00:00:00Z,right
http://www.wikidata.org/entity/Q184,Belarus,BY,BLR,207596.76,9056080,73.82683,0.808,18404907975,1991-01-01T00:00:00Z,1991-09-19T00:00:00Z,right
http://www.wikidata.org/entity/Q184,Belarus,BY,BLR,207596.76,9056080,73.82683,0.808,12736780455,2000-01-01T00:00:00Z,1991-09-19T00:00:00Z,right
http://www.wikidata.org/entity/Q184,Belarus,BY,BLR,207596.76,9056080,73.82683,0.808,23141566292,2004-01-01T00:00:00Z,1991-09-19T00:00:00Z,right
http://www.wikidata.org/entity/Q184,Belarus,BY,BLR,207596.76,9056080,73.82683,0.808,17825444724,2003-01-01T00:00:00Z,1991-09-19T00:00:00Z,right
http://www.wikidata.org/entity/Q184,Belarus,BY,BLR,207596.76,9056080,73.82683,0.808,12354820143,2001-01-01T00:00:00Z,1991-09-19T00:00:00Z,right
http://www.wikidata.org/entity/Q184,Belarus,BY,BLR,207596.76,9056080,73.82683,0.808,54725302249,2017-01-01T00:00:00Z,1991-09-19T00:00:00Z,right
http://www.wikidata.org/entity/Q184,Belarus,BY,BLR,207596.76,9056080,73.82683,0.808,61762382327,2011-01-01T00:00:00Z,1991-09-19T00:00:00Z,right
http://www.wikidata.org/entity/Q184,Belarus,BY,BLR,207596.76,9056080,73.82683,0.808,78812805039,2014-01-01T00:00:00Z,1991-09-19T00:00:00Z,right
http://www.wikidata.org/entity/Q184,Belarus,BY,BLR,207596.76,9056080,73.82683,0.808,69673747132,2021-01-01T00:00:00Z,1991-09-19T00:00:00Z,right
http://www.wikidata.org/entity/Q184,Belarus,BY,BLR,207596.76,9056080,73.82683,0.808,57231904542,2010-01-01T00:00:00Z,1991-09-19T00:00:00Z,right
http://www.wikidata.org/entity/Q184,Belarus,BY,BLR,207596.76,9056080,73.82683,0.808,60031173807,2018-01-01T00:00:00Z,1991-08-25T00:00:00Z,right
http://www.wikidata.org/entity/Q184,Belarus,BY,BLR,207596.76,9056080,73.82683,0.808,60752106347,2008-01-01T00:00:00Z,1991-08-25T00:00:00Z,right
http://www.wikidata.org/entity/Q184,Belarus,BY,BLR,207596.76,9056080,73.82683,0.808,65685890438,2012-01-01T00:00:00Z,1991-08-25T00:00:00Z,right
http://www.wikidata.org/entity/Q184,Belarus,BY,BLR,207596.76,9056080,73.82683,0.808,56454889146,2015-01-01T00:00:00Z,1991-08-25T00:00:00Z,right
http://www.wikidata.org/entity/Q184,Belarus,BY,BLR,207596.76,9056080,73.82683,0.808,15221352698,1998-01-01T00:00:00Z,1991-08-25T00:00:00Z,right
http://www.wikidata.org/entity/Q184,Belarus,BY,BLR,207596.76,9056080,73.82683,0.808,64410122847,2019-01-01T00:00:00Z,1991-08-25T00:00:00Z,right
http://www.wikidata.org/entity/Q184,Belarus,BY,BLR,207596.76,9056080,73.82683,0.808,30210091836,2005-01-01T00:00:00Z,1991-08-25T00:00:00Z,right
http://www.wikidata.org/entity/Q184,Belarus,BY,BLR,207596.76,9056080,73.82683,0.808,47723545321,2016-01-01T00:00:00Z,1991-08-25T00:00:00Z,right
http://www.wikidata.org/entity/Q184,Belarus,BY,BLR,207596.76,9056080,73.82683,0.808,50873167326,2009-01-01T00:00:00Z,1991-08-25T00:00:00Z,right
http://www.wikidata.org/entity/Q184,Belarus,BY,BLR,207596.76,9056080,73.82683,0.808,16939790093,1992-01-01T00:00:00Z,1991-08-25T00:00:00Z,right
http://www.wikidata.org/entity/Q184,Belarus,BY,BLR,207596.76,9056080,73.82683,0.808,60031173807,2018-01-01T00:00:00Z,1991-09-19T00:00:00Z,right
http://www.wikidata.org/entity/Q184,Belarus,BY,BLR,207596.76,9056080,73.82683,0.808,60752106347,2008-01-01T00:00:00Z,1991-09-19T00:00:00Z,right
http://www.wikidata.org/entity/Q184,Belarus,BY,BLR,207596.76,9056080,73.82683,0.808,65685890438,2012-01-01T00:00:00Z,1991-09-19T00:00:00Z,right
http://www.wikidata.org/entity/Q184,Belarus,BY,BLR,207596.76,9056080,73.82683,0.808,56454889146,2015-01-01T00:00:00Z,1991-09-19T00:00:00Z,right
http://www.wikidata.org/entity/Q184,Belarus,BY,BLR,207596.76,9056080,73.82683,0.808,15221352698,1998-01-01T00:00:00Z,1991-09-19T00:00:00Z,right
http://www.wikidata.org/entity/Q184,Belarus,BY,BLR,207596.76,9056080,73.82683,0.808,64410122847,2019-01-01T00:00:00Z,1991-09-19T00:00:00Z,right
http://www.wikidata.org/entity/Q184,Belarus,BY,BLR,207596.76,9056080,73.82683,0.808,30210091836,2005-01-01T00:00:00Z,1991-09-19T00:00:00Z,right
http://www.wikidata.org/entity/Q184,Belarus,BY,BLR,207596.76,9056080,73.82683,0.808,47723545321,2016-01-01T00:00:00Z,1991-09-19T00:00:00Z,right
http://www.wikidata.org/entity/Q184,Belarus,BY,BLR,207596.76,9056080,73.82683,0.808,50873167326,2009-01-01T00:00:00Z,1991-09-19T00:00:00Z,right
http://www.wikidata.org/entity/Q184,Belarus,BY,BLR,207596.76,9056080,73.82683,0.808,16939790093,1992-01-01T00:00:00Z,1991-09-19T00:00:00Z,right
http://www.wikidata.org/entity/Q31,Belgium,BE,BEL,30688,11825551,81.69,0.937,37209418018,1972-01-01T00:00:00Z,1830-10-04T00:00:00Z,right
http://www.wikidata.org/entity/Q31,Belgium,BE,BEL,30688,11825551,81.69,0.937,593438820508,2022-01-01T00:00:00Z,1830-10-04T00:00:00Z,right
http://www.wikidata.org/entity/Q31,Belgium,BE,BEL,30688,11825551,81.69,0.937,20252508995,1967-01-01T00:00:00Z,1830-10-04T00:00:00Z,right
http://www.wikidata.org/entity/Q31,Belgium,BE,BEL,30688,11825551,81.69,0.937,210510999409,1991-01-01T00:00:00Z,1830-10-04T00:00:00Z,right
http://www.wikidata.org/entity/Q31,Belgium,BE,BEL,30688,11825551,81.69,0.937,24019653474,1969-01-01T00:00:00Z,1830-10-04T00:00:00Z,right
http://www.wikidata.org/entity/Q31,Belgium,BE,BEL,30688,11825551,81.69,0.937,104730018470,1981-01-01T00:00:00Z,1830-10-04T00:00:00Z,right
http://www.wikidata.org/entity/Q31,Belgium,BE,BEL,30688,11825551,81.69,0.937,29821661869,1971-01-01T00:00:00Z,1830-10-04T00:00:00Z,right
http://www.wikidata.org/entity/Q31,Belgium,BE,BEL,30688,11825551,81.69,0.937,14445805381,1963-01-01T00:00:00Z,1830-10-04T00:00:00Z,right
http://www.wikidata.org/entity/Q31,Belgium,BE,BEL,30688,11825551,81.69,0.937,205331747947,1990-01-01T00:00:00Z,1830-10-04T00:00:00Z,right
http://www.wikidata.org/entity/Q31,Belgium,BE,BEL,30688,11825551,81.69,0.937,47743801490,1973-01-01T00:00:00Z,1830-10-04T00:00:00Z,right
http://www.wikidata.org/entity/Q31,Belgium,BE,BEL,30688,11825551,81.69,0.937,598494036474,2021-01-01T00:00:00Z,1830-10-04T00:00:00Z,right
http://www.wikidata.org/entity/Q31,Belgium,BE,BEL,30688,11825551,81.69,0.937,234781652446,1992-01-01T00:00:00Z,1830-10-04T00:00:00Z,right
http://www.wikidata.org/entity/Q31,Belgium,BE,BEL,30688,11825551,81.69,0.937,87184239053,1983-01-01T00:00:00Z,1830-10-04T00:00:00Z,right
http://www.wikidata.org/entity/Q31,Belgium,BE,BEL,30688,11825551,81.69,0.937,408259840868,2006-01-01T00:00:00Z,1830-10-04T00:00:00Z,right
http://www.wikidata.org/entity/Q31,Belgium,BE,BEL,30688,11825551,81.69,0.937,485014525992,2009-01-01T00:00:00Z,1830-10-04T00:00:00Z,right
http://www.wikidata.org/entity/Q31,Belgium,BE,BEL,30688,11825551,81.69,0.937,17597783297,1965-01-01T00:00:00Z,1830-10-04T00:00:00Z,right
http://www.wikidata.org/entity/Q31,Belgium,BE,BEL,30688,11825551,81.69,0.937,258245733221,1999-01-01T00:00:00Z,1830-10-04T00:00:00Z,right
http://www.wikidata.org/entity/Q31,Belgium,BE,BEL,30688,11825551,81.69,0.937,26706196046,1970-01-01T00:00:00Z,1830-10-04T00:00:00Z,right
http://www.wikidata.org/entity/Q31,Belgium,BE,BEL,30688,11825551,81.69,0.937,318082528506,2003-01-01T00:00:00Z,1830-10-04T00:00:00Z,right
http://www.wikidata.org/entity/Q31,Belgium,BE,BEL,30688,11825551,81.69,0.937,149394404105,1987-01-01T00:00:00Z,1830-10-04T00:00:00Z,right
http://www.wikidata.org/entity/Q31,Belgium,BE,BEL,30688,11825551,81.69,0.937,83349530159,1984-01-01T00:00:00Z,1830-10-04T00:00:00Z,right
http://www.wikidata.org/entity/Q31,Belgium,BE,BEL,30688,11825551,81.69,0.937,21654856965,1968-01-01T00:00:00Z,1830-10-04T00:00:00Z,right
http://www.wikidata.org/entity/Q31,Belgium,BE,BEL,30688,11825551,81.69,0.937,279201433224,1996-01-01T00:00:00Z,1830-10-04T00:00:00Z,right
http://www.wikidata.org/entity/Q31,Belgium,BE,BEL,30688,11825551,81.69,0.937,164221056511,1989-01-01T00:00:00Z,1830-10-04T00:00:00Z,right
http://www.wikidata.org/entity/Q31,Belgium,BE,BEL,30688,11825551,81.69,0.937,244884129491,1994-01-01T00:00:00Z,1830-10-04T00:00:00Z,right
http://www.wikidata.org/entity/Q31,Belgium,BE,BEL,30688,11825551,81.69,0.937,470922156309,2007-01-01T00:00:00Z,1830-10-04T00:00:00Z,right
http://www.wikidata.org/entity/Q31,Belgium,BE,BEL,30688,11825551,81.69,0.937,461044767544,2015-01-01T00:00:00Z,1830-10-04T00:00:00Z,right
http://www.wikidata.org/entity/Q31,Belgium,BE,BEL,30688,11825551,81.69,0.937,529694473501,2020-01-01T00:00:00Z,1830-10-04T00:00:00Z,right
http://www.wikidata.org/entity/Q31,Belgium,BE,BEL,30688,11825551,81.69,0.937,101246526194,1978-01-01T00:00:00Z,1830-10-04T00:00:00Z,right
http://www.wikidata.org/entity/Q31,Belgium,BE,BEL,30688,11825551,81.69,0.937,224721795708,1993-01-01T00:00:00Z,1830-10-04T00:00:00Z,right
http://www.wikidata.org/entity/Q31,Belgium,BE,BEL,30688,11825551,81.69,0.937,56033077879,1974-01-01T00:00:00Z,1830-10-04T00:00:00Z,right
http://www.wikidata.org/entity/Q31,Belgium,BE,BEL,30688,11825551,81.69,0.937,11810619368,1960-01-01T00:00:00Z,1830-10-04T00:00:00Z,right
http://www.wikidata.org/entity/Q31,Belgium,BE,BEL,30688,11825551,81.69,0.937,126829314388,1980-01-01T00:00:00Z,1830-10-04T00:00:00Z,right
http://www.wikidata.org/entity/Q31,Belgium,BE,BEL,30688,11825551,81.69,0.937,13436827166,1962-01-01T00:00:00Z,1830-10-04T00:00:00Z,right
http://www.wikidata.org/entity/Q31,Belgium,BE,BEL,30688,11825551,81.69,0.937,236746141604,2001-01-01T00:00:00Z,1830-10-04T00:00:00Z,right
http://www.wikidata.org/entity/Q31,Belgium,BE,BEL,30688,11825551,81.69,0.937,92095926187,1982-01-01T00:00:00Z,1830-10-04T00:00:00Z,right
http://www.wikidata.org/entity/Q31,Belgium,BE,BEL,30688,11825551,81.69,0.937,498414364944,2012-01-01T00:00:00Z,1830-10-04T00:00:00Z,right
http://www.wikidata.org/entity/Q31,Belgium,BE,BEL,30688,11825551,81.69,0.937,527196649048,2011-01-01T00:00:00Z,1830-10-04T00:00:00Z,right
http://www.wikidata.org/entity/Q31,Belgium,BE,BEL,30688,11825551,81.69,0.937,481556503720,2010-01-01T00:00:00Z,1830-10-04T00:00:00Z,right
http://www.wikidata.org/entity/Q31,Belgium,BE,BEL,30688,11825551,81.69,0.937,385714762230,2005-01-01T00:00:00Z,1830-10-04T00:00:00Z,right
http://www.wikidata.org/entity/Q31,Belgium,BE,BEL,30688,11825551,81.69,0.937,16168044450,1964-01-01T00:00:00Z,1830-10-04T00:00:00Z,right
http://www.wikidata.org/entity/Q31,Belgium,BE,BEL,30688,11825551,81.69,0.937,12561701694,1961-01-01T00:00:00Z,1830-10-04T00:00:00Z,right
http://www.wikidata.org/entity/Q31,Belgium,BE,BEL,30688,11825551,81.69,0.937,65678189097,1975-01-01T00:00:00Z,1830-10-04T00:00:00Z,right
http://www.wikidata.org/entity/Q31,Belgium,BE,BEL,30688,11825551,81.69,0.937,258528339631,1998-01-01T00:00:00Z,1830-10-04T00:00:00Z,right
http://www.wikidata.org/entity/Q31,Belgium,BE,BEL,30688,11825551,81.69,0.937,252708051420,1997-01-01T00:00:00Z,1830-10-04T00:00:00Z,right
http://www.wikidata.org/entity/Q31,Belgium,BE,BEL,30688,11825551,81.69,0.937,162299103675,1988-01-01T00:00:00Z,1830-10-04T00:00:00Z,right
http://www.wikidata.org/entity/Q31,Belgium,BE,BEL,30688,11825551,81.69,0.937,116315456796,1979-01-01T00:00:00Z,1830-10-04T00:00:00Z,right
http://www.wikidata.org/entity/Q31,Belgium,BE,BEL,30688,11825551,81.69,0.937,537987419164,2014-01-01T00:00:00Z,1830-10-04T00:00:00Z,right
http://www.wikidata.org/entity/Q31,Belgium,BE,BEL,30688,11825551,81.69,0.937,524097026598,2013-01-01T00:00:00Z,1830-10-04T00:00:00Z,right
http://www.wikidata.org/entity/Q31,Belgium,BE,BEL,30688,11825551,81.69,0.937,71113882967,1976-01-01T00:00:00Z,1830-10-04T00:00:00Z,right
http://www.wikidata.org/entity/Q31,Belgium,BE,BEL,30688,11825551,81.69,0.937,474271566739,2016-01-01T00:00:00Z,1830-10-04T00:00:00Z,right
http://www.wikidata.org/entity/Q31,Belgium,BE,BEL,30688,11825551,81.69,0.937,500908767351,2017-01-01T00:00:00Z,1830-10-04T00:00:00Z,right
http://www.wikidata.org/entity/Q31,Belgium,BE,BEL,30688,11825551,81.69,0.937,236792460312,2000-01-01T00:00:00Z,1830-10-04T00:00:00Z,right
http://www.wikidata.org/entity/Q31,Belgium,BE,BEL,30688,11825551,81.69,0.937,18894891312,1966-01-01T00:00:00Z,1830-10-04T00:00:00Z,right
http://www.wikidata.org/entity/Q31,Belgium,BE,BEL,30688,11825551,81.69,0.937,536726344405,2019-01-01T00:00:00Z,1830-10-04T00:00:00Z,right
http://www.wikidata.org/entity/Q31,Belgium,BE,BEL,30688,11825551,81.69,0.937,82839905458,1977-01-01T00:00:00Z,1830-10-04T00:00:00Z,right
http://www.wikidata.org/entity/Q31,Belgium,BE,BEL,30688,11825551,81.69,0.937,120018787249,1986-01-01T00:00:00Z,1830-10-04T00:00:00Z,right
http://www.wikidata.org/entity/Q31,Belgium,BE,BEL,30688,11825551,81.69,0.937,542638913427,2018-01-01T00:00:00Z,1830-10-04T00:00:00Z,right
http://www.wikidata.org/entity/Q31,Belgium,BE,BEL,30688,11825551,81.69,0.937,258383599375,2002-01-01T00:00:00Z,1830-10-04T00:00:00Z,right
http://www.wikidata.org/entity/Q31,Belgium,BE,BEL,30688,11825551,81.69,0.937,517328087920,2008-01-01T00:00:00Z,1830-10-04T00:00:00Z,right
http://www.wikidata.org/entity/Q31,Belgium,BE,BEL,30688,11825551,81.69,0.937,369214712443,2004-01-01T00:00:00Z,1830-10-04T00:00:00Z,right
http://www.wikidata.org/entity/Q31,Belgium,BE,BEL,30688,11825551,81.69,0.937,288025588396,1995-01-01T00:00:00Z,1830-10-04T00:00:00Z,right
http://www.wikidata.org/entity/Q31,Belgium,BE,BEL,30688,11825551,81.69,0.937,86268264148,1985-01-01T00:00:00Z,1830-10-04T00:00:00Z,right
http://www.wikidata.org/entity/Q31,Belgium,BE,BEL,30688,11825551,81.69,0.937,644782756682,2023-01-01T00:00:00Z,1830-10-04T00:00:00Z,right
http://www.wikidata.org/entity/Q242,Belize,BZ,BLZ,22966,411106,71,0.683,47431255,1967-01-01T00:00:00Z,1981-09-21T00:00:00Z,right
http://www.wikidata.org/entity/Q242,Belize,BZ,BLZ,22966,411106,71,0.683,1738900000,2008-01-01T00:00:00Z,1981-09-21T00:00:00Z,right
http://www.wikidata.org/entity/Q242,Belize,BZ,BLZ,22966,411106,71,0.683,1000250000,1999-01-01T00:00:00Z,1981-09-21T00:00:00Z,right
http://www.wikidata.org/entity/Q242,Belize,BZ,BLZ,22966,411106,71,0.683,819050000,1995-01-01T00:00:00Z,1981-09-21T00:00:00Z,right
http://www.wikidata.org/entity/Q242,Belize,BZ,BLZ,22966,411106,71,0.683,59074687,1971-01-01T00:00:00Z,1981-09-21T00:00:00Z,right
http://www.wikidata.org/entity/Q242,Belize,BZ,BLZ,22966,411106,71,0.683,850850000,1996-01-01T00:00:00Z,1981-09-21T00:00:00Z,right
http://www.wikidata.org/entity/Q242,Belize,BZ,BLZ,22966,411106,71,0.683,262150000,1983-01-01T00:00:00Z,1981-09-21T00:00:00Z,right
http://www.wikidata.org/entity/Q242,Belize,BZ,BLZ,22966,411106,71,0.683,29964999,1961-01-01T00:00:00Z,1981-09-21T00:00:00Z,right
http://www.wikidata.org/entity/Q242,Belize,BZ,BLZ,22966,411106,71,0.683,33750113,1963-01-01T00:00:00Z,1981-09-21T00:00:00Z,right
http://www.wikidata.org/entity/Q242,Belize,BZ,BLZ,22966,411106,71,0.683,2846700000,2022-01-01T00:00:00Z,1981-09-21T00:00:00Z,right
http://www.wikidata.org/entity/Q242,Belize,BZ,BLZ,22966,411106,71,0.683,2266300000,2017-01-01T00:00:00Z,1981-09-21T00:00:00Z,right
http://www.wikidata.org/entity/Q242,Belize,BZ,BLZ,22966,411106,71,0.683,31857591,1962-01-01T00:00:00Z,1981-09-21T00:00:00Z,right
http://www.wikidata.org/entity/Q242,Belize,BZ,BLZ,22966,411106,71,0.683,2420550000,2021-01-01T00:00:00Z,1981-09-21T00:00:00Z,right
http://www.wikidata.org/entity/Q242,Belize,BZ,BLZ,22966,411106,71,0.683,311500000,1986-01-01T00:00:00Z,1981-09-21T00:00:00Z,right
http://www.wikidata.org/entity/Q242,Belize,BZ,BLZ,22966,411106,71,0.683,151800000,1979-01-01T00:00:00Z,1981-09-21T00:00:00Z,right
http://www.wikidata.org/entity/Q242,Belize,BZ,BLZ,22966,411106,71,0.683,421450000,1988-01-01T00:00:00Z,1981-09-21T00:00:00Z,right
http://www.wikidata.org/entity/Q242,Belize,BZ,BLZ,22966,411106,71,0.683,36194586,1964-01-01T00:00:00Z,1981-09-21T00:00:00Z,right
http://www.wikidata.org/entity/Q242,Belize,BZ,BLZ,22966,411106,71,0.683,1244650000,2002-01-01T00:00:00Z,1981-09-21T00:00:00Z,right
http://www.wikidata.org/entity/Q242,Belize,BZ,BLZ,22966,411106,71,0.683,1308900000,2003-01-01T00:00:00Z,1981-09-21T00:00:00Z,right
http://www.wikidata.org/entity/Q242,Belize,BZ,BLZ,22966,411106,71,0.683,873400000,1997-01-01T00:00:00Z,1981-09-21T00:00:00Z,right
http://www.wikidata.org/entity/Q242,Belize,BZ,BLZ,22966,411106,71,0.683,696250000,1992-01-01T00:00:00Z,1981-09-21T00:00:00Z,right
http://www.wikidata.org/entity/Q242,Belize,BZ,BLZ,22966,411106,71,0.683,117650000,1977-01-01T00:00:00Z,1981-09-21T00:00:00Z,right
http://www.wikidata.org/entity/Q242,Belize,BZ,BLZ,22966,411106,71,0.683,597100000,1991-01-01T00:00:00Z,1981-09-21T00:00:00Z,right
http://www.wikidata.org/entity/Q242,Belize,BZ,BLZ,22966,411106,71,0.683,1474950000,2005-01-01T00:00:00Z,1981-09-21T00:00:00Z,right
http://www.wikidata.org/entity/Q242,Belize,BZ,BLZ,22966,411106,71,0.683,3066850000,2023-01-01T00:00:00Z,1981-09-21T00:00:00Z,right
http://www.wikidata.org/entity/Q242,Belize,BZ,BLZ,22966,411106,71,0.683,248550000,1982-01-01T00:00:00Z,1981-09-21T00:00:00Z,right
http://www.wikidata.org/entity/Q242,Belize,BZ,BLZ,22966,411106,71,0.683,1400850000,2004-01-01T00:00:00Z,1981-09-21T00:00:00Z,right
http://www.wikidata.org/entity/Q242,Belize,BZ,BLZ,22966,411106,71,0.683,2491500000,2021-01-01T00:00:00Z,1981-09-21T00:00:00Z,right
http://www.wikidata.org/entity/Q242,Belize,BZ,BLZ,22966,411106,71,0.683,44450044,1966-01-01T00:00:00Z,1981-09-21T00:00:00Z,right
http://www.wikidata.org/entity/Q242,Belize,BZ,BLZ,22966,411106,71,0.683,547150000,1990-01-01T00:00:00Z,1981-09-21T00:00:00Z,right
http://www.wikidata.org/entity/Q242,Belize,BZ,BLZ,22966,411106,71,0.683,65998069,1972-01-01T00:00:00Z,1981-09-21T00:00:00Z,right
http://www.wikidata.org/entity/Q242,Belize,BZ,BLZ,22966,411106,71,0.683,44999910,1968-01-01T00:00:00Z,1981-09-21T00:00:00Z,right
http://www.wikidata.org/entity/Q242,Belize,BZ,BLZ,22966,411106,71,0.683,260750000,1981-01-01T00:00:00Z,1981-09-21T00:00:00Z,right
http://www.wikidata.org/entity/Q242,Belize,BZ,BLZ,22966,411106,71,0.683,2293250000,2018-01-01T00:00:00Z,1981-09-21T00:00:00Z,right
http://www.wikidata.org/entity/Q242,Belize,BZ,BLZ,22966,411106,71,0.683,257400000,1980-01-01T00:00:00Z,1981-09-21T00:00:00Z,right
http://www.wikidata.org/entity/Q242,Belize,BZ,BLZ,22966,411106,71,0.683,28072478,1960-01-01T00:00:00Z,1981-09-21T00:00:00Z,right
http://www.wikidata.org/entity/Q242,Belize,BZ,BLZ,22966,411106,71,0.683,1827050000,2011-01-01T00:00:00Z,1981-09-21T00:00:00Z,right
http://www.wikidata.org/entity/Q242,Belize,BZ,BLZ,22966,411106,71,0.683,2388300000,2019-01-01T00:00:00Z,1981-09-21T00:00:00Z,right
http://www.wikidata.org/entity/Q242,Belize,BZ,BLZ,22966,411106,71,0.683,752850000,1993-01-01T00:00:00Z,1981-09-21T00:00:00Z,right
http://www.wikidata.org/entity/Q242,Belize,BZ,BLZ,22966,411106,71,0.683,287300000,1985-01-01T00:00:00Z,1981-09-21T00:00:00Z,right
http://www.wikidata.org/entity/Q242,Belize,BZ,BLZ,22966,411106,71,0.683,1172800000,2001-01-01T00:00:00Z,1981-09-21T00:00:00Z,right
http://www.wikidata.org/entity/Q242,Belize,BZ,BLZ,22966,411106,71,0.683,53339893,1970-01-01T00:00:00Z,1981-09-21T00:00:00Z,right
http://www.wikidata.org/entity/Q242,Belize,BZ,BLZ,22966,411106,71,0.683,136300000,1978-01-01T00:00:00Z,1981-09-21T00:00:00Z,right
http://www.wikidata.org/entity/Q242,Belize,BZ,BLZ,22966,411106,71,0.683,118194026,1975-01-01T00:00:00Z,1981-09-21T00:00:00Z,right
http://www.wikidata.org/entity/Q242,Belize,BZ,BLZ,22966,411106,71,0.683,1591150000,2006-01-01T00:00:00Z,1981-09-21T00:00:00Z,right
http://www.wikidata.org/entity/Q242,Belize,BZ,BLZ,22966,411106,71,0.683,2032750000,2013-01-01T00:00:00Z,1981-09-21T00:00:00Z,right
http://www.wikidata.org/entity/Q242,Belize,BZ,BLZ,22966,411106,71,0.683,1138900000,2000-01-01T00:00:00Z,1981-09-21T00:00:00Z,right
http://www.wikidata.org/entity/Q242,Belize,BZ,BLZ,22966,411106,71,0.683,78214767,1973-01-01T00:00:00Z,1981-09-21T00:00:00Z,right
http://www.wikidata.org/entity/Q242,Belize,BZ,BLZ,22966,411106,71,0.683,2824081836,2022-01-01T00:00:00Z,1981-09-21T00:00:00Z,right
http://www.wikidata.org/entity/Q242,Belize,BZ,BLZ,22966,411106,71,0.683,290350000,1984-01-01T00:00:00Z,1981-09-21T00:00:00Z,right
http://www.wikidata.org/entity/Q242,Belize,BZ,BLZ,22966,411106,71,0.683,47399905,1969-01-01T00:00:00Z,1981-09-21T00:00:00Z,right
http://www.wikidata.org/entity/Q242,Belize,BZ,BLZ,22966,411106,71,0.683,103160450,1974-01-01T00:00:00Z,1981-09-21T00:00:00Z,right
http://www.wikidata.org/entity/Q242,Belize,BZ,BLZ,22966,411106,71,0.683,1707100000,2007-01-01T00:00:00Z,1981-09-21T00:00:00Z,right
http://www.wikidata.org/entity/Q242,Belize,BZ,BLZ,22966,411106,71,0.683,1688500000,2009-01-01T00:00:00Z,1981-09-21T00:00:00Z,right
http://www.wikidata.org/entity/Q242,Belize,BZ,BLZ,22966,411106,71,0.683,2042850000,2020-01-01T00:00:00Z,1981-09-21T00:00:00Z,right
http://www.wikidata.org/entity/Q242,Belize,BZ,BLZ,22966,411106,71,0.683,40110040,1965-01-01T00:00:00Z,1981-09-21T00:00:00Z,right
http://www.wikidata.org/entity/Q242,Belize,BZ,BLZ,22966,411106,71,0.683,97094227,1976-01-01T00:00:00Z,1981-09-21T00:00:00Z,right
http://www.wikidata.org/entity/Q242,Belize,BZ,BLZ,22966,411106,71,0.683,2240200000,2016-01-01T00:00:00Z,1981-09-21T00:00:00Z,right
http://www.wikidata.org/entity/Q242,Belize,BZ,BLZ,22966,411106,71,0.683,2193050000,2015-01-01T00:00:00Z,1981-09-21T00:00:00Z,right
http://www.wikidata.org/entity/Q242,Belize,BZ,BLZ,22966,411106,71,0.683,2138250000,2014-01-01T00:00:00Z,1981-09-21T00:00:00Z,right
http://www.wikidata.org/entity/Q242,Belize,BZ,BLZ,22966,411106,71,0.683,929500000,1998-01-01T00:00:00Z,1981-09-21T00:00:00Z,right
http://www.wikidata.org/entity/Q242,Belize,BZ,BLZ,22966,411106,71,0.683,1745700000,2010-01-01T00:00:00Z,1981-09-21T00:00:00Z,right
http://www.wikidata.org/entity/Q242,Belize,BZ,BLZ,22966,411106,71,0.683,772300000,1994-01-01T00:00:00Z,1981-09-21T00:00:00Z,right
http://www.wikidata.org/entity/Q242,Belize,BZ,BLZ,22966,411106,71,0.683,491100000,1989-01-01T00:00:00Z,1981-09-21T00:00:00Z,right
http://www.wikidata.org/entity/Q242,Belize,BZ,BLZ,22966,411106,71,0.683,371100000,1987-01-01T00:00:00Z,1981-09-21T00:00:00Z,right
http://www.wikidata.org/entity/Q242,Belize,BZ,BLZ,22966,411106,71,0.683,1909400000,2012-01-01T00:00:00Z,1981-09-21T00:00:00Z,right
http://www.wikidata.org/entity/Q962,Benin,BJ,BEN,114763,14111034,60.907,0.525,1695315305,1992-01-01T00:00:00Z,1960-08-01T00:00:00Z,right
http://www.wikidata.org/entity/Q962,Benin,BJ,BEN,114763,14111034,60.907,0.525,17401746309,2022-01-01T00:00:00Z,1960-08-01T00:00:00Z,right
http://www.wikidata.org/entity/Q962,Benin,BJ,BEN,114763,14111034,60.907,0.525,335073027,1971-01-01T00:00:00Z,1960-08-01T00:00:00Z,right
http://www.wikidata.org/entity/Q962,Benin,BJ,BEN,114763,14111034,60.907,0.525,226195578,1960-01-01T00:00:00Z,1960-08-01T00:00:00Z,right
http://www.wikidata.org/entity/Q962,Benin,BJ,BEN,114763,14111034,60.907,0.525,302925235,1966-01-01T00:00:00Z,1960-08-01T00:00:00Z,right
http://www.wikidata.org/entity/Q962,Benin,BJ,BEN,114763,14111034,60.907,0.525,1620246083,1988-01-01T00:00:00Z,1960-08-01T00:00:00Z,right
http://www.wikidata.org/entity/Q962,Benin,BJ,BEN,114763,14111034,60.907,0.525,11388160997,2015-01-01T00:00:00Z,1960-08-01T00:00:00Z,right
http://www.wikidata.org/entity/Q962,Benin,BJ,BEN,114763,14111034,60.907,0.525,14262408079,2018-01-01T00:00:00Z,1960-08-01T00:00:00Z,right
http://www.wikidata.org/entity/Q962,Benin,BJ,BEN,114763,14111034,60.907,0.525,13284527850,2014-01-01T00:00:00Z,1960-08-01T00:00:00Z,right
http://www.wikidata.org/entity/Q962,Benin,BJ,BEN,114763,14111034,60.907,0.525,9535345011,2010-01-01T00:00:00Z,1960-08-01T00:00:00Z,right
http://www.wikidata.org/entity/Q962,Benin,BJ,BEN,114763,14111034,60.907,0.525,1598075943,1994-01-01T00:00:00Z,1960-08-01T00:00:00Z,right
http://www.wikidata.org/entity/Q962,Benin,BJ,BEN,114763,14111034,60.907,0.525,1051134008,1984-01-01T00:00:00Z,1960-08-01T00:00:00Z,right
http://www.wikidata.org/entity/Q962,Benin,BJ,BEN,114763,14111034,60.907,0.525,17401746309,2022-01-01T00:00:00Z,1960-08-01T00:00:00Z,right
http://www.wikidata.org/entity/Q962,Benin,BJ,BEN,114763,14111034,60.907,0.525,11821065852,2016-01-01T00:00:00Z,1960-08-01T00:00:00Z,right
http://www.wikidata.org/entity/Q962,Benin,BJ,BEN,114763,14111034,60.907,0.525,554654860,1974-01-01T00:00:00Z,1960-08-01T00:00:00Z,right
http://www.wikidata.org/entity/Q962,Benin,BJ,BEN,114763,14111034,60.907,0.525,1095348199,1983-01-01T00:00:00Z,1960-08-01T00:00:00Z,right
http://www.wikidata.org/entity/Q962,Benin,BJ,BEN,114763,14111034,60.907,0.525,2169627137,1995-01-01T00:00:00Z,1960-08-01T00:00:00Z,right
http://www.wikidata.org/entity/Q962,Benin,BJ,BEN,114763,14111034,60.907,0.525,6567654954,2005-01-01T00:00:00Z,1960-08-01T00:00:00Z,right
http://www.wikidata.org/entity/Q962,Benin,BJ,BEN,114763,14111034,60.907,0.525,9787734526,2008-01-01T00:00:00Z,1960-08-01T00:00:00Z,right
http://www.wikidata.org/entity/Q962,Benin,BJ,BEN,114763,14111034,60.907,0.525,1186231019,1979-01-01T00:00:00Z,1960-08-01T00:00:00Z,right
http://www.wikidata.org/entity/Q962,Benin,BJ,BEN,114763,14111034,60.907,0.525,1405251846,1980-01-01T00:00:00Z,1960-08-01T00:00:00Z,right
http://www.wikidata.org/entity/Q962,Benin,BJ,BEN,114763,14111034,60.907,0.525,269819005,1964-01-01T00:00:00Z,1960-08-01T00:00:00Z,right
http://www.wikidata.org/entity/Q962,Benin,BJ,BEN,114763,14111034,60.907,0.525,3519991440,2000-01-01T00:00:00Z,1960-08-01T00:00:00Z,right
http://www.wikidata.org/entity/Q962,Benin,BJ,BEN,114763,14111034,60.907,0.525,7034111314,2006-01-01T00:00:00Z,1960-08-01T00:00:00Z,right
http://www.wikidata.org/entity/Q962,Benin,BJ,BEN,114763,14111034,60.907,0.525,2455092686,1998-01-01T00:00:00Z,1960-08-01T00:00:00Z,right
http://www.wikidata.org/entity/Q962,Benin,BJ,BEN,114763,14111034,60.907,0.525,1267778670,1982-01-01T00:00:00Z,1960-08-01T00:00:00Z,right
http://www.wikidata.org/entity/Q962,Benin,BJ,BEN,114763,14111034,60.907,0.525,10693321370,2011-01-01T00:00:00Z,1960-08-01T00:00:00Z,right
http://www.wikidata.org/entity/Q962,Benin,BJ,BEN,114763,14111034,60.907,0.525,235668220,1961-01-01T00:00:00Z,1960-08-01T00:00:00Z,right
http://www.wikidata.org/entity/Q962,Benin,BJ,BEN,114763,14111034,60.907,0.525,11141358105,2012-01-01T00:00:00Z,1960-08-01T00:00:00Z,right
http://www.wikidata.org/entity/Q962,Benin,BJ,BEN,114763,14111034,60.907,0.525,8169048382,2007-01-01T00:00:00Z,1960-08-01T00:00:00Z,right
http://www.wikidata.org/entity/Q962,Benin,BJ,BEN,114763,14111034,60.907,0.525,326323105,1968-01-01T00:00:00Z,1960-08-01T00:00:00Z,right
http://www.wikidata.org/entity/Q962,Benin,BJ,BEN,114763,14111034,60.907,0.525,6190270380,2004-01-01T00:00:00Z,1960-08-01T00:00:00Z,right
http://www.wikidata.org/entity/Q962,Benin,BJ,BEN,114763,14111034,60.907,0.525,1045712789,1985-01-01T00:00:00Z,1960-08-01T00:00:00Z,right
http://www.wikidata.org/entity/Q962,Benin,BJ,BEN,114763,14111034,60.907,0.525,698408261,1976-01-01T00:00:00Z,1960-08-01T00:00:00Z,right
http://www.wikidata.org/entity/Q962,Benin,BJ,BEN,114763,14111034,60.907,0.525,3677393998,1999-01-01T00:00:00Z,1960-08-01T00:00:00Z,right
http://www.wikidata.org/entity/Q962,Benin,BJ,BEN,114763,14111034,60.907,0.525,17690083520,2021-01-01T00:00:00Z,1960-08-01T00:00:00Z,right
http://www.wikidata.org/entity/Q962,Benin,BJ,BEN,114763,14111034,60.907,0.525,333627713,1970-01-01T00:00:00Z,1960-08-01T00:00:00Z,right
http://www.wikidata.org/entity/Q962,Benin,BJ,BEN,114763,14111034,60.907,0.525,19676049075,2023-01-01T00:00:00Z,1960-08-01T00:00:00Z,right
http://www.wikidata.org/entity/Q962,Benin,BJ,BEN,114763,14111034,60.907,0.525,410331856,1972-01-01T00:00:00Z,1960-08-01T00:00:00Z,right
http://www.wikidata.org/entity/Q962,Benin,BJ,BEN,114763,14111034,60.907,0.525,2361116449,1996-01-01T00:00:00Z,1960-08-01T00:00:00Z,right
http://www.wikidata.org/entity/Q962,Benin,BJ,BEN,114763,14111034,60.907,0.525,330748244,1969-01-01T00:00:00Z,1960-08-01T00:00:00Z,right
http://www.wikidata.org/entity/Q962,Benin,BJ,BEN,114763,14111034,60.907,0.525,676870140,1975-01-01T00:00:00Z,1960-08-01T00:00:00Z,right
http://www.wikidata.org/entity/Q962,Benin,BJ,BEN,114763,14111034,60.907,0.525,2268301646,1997-01-01T00:00:00Z,1960-08-01T00:00:00Z,right
http://www.wikidata.org/entity/Q962,Benin,BJ,BEN,114763,14111034,60.907,0.525,4194342686,2002-01-01T00:00:00Z,1960-08-01T00:00:00Z,right
http://www.wikidata.org/entity/Q962,Benin,BJ,BEN,114763,14111034,60.907,0.525,306221953,1967-01-01T00:00:00Z,1960-08-01T00:00:00Z,right
http://www.wikidata.org/entity/Q962,Benin,BJ,BEN,114763,14111034,60.907,0.525,750049778,1977-01-01T00:00:00Z,1960-08-01T00:00:00Z,right
http://www.wikidata.org/entity/Q962,Benin,BJ,BEN,114763,14111034,60.907,0.525,3666222635,2001-01-01T00:00:00Z,1960-08-01T00:00:00Z,right
http://www.wikidata.org/entity/Q962,Benin,BJ,BEN,114763,14111034,60.907,0.525,289908680,1965-01-01T00:00:00Z,1960-08-01T00:00:00Z,right
http://www.wikidata.org/entity/Q962,Benin,BJ,BEN,114763,14111034,60.907,0.525,928843469,1978-01-01T00:00:00Z,1960-08-01T00:00:00Z,right
http://www.wikidata.org/entity/Q962,Benin,BJ,BEN,114763,14111034,60.907,0.525,253927697,1963-01-01T00:00:00Z,1960-08-01T00:00:00Z,right
http://www.wikidata.org/entity/Q962,Benin,BJ,BEN,114763,14111034,60.907,0.525,504376074,1973-01-01T00:00:00Z,1960-08-01T00:00:00Z,right
http://www.wikidata.org/entity/Q962,Benin,BJ,BEN,114763,14111034,60.907,0.525,1336102025,1986-01-01T00:00:00Z,1960-08-01T00:00:00Z,right
http://www.wikidata.org/entity/Q962,Benin,BJ,BEN,114763,14111034,60.907,0.525,1562412227,1987-01-01T00:00:00Z,1960-08-01T00:00:00Z,right
http://www.wikidata.org/entity/Q962,Benin,BJ,BEN,114763,14111034,60.907,0.525,15651545208,2020-01-01T00:00:00Z,1960-08-01T00:00:00Z,right
http://www.wikidata.org/entity/Q962,Benin,BJ,BEN,114763,14111034,60.907,0.525,9738626517,2009-01-01T00:00:00Z,1960-08-01T00:00:00Z,right
http://www.wikidata.org/entity/Q962,Benin,BJ,BEN,114763,14111034,60.907,0.525,12701655845,2017-01-01T00:00:00Z,1960-08-01T00:00:00Z,right
http://www.wikidata.org/entity/Q962,Benin,BJ,BEN,114763,14111034,60.907,0.525,1291120188,1981-01-01T00:00:00Z,1960-08-01T00:00:00Z,right
http://www.wikidata.org/entity/Q962,Benin,BJ,BEN,114763,14111034,60.907,0.525,12517845127,2013-01-01T00:00:00Z,1960-08-01T00:00:00Z,right
http://www.wikidata.org/entity/Q962,Benin,BJ,BEN,114763,14111034,60.907,0.525,236434954,1962-01-01T00:00:00Z,1960-08-01T00:00:00Z,right
http://www.wikidata.org/entity/Q962,Benin,BJ,BEN,114763,14111034,60.907,0.525,2274558082,1993-01-01T00:00:00Z,1960-08-01T00:00:00Z,right
http://www.wikidata.org/entity/Q962,Benin,BJ,BEN,114763,14111034,60.907,0.525,1986437796,1991-01-01T00:00:00Z,1960-08-01T00:00:00Z,right
http://www.wikidata.org/entity/Q962,Benin,BJ,BEN,114763,14111034,60.907,0.525,5349258094,2003-01-01T00:00:00Z,1960-08-01T00:00:00Z,right
http://www.wikidata.org/entity/Q962,Benin,BJ,BEN,114763,14111034,60.907,0.525,14391686309,2019-01-01T00:00:00Z,1960-08-01T00:00:00Z,right
http://www.wikidata.org/entity/Q962,Benin,BJ,BEN,114763,14111034,60.907,0.525,1959965330,1990-01-01T00:00:00Z,1960-08-01T00:00:00Z,right
http://www.wikidata.org/entity/Q962,Benin,BJ,BEN,114763,14111034,60.907,0.525,1502294416,1989-01-01T00:00:00Z,1960-08-01T00:00:00Z,right
http://www.wikidata.org/entity/Q962,Benin,BJ,BEN,114763,14111034,60.907,0.525,17690083519,2021-01-01T00:00:00Z,1960-08-01T00:00:00Z,right
http://www.wikidata.org/entity/Q917,Bhutan,BT,BTN,38394,787424,71.5,0.666,2539551327,2021-01-01T00:00:00Z,1949-08-08T00:00:00Z,left
http://www.wikidata.org/entity/Q750,Bolivia,BO,BOL,1098581,12244159,65,0.692,662500000,1966-01-01T00:00:00Z,1825-01-01T00:00:00Z,right
http://www.wikidata.org/entity/Q750,Bolivia,BO,BOL,1098581,12244159,65,0.692,373250000,1960-01-01T00:00:00Z,1825-01-01T00:00:00Z,right
http://www.wikidata.org/entity/Q750,Bolivia,BO,BOL,1098581,12244159,65,0.692,1084666666,1971-01-01T00:00:00Z,1825-01-01T00:00:00Z,right
http://www.wikidata.org/entity/Q750,Bolivia,BO,BOL,1098581,12244159,65,0.692,40408208524,2021-01-01T00:00:00Z,1825-01-01T00:00:00Z,right
http://www.wikidata.org/entity/Q750,Bolivia,BO,BOL,1098581,12244159,65,0.692,443916666,1962-01-01T00:00:00Z,1825-01-01T00:00:00Z,right
http://www.wikidata.org/entity/Q750,Bolivia,BO,BOL,1098581,12244159,65,0.692,478000000,1963-01-01T00:00:00Z,1825-01-01T00:00:00Z,right
http://www.wikidata.org/entity/Q750,Bolivia,BO,BOL,1098581,12244159,65,0.692,920333333,1969-01-01T00:00:00Z,1825-01-01T00:00:00Z,right
http://www.wikidata.org/entity/Q750,Bolivia,BO,BOL,1098581,12244159,65,0.692,598333333,1965-01-01T00:00:00Z,1825-01-01T00:00:00Z,right
http://www.wikidata.org/entity/Q750,Bolivia,BO,BOL,1098581,12244159,65,0.692,2101300000,1974-01-01T00:00:00Z,1825-01-01T00:00:00Z,right
http://www.wikidata.org/entity/Q750,Bolivia,BO,BOL,1098581,12244159,65,0.692,2405900000,1975-01-01T00:00:00Z,1825-01-01T00:00:00Z,right
http://www.wikidata.org/entity/Q750,Bolivia,BO,BOL,1098581,12244159,65,0.692,43068885673,2022-01-01T00:00:00Z,1825-01-01T00:00:00Z,right
http://www.wikidata.org/entity/Q750,Bolivia,BO,BOL,1098581,12244159,65,0.692,748250000,1967-01-01T00:00:00Z,1825-01-01T00:00:00Z,right
http://www.wikidata.org/entity/Q750,Bolivia,BO,BOL,1098581,12244159,65,0.692,1006833333,1970-01-01T00:00:00Z,1825-01-01T00:00:00Z,right
http://www.wikidata.org/entity/Q750,Bolivia,BO,BOL,1098581,12244159,65,0.692,849333333,1968-01-01T00:00:00Z,1825-01-01T00:00:00Z,right
http://www.wikidata.org/entity/Q750,Bolivia,BO,BOL,1098581,12244159,65,0.692,1263600000,1973-01-01T00:00:00Z,1825-01-01T00:00:00Z,right
http://www.wikidata.org/entity/Q750,Bolivia,BO,BOL,1098581,12244159,65,0.692,1286153846,1972-01-01T00:00:00Z,1825-01-01T00:00:00Z,right
http://www.wikidata.org/entity/Q750,Bolivia,BO,BOL,1098581,12244159,65,0.692,406000000,1961-01-01T00:00:00Z,1825-01-01T00:00:00Z,right
http://www.wikidata.org/entity/Q750,Bolivia,BO,BOL,1098581,12244159,65,0.692,538583333,1964-01-01T00:00:00Z,1825-01-01T00:00:00Z,right
http://www.wikidata.org/entity/Q225,Bosnia and Herzegovina,BA,BIH,51197,3816459,76.911,0.78,19112796623,2008-01-01T00:00:00Z,1992-03-01T00:00:00Z,right
http://www.wikidata.org/entity/Q225,Bosnia and Herzegovina,BA,BIH,51197,3816459,76.911,0.78,4686256363,1999-01-01T00:00:00Z,1992-03-01T00:00:00Z,right
http://www.wikidata.org/entity/Q225,Bosnia and Herzegovina,BA,BIH,51197,3816459,76.911,0.78,5800615466,2001-01-01T00:00:00Z,1992-03-01T00:00:00Z,right
http://www.wikidata.org/entity/Q225,Bosnia and Herzegovina,BA,BIH,51197,3816459,76.911,0.78,5567772768,2000-01-01T00:00:00Z,1992-03-01T00:00:00Z,right
http://www.wikidata.org/entity/Q225,Bosnia and Herzegovina,BA,BIH,51197,3816459,76.911,0.78,17176315803,2010-01-01T00:00:00Z,1992-03-01T00:00:00Z,right
http://www.wikidata.org/entity/Q225,Bosnia and Herzegovina,BA,BIH,51197,3816459,76.911,0.78,12864841905,2006-01-01T00:00:00Z,1992-03-01T00:00:00Z,right
http://www.wikidata.org/entity/Q225,Bosnia and Herzegovina,BA,BIH,51197,3816459,76.911,0.78,1255802469,1994-01-01T00:00:00Z,1992-03-01T00:00:00Z,right
http://www.wikidata.org/entity/Q225,Bosnia and Herzegovina,BA,BIH,51197,3816459,76.911,0.78,3671909673,1997-01-01T00:00:00Z,1992-03-01T00:00:00Z,right
http://www.wikidata.org/entity/Q225,Bosnia and Herzegovina,BA,BIH,51197,3816459,76.911,0.78,17613949091,2009-01-01T00:00:00Z,1992-03-01T00:00:00Z,right
http://www.wikidata.org/entity/Q225,Bosnia and Herzegovina,BA,BIH,51197,3816459,76.911,0.78,6122959183,1991-01-01T00:00:00Z,1992-03-01T00:00:00Z,right
http://www.wikidata.org/entity/Q225,Bosnia and Herzegovina,BA,BIH,51197,3816459,76.911,0.78,15778734264,2007-01-01T00:00:00Z,1992-03-01T00:00:00Z,right
http://www.wikidata.org/entity/Q225,Bosnia and Herzegovina,BA,BIH,51197,3816459,76.911,0.78,4116774300,1998-01-01T00:00:00Z,1992-03-01T00:00:00Z,right
http://www.wikidata.org/entity/Q225,Bosnia and Herzegovina,BA,BIH,51197,3816459,76.911,0.78,16404348871,2015-01-01T00:00:00Z,1992-03-01T00:00:00Z,right
http://www.wikidata.org/entity/Q225,Bosnia and Herzegovina,BA,BIH,51197,3816459,76.911,0.78,7753478260,1990-01-01T00:00:00Z,1992-03-01T00:00:00Z,right
http://www.wikidata.org/entity/Q225,Bosnia and Herzegovina,BA,BIH,51197,3816459,76.911,0.78,10156541538,2004-01-01T00:00:00Z,1992-03-01T00:00:00Z,right
http://www.wikidata.org/entity/Q225,Bosnia and Herzegovina,BA,BIH,51197,3816459,76.911,0.78,6728220886,2002-01-01T00:00:00Z,1992-03-01T00:00:00Z,right
http://www.wikidata.org/entity/Q225,Bosnia and Herzegovina,BA,BIH,51197,3816459,76.911,0.78,24527507288,2022-01-01T00:00:00Z,1992-03-01T00:00:00Z,right
http://www.wikidata.org/entity/Q225,Bosnia and Herzegovina,BA,BIH,51197,3816459,76.911,0.78,8498894359,2003-01-01T00:00:00Z,1992-03-01T00:00:00Z,right
http://www.wikidata.org/entity/Q225,Bosnia and Herzegovina,BA,BIH,51197,3816459,76.911,0.78,17226735995,2012-01-01T00:00:00Z,1992-03-01T00:00:00Z,right
http://www.wikidata.org/entity/Q225,Bosnia and Herzegovina,BA,BIH,51197,3816459,76.911,0.78,27514782476,2023-01-01T00:00:00Z,1992-03-01T00:00:00Z,right
http://www.wikidata.org/entity/Q225,Bosnia and Herzegovina,BA,BIH,51197,3816459,76.911,0.78,2786045321,1996-01-01T00:00:00Z,1992-03-01T00:00:00Z,right
http://www.wikidata.org/entity/Q225,Bosnia and Herzegovina,BA,BIH,51197,3816459,76.911,0.78,18644233537,2011-01-01T00:00:00Z,1992-03-01T00:00:00Z,right
http://www.wikidata.org/entity/Q225,Bosnia and Herzegovina,BA,BIH,51197,3816459,76.911,0.78,17116926327,2016-01-01T00:00:00Z,1992-03-01T00:00:00Z,right
http://www.wikidata.org/entity/Q225,Bosnia and Herzegovina,BA,BIH,51197,3816459,76.911,0.78,23672712242,2021-01-01T00:00:00Z,1992-03-01T00:00:00Z,right
http://www.wikidata.org/entity/Q225,Bosnia and Herzegovina,BA,BIH,51197,3816459,76.911,0.78,1866572953,1995-01-01T00:00:00Z,1992-03-01T00:00:00Z,right
http://www.wikidata.org/entity/Q225,Bosnia and Herzegovina,BA,BIH,51197,3816459,76.911,0.78,20482608755,2019-01-01T00:00:00Z,1992-03-01T00:00:00Z,right
http://www.wikidata.org/entity/Q225,Bosnia and Herzegovina,BA,BIH,51197,3816459,76.911,0.78,20484053868,2018-01-01T00:00:00Z,1992-03-01T00:00:00Z,right
http://www.wikidata.org/entity/Q225,Bosnia and Herzegovina,BA,BIH,51197,3816459,76.911,0.78,18558733564,2014-01-01T00:00:00Z,1992-03-01T00:00:00Z,right
http://www.wikidata.org/entity/Q225,Bosnia and Herzegovina,BA,BIH,51197,3816459,76.911,0.78,11222796336,2005-01-01T00:00:00Z,1992-03-01T00:00:00Z,right
http://www.wikidata.org/entity/Q225,Bosnia and Herzegovina,BA,BIH,51197,3816459,76.911,0.78,3630668949,1993-01-01T00:00:00Z,1992-03-01T00:00:00Z,right
http://www.wikidata.org/entity/Q225,Bosnia and Herzegovina,BA,BIH,51197,3816459,76.911,0.78,18179108530,2013-01-01T00:00:00Z,1992-03-01T00:00:00Z,right
http://www.wikidata.org/entity/Q225,Bosnia and Herzegovina,BA,BIH,51197,3816459,76.911,0.78,4735044707,1992-01-01T00:00:00Z,1992-03-01T00:00:00Z,right
http://www.wikidata.org/entity/Q225,Bosnia and Herzegovina,BA,BIH,51197,3816459,76.911,0.78,18326373366,2017-01-01T00:00:00Z,1992-03-01T00:00:00Z,right
http://www.wikidata.org/entity/Q225,Bosnia and Herzegovina,BA,BIH,51197,3816459,76.911,0.78,23649566069,2021-01-01T00:00:00Z,1992-03-01T00:00:00Z,right
http://www.wikidata.org/entity/Q225,Bosnia and Herzegovina,BA,BIH,51197,3816459,76.911,0.78,20226036564,2020-01-01T00:00:00Z,1992-03-01T00:00:00Z,right
http://www.wikidata.org/entity/Q963,Botswana,BW,BWA,581737,2480244,66.797,0.693,18737066307,2021-01-01T00:00:00Z,1966-09-30T00:00:00Z,left
http://www.wikidata.org/entity/Q963,Botswana,BW,BWA,581737,2480244,66.797,0.693,20352322157,2022-01-01T00:00:00Z,1966-09-30T00:00:00Z,left
http://www.wikidata.org/entity/Q155,Brazil,BR,BRA,8515767,213421037,75.723,0.754,1920095560995,2022-01-01T00:00:00Z,1822-09-07T00:00:00Z,right
http://www.wikidata.org/entity/Q155,Brazil,BR,BRA,8515767,213421037,75.723,0.754,1649622972159,2021-01-01T00:00:00Z,1822-09-07T00:00:00Z,right
http://www.wikidata.org/entity/Q921,Brunei,BN,BRN,5765.313533,458949,77.203,0.829,14006497000,2021-01-01T00:00:00Z,1368-01-01T00:00:00Z,left
http://www.wikidata.org/entity/Q921,Brunei,BN,BRN,5765.313533,458949,77.203,0.829,16681531646,2022-01-01T00:00:00Z,1368-01-01T00:00:00Z,left
http://www.wikidata.org/entity/Q921,Brunei,BN,BRN,5765.313533,458949,77.203,0.829,14006497000,2021-01-01T00:00:00Z,1888-09-17T00:00:00Z,left
http://www.wikidata.org/entity/Q921,Brunei,BN,BRN,5765.313533,458949,77.203,0.829,16681531646,2022-01-01T00:00:00Z,1888-09-17T00:00:00Z,left
http://www.wikidata.org/entity/Q921,Brunei,BN,BRN,5765.313533,458949,77.203,0.829,14006497000,2021-01-01T00:00:00Z,1984-01-01T00:00:00Z,left
http://www.wikidata.org/entity/Q921,Brunei,BN,BRN,5765.313533,458949,77.203,0.829,16681531646,2022-01-01T00:00:00Z,1984-01-01T00:00:00Z,left
http://www.wikidata.org/entity/Q219,Bulgaria,BG,BGR,110993.6,6437360,73.47,0.799,10832064941,1993-01-01T00:00:00Z,1878-07-13T00:00:00Z,right
http://www.wikidata.org/entity/Q219,Bulgaria,BG,BGR,110993.6,6437360,73.47,0.799,52023801230,2009-01-01T00:00:00Z,1878-07-13T00:00:00Z,right
http://www.wikidata.org/entity/Q219,Bulgaria,BG,BGR,110993.6,6437360,73.47,0.799,10943548387,1991-01-01T00:00:00Z,1878-07-13T00:00:00Z,right
http://www.wikidata.org/entity/Q219,Bulgaria,BG,BGR,110993.6,6437360,73.47,0.799,20632090909,1990-01-01T00:00:00Z,1878-07-13T00:00:00Z,right
http://www.wikidata.org/entity/Q219,Bulgaria,BG,BGR,110993.6,6437360,73.47,0.799,102407653020,2023-01-01T00:00:00Z,1878-07-13T00:00:00Z,right
http://www.wikidata.org/entity/Q219,Bulgaria,BG,BGR,110993.6,6437360,73.47,0.799,84061395658,2021-01-01T00:00:00Z,1878-07-13T00:00:00Z,right
http://www.wikidata.org/entity/Q219,Bulgaria,BG,BGR,110993.6,6437360,73.47,0.799,44432811756,2007-01-01T00:00:00Z,1878-07-13T00:00:00Z,right
http://www.wikidata.org/entity/Q219,Bulgaria,BG,BGR,110993.6,6437360,73.47,0.799,13627325461,1999-01-01T00:00:00Z,1878-07-13T00:00:00Z,right
http://www.wikidata.org/entity/Q219,Bulgaria,BG,BGR,110993.6,6437360,73.47,0.799,53964253211,2016-01-01T00:00:00Z,1878-07-13T00:00:00Z,right
http://www.wikidata.org/entity/Q219,Bulgaria,BG,BGR,110993.6,6437360,73.47,0.799,22555941176,1988-01-01T00:00:00Z,1878-07-13T00:00:00Z,right
http://www.wikidata.org/entity/Q219,Bulgaria,BG,BGR,110993.6,6437360,73.47,0.799,15031055046,1998-01-01T00:00:00Z,1878-07-13T00:00:00Z,right
http://www.wikidata.org/entity/Q219,Bulgaria,BG,BGR,110993.6,6437360,73.47,0.799,19342000000,1982-01-01T00:00:00Z,1878-07-13T00:00:00Z,right
http://www.wikidata.org/entity/Q219,Bulgaria,BG,BGR,110993.6,6437360,73.47,0.799,28101000000,1987-01-01T00:00:00Z,1878-07-13T00:00:00Z,right
http://www.wikidata.org/entity/Q219,Bulgaria,BG,BGR,110993.6,6437360,73.47,0.799,70716821234,2020-01-01T00:00:00Z,1878-07-13T00:00:00Z,right
http://www.wikidata.org/entity/Q219,Bulgaria,BG,BGR,110993.6,6437360,73.47,0.799,14183446025,2001-01-01T00:00:00Z,1878-07-13T00:00:00Z,right
http://www.wikidata.org/entity/Q219,Bulgaria,BG,BGR,110993.6,6437360,73.47,0.799,57737040780,2011-01-01T00:00:00Z,1878-07-13T00:00:00Z,right
http://www.wikidata.org/entity/Q219,Bulgaria,BG,BGR,110993.6,6437360,73.47,0.799,84417951260,2021-01-01T00:00:00Z,1878-07-13T00:00:00Z,right
http://www.wikidata.org/entity/Q219,Bulgaria,BG,BGR,110993.6,6437360,73.47,0.799,90642851835,2022-01-01T00:00:00Z,1878-07-13T00:00:00Z,right
http://www.wikidata.org/entity/Q219,Bulgaria,BG,BGR,110993.6,6437360,73.47,0.799,50760929302,2010-01-01T00:00:00Z,1878-07-13T00:00:00Z,right
http://www.wikidata.org/entity/Q219,Bulgaria,BG,BGR,110993.6,6437360,73.47,0.799,18991484420,1995-01-01T00:00:00Z,1878-07-13T00:00:00Z,right
http://www.wikidata.org/entity/Q219,Bulgaria,BG,BGR,110993.6,6437360,73.47,0.799,29868657858,2005-01-01T00:00:00Z,1878-07-13T00:00:00Z,right
http://www.wikidata.org/entity/Q219,Bulgaria,BG,BGR,110993.6,6437360,73.47,0.799,12294964837,1996-01-01T00:00:00Z,1878-07-13T00:00:00Z,right
http://www.wikidata.org/entity/Q219,Bulgaria,BG,BGR,110993.6,6437360,73.47,0.799,19839230769,1980-01-01T00:00:00Z,1878-07-13T00:00:00Z,right
http://www.wikidata.org/entity/Q219,Bulgaria,BG,BGR,110993.6,6437360,73.47,0.799,20249294117,1986-01-01T00:00:00Z,1878-07-13T00:00:00Z,right
http://www.wikidata.org/entity/Q219,Bulgaria,BG,BGR,110993.6,6437360,73.47,0.799,17594944444,1984-01-01T00:00:00Z,1878-07-13T00:00:00Z,right
http://www.wikidata.org/entity/Q219,Bulgaria,BG,BGR,110993.6,6437360,73.47,0.799,9697416974,1994-01-01T00:00:00Z,1878-07-13T00:00:00Z,right
http://www.wikidata.org/entity/Q219,Bulgaria,BG,BGR,110993.6,6437360,73.47,0.799,13245990274,2000-01-01T00:00:00Z,1878-07-13T00:00:00Z,right
http://www.wikidata.org/entity/Q219,Bulgaria,BG,BGR,110993.6,6437360,73.47,0.799,54288135058,2012-01-01T00:00:00Z,1878-07-13T00:00:00Z,right
http://www.wikidata.org/entity/Q219,Bulgaria,BG,BGR,110993.6,6437360,73.47,0.799,10350515463,1992-01-01T00:00:00Z,1878-07-13T00:00:00Z,right
http://www.wikidata.org/entity/Q219,Bulgaria,BG,BGR,110993.6,6437360,73.47,0.799,68631726289,2019-01-01T00:00:00Z,1878-07-13T00:00:00Z,right
http://www.wikidata.org/entity/Q219,Bulgaria,BG,BGR,110993.6,6437360,73.47,0.799,17155421052,1985-01-01T00:00:00Z,1878-07-13T00:00:00Z,right
http://www.wikidata.org/entity/Q219,Bulgaria,BG,BGR,110993.6,6437360,73.47,0.799,34380536495,2006-01-01T00:00:00Z,1878-07-13T00:00:00Z,right
http://www.wikidata.org/entity/Q219,Bulgaria,BG,BGR,110993.6,6437360,73.47,0.799,16563666666,1983-01-01T00:00:00Z,1878-07-13T00:00:00Z,right
http://www.wikidata.org/entity/Q219,Bulgaria,BG,BGR,110993.6,6437360,73.47,0.799,11316127378,1997-01-01T00:00:00Z,1878-07-13T00:00:00Z,right
http://www.wikidata.org/entity/Q219,Bulgaria,BG,BGR,110993.6,6437360,73.47,0.799,16403043849,2002-01-01T00:00:00Z,1878-07-13T00:00:00Z,right
http://www.wikidata.org/entity/Q219,Bulgaria,BG,BGR,110993.6,6437360,73.47,0.799,89040398406,2022-01-01T00:00:00Z,1878-07-13T00:00:00Z,right
http://www.wikidata.org/entity/Q219,Bulgaria,BG,BGR,110993.6,6437360,73.47,0.799,50811995688,2015-01-01T00:00:00Z,1878-07-13T00:00:00Z,right
http://www.wikidata.org/entity/Q219,Bulgaria,BG,BGR,110993.6,6437360,73.47,0.799,66289266348,2018-01-01T00:00:00Z,1878-07-13T00:00:00Z,right
http://www.wikidata.org/entity/Q219,Bulgaria,BG,BGR,110993.6,6437360,73.47,0.799,59309748166,2017-01-01T00:00:00Z,1878-07-13T00:00:00Z,right
http://www.wikidata.org/entity/Q219,Bulgaria,BG,BGR,110993.6,6437360,73.47,0.799,54480684188,2008-01-01T00:00:00Z,1878-07-13T00:00:00Z,right
http://www.wikidata.org/entity/Q219,Bulgaria,BG,BGR,110993.6,6437360,73.47,0.799,21144957990,2003-01-01T00:00:00Z,1878-07-13T00:00:00Z,right
http://www.wikidata.org/entity/Q219,Bulgaria,BG,BGR,110993.6,6437360,73.47,0.799,26157743368,2004-01-01T00:00:00Z,1878-07-13T00:00:00Z,right
http://www.wikidata.org/entity/Q219,Bulgaria,BG,BGR,110993.6,6437360,73.47,0.799,57157782909,2014-01-01T00:00:00Z,1878-07-13T00:00:00Z,right
http://www.wikidata.org/entity/Q219,Bulgaria,BG,BGR,110993.6,6437360,73.47,0.799,19870000000,1981-01-01T00:00:00Z,1878-07-13T00:00:00Z,right
http://www.wikidata.org/entity/Q219,Bulgaria,BG,BGR,110993.6,6437360,73.47,0.799,21988444444,1989-01-01T00:00:00Z,1878-07-13T00:00:00Z,right
http://www.wikidata.org/entity/Q219,Bulgaria,BG,BGR,110993.6,6437360,73.47,0.799,55852123989,2013-01-01T00:00:00Z,1878-07-13T00:00:00Z,right
http://www.wikidata.org/entity/Q965,Burkina Faso,BF,BFA,274200,23025776,60.361,0.449,12080295977,2011-01-01T00:00:00Z,1960-01-01T00:00:00Z,right
http://www.wikidata.org/entity/Q965,Burkina Faso,BF,BFA,274200,23025776,60.361,0.449,330442815,1960-01-01T00:00:00Z,1960-01-01T00:00:00Z,right
http://www.wikidata.org/entity/Q965,Burkina Faso,BF,BFA,274200,23025776,60.361,0.449,16032813503,2019-01-01T00:00:00Z,1960-01-01T00:00:00Z,right
http://www.wikidata.org/entity/Q965,Burkina Faso,BF,BFA,274200,23025776,60.361,0.449,13444300485,2013-01-01T00:00:00Z,1960-01-01T00:00:00Z,right
http://www.wikidata.org/entity/Q965,Burkina Faso,BF,BFA,274200,23025776,60.361,0.449,939972703,1975-01-01T00:00:00Z,1960-01-01T00:00:00Z,right
http://www.wikidata.org/entity/Q965,Burkina Faso,BF,BFA,274200,23025776,60.361,0.449,976547188,1976-01-01T00:00:00Z,1960-01-01T00:00:00Z,right
http://www.wikidata.org/entity/Q965,Burkina Faso,BF,BFA,274200,23025776,60.361,0.449,2447669101,1997-01-01T00:00:00Z,1960-01-01T00:00:00Z,right
http://www.wikidata.org/entity/Q965,Burkina Faso,BF,BFA,274200,23025776,60.361,0.449,1928719888,1980-01-01T00:00:00Z,1960-01-01T00:00:00Z,right
http://www.wikidata.org/entity/Q965,Burkina Faso,BF,BFA,274200,23025776,60.361,0.449,450753923,1967-01-01T00:00:00Z,1960-01-01T00:00:00Z,right
http://www.wikidata.org/entity/Q965,Burkina Faso,BF,BFA,274200,23025776,60.361,0.449,3101300778,1990-01-01T00:00:00Z,1960-01-01T00:00:00Z,right
http://www.wikidata.org/entity/Q965,Burkina Faso,BF,BFA,274200,23025776,60.361,0.449,6146353173,2005-01-01T00:00:00Z,1960-01-01T00:00:00Z,right
http://www.wikidata.org/entity/Q965,Burkina Faso,BF,BFA,274200,23025776,60.361,0.449,6547419820,2006-01-01T00:00:00Z,1960-01-01T00:00:00Z,right
http://www.wikidata.org/entity/Q965,Burkina Faso,BF,BFA,274200,23025776,60.361,0.449,14106955615,2017-01-01T00:00:00Z,1960-01-01T00:00:00Z,right
http://www.wikidata.org/entity/Q965,Burkina Faso,BF,BFA,274200,23025776,60.361,0.449,4740768142,2003-01-01T00:00:00Z,1960-01-01T00:00:00Z,right
http://www.wikidata.org/entity/Q965,Burkina Faso,BF,BFA,274200,23025776,60.361,0.449,3190371080,2001-01-01T00:00:00Z,1960-01-01T00:00:00Z,right
http://www.wikidata.org/entity/Q965,Burkina Faso,BF,BFA,274200,23025776,60.361,0.449,422916789,1965-01-01T00:00:00Z,1960-01-01T00:00:00Z,right
http://www.wikidata.org/entity/Q965,Burkina Faso,BF,BFA,274200,23025776,60.361,0.449,5451688537,2004-01-01T00:00:00Z,1960-01-01T00:00:00Z,right
http://www.wikidata.org/entity/Q965,Burkina Faso,BF,BFA,274200,23025776,60.361,0.449,3199536465,1993-01-01T00:00:00Z,1960-01-01T00:00:00Z,right
http://www.wikidata.org/entity/Q965,Burkina Faso,BF,BFA,274200,23025776,60.361,0.449,19697516284,2021-01-01T00:00:00Z,1960-01-01T00:00:00Z,right
http://www.wikidata.org/entity/Q965,Burkina Faso,BF,BFA,274200,23025776,60.361,0.449,9450696873,2009-01-01T00:00:00Z,1960-01-01T00:00:00Z,right
http://www.wikidata.org/entity/Q965,Burkina Faso,BF,BFA,274200,23025776,60.361,0.449,1895290637,1994-01-01T00:00:00Z,1960-01-01T00:00:00Z,right
http://www.wikidata.org/entity/Q965,Burkina Faso,BF,BFA,274200,23025776,60.361,0.449,1131224878,1977-01-01T00:00:00Z,1960-01-01T00:00:00Z,right
http://www.wikidata.org/entity/Q965,Burkina Faso,BF,BFA,274200,23025776,60.361,0.449,2968370087,2000-01-01T00:00:00Z,1960-01-01T00:00:00Z,right
http://www.wikidata.org/entity/Q965,Burkina Faso,BF,BFA,274200,23025776,60.361,0.449,394040667,1963-01-01T00:00:00Z,1960-01-01T00:00:00Z,right
http://www.wikidata.org/entity/Q965,Burkina Faso,BF,BFA,274200,23025776,60.361,0.449,3622350062,2002-01-01T00:00:00Z,1960-01-01T00:00:00Z,right
http://www.wikidata.org/entity/Q965,Burkina Faso,BF,BFA,274200,23025776,60.361,0.449,19737616003,2021-01-01T00:00:00Z,1960-01-01T00:00:00Z,right
http://www.wikidata.org/entity/Q965,Burkina Faso,BF,BFA,274200,23025776,60.361,0.449,17725010532,2020-01-01T00:00:00Z,1960-01-01T00:00:00Z,right
http://www.wikidata.org/entity/Q965,Burkina Faso,BF,BFA,274200,23025776,60.361,0.449,1459880132,1984-01-01T00:00:00Z,1960-01-01T00:00:00Z,right
http://www.wikidata.org/entity/Q965,Burkina Faso,BF,BFA,274200,23025776,60.361,0.449,674773569,1973-01-01T00:00:00Z,1960-01-01T00:00:00Z,right
http://www.wikidata.org/entity/Q965,Burkina Faso,BF,BFA,274200,23025776,60.361,0.449,1600278605,1983-01-01T00:00:00Z,1960-01-01T00:00:00Z,right
http://www.wikidata.org/entity/Q965,Burkina Faso,BF,BFA,274200,23025776,60.361,0.449,3135045584,1991-01-01T00:00:00Z,1960-01-01T00:00:00Z,right
http://www.wikidata.org/entity/Q965,Burkina Faso,BF,BFA,274200,23025776,60.361,0.449,478298645,1969-01-01T00:00:00Z,1960-01-01T00:00:00Z,right
http://www.wikidata.org/entity/Q965,Burkina Faso,BF,BFA,274200,23025776,60.361,0.449,12833363045,2016-01-01T00:00:00Z,1960-01-01T00:00:00Z,right
http://www.wikidata.org/entity/Q965,Burkina Faso,BF,BFA,274200,23025776,60.361,0.449,433889766,1966-01-01T00:00:00Z,1960-01-01T00:00:00Z,right
http://www.wikidata.org/entity/Q965,Burkina Faso,BF,BFA,274200,23025776,60.361,0.449,15890066221,2018-01-01T00:00:00Z,1960-01-01T00:00:00Z,right
http://www.wikidata.org/entity/Q965,Burkina Faso,BF,BFA,274200,23025776,60.361,0.449,751133430,1974-01-01T00:00:00Z,1960-01-01T00:00:00Z,right
http://www.wikidata.org/entity/Q965,Burkina Faso,BF,BFA,274200,23025776,60.361,0.449,1552493196,1985-01-01T00:00:00Z,1960-01-01T00:00:00Z,right
http://www.wikidata.org/entity/Q965,Burkina Faso,BF,BFA,274200,23025776,60.361,0.449,2616040478,1988-01-01T00:00:00Z,1960-01-01T00:00:00Z,right
http://www.wikidata.org/entity/Q965,Burkina Faso,BF,BFA,274200,23025776,60.361,0.449,578595521,1972-01-01T00:00:00Z,1960-01-01T00:00:00Z,right
http://www.wikidata.org/entity/Q965,Burkina Faso,BF,BFA,274200,23025776,60.361,0.449,7625722836,2007-01-01T00:00:00Z,1960-01-01T00:00:00Z,right
http://www.wikidata.org/entity/Q965,Burkina Faso,BF,BFA,274200,23025776,60.361,0.449,2615587733,1989-01-01T00:00:00Z,1960-01-01T00:00:00Z,right
http://www.wikidata.org/entity/Q965,Burkina Faso,BF,BFA,274200,23025776,60.361,0.449,1775842333,1981-01-01T00:00:00Z,1960-01-01T00:00:00Z,right
http://www.wikidata.org/entity/Q965,Burkina Faso,BF,BFA,274200,23025776,60.361,0.449,350247234,1961-01-01T00:00:00Z,1960-01-01T00:00:00Z,right
http://www.wikidata.org/entity/Q965,Burkina Faso,BF,BFA,274200,23025776,60.361,0.449,2586550595,1996-01-01T00:00:00Z,1960-01-01T00:00:00Z,right
http://www.wikidata.org/entity/Q965,Burkina Faso,BF,BFA,274200,23025776,60.361,0.449,13943016076,2014-01-01T00:00:00Z,1960-01-01T00:00:00Z,right
http://www.wikidata.org/entity/Q965,Burkina Faso,BF,BFA,274200,23025776,60.361,0.449,2379517975,1995-01-01T00:00:00Z,1960-01-01T00:00:00Z,right
http://www.wikidata.org/entity/Q965,Burkina Faso,BF,BFA,274200,23025776,60.361,0.449,18820218690,2022-01-01T00:00:00Z,1960-01-01T00:00:00Z,right
http://www.wikidata.org/entity/Q965,Burkina Faso,BF,BFA,274200,23025776,60.361,0.449,10109619740,2010-01-01T00:00:00Z,1960-01-01T00:00:00Z,right
http://www.wikidata.org/entity/Q965,Burkina Faso,BF,BFA,274200,23025776,60.361,0.449,458404268,1970-01-01T00:00:00Z,1960-01-01T00:00:00Z,right
http://www.wikidata.org/entity/Q965,Burkina Faso,BF,BFA,274200,23025776,60.361,0.449,460442689,1968-01-01T00:00:00Z,1960-01-01T00:00:00Z,right
http://www.wikidata.org/entity/Q965,Burkina Faso,BF,BFA,274200,23025776,60.361,0.449,3356692505,1992-01-01T00:00:00Z,1960-01-01T00:00:00Z,right
http://www.wikidata.org/entity/Q965,Burkina Faso,BF,BFA,274200,23025776,60.361,0.449,20324617844,2023-01-01T00:00:00Z,1960-01-01T00:00:00Z,right
http://www.wikidata.org/entity/Q965,Burkina Faso,BF,BFA,274200,23025776,60.361,0.449,482411179,1971-01-01T00:00:00Z,1960-01-01T00:00:00Z,right
http://www.wikidata.org/entity/Q965,Burkina Faso,BF,BFA,274200,23025776,60.361,0.449,11832159315,2015-01-01T00:00:00Z,1960-01-01T00:00:00Z,right
http://www.wikidata.org/entity/Q965,Burkina Faso,BF,BFA,274200,23025776,60.361,0.449,410321644,1964-01-01T00:00:00Z,1960-01-01T00:00:00Z,right
http://www.wikidata.org/entity/Q965,Burkina Faso,BF,BFA,274200,23025776,60.361,0.449,1754450096,1982-01-01T00:00:00Z,1960-01-01T00:00:00Z,right
http://www.wikidata.org/entity/Q965,Burkina Faso,BF,BFA,274200,23025776,60.361,0.449,12561015156,2012-01-01T00:00:00Z,1960-01-01T00:00:00Z,right
http://www.wikidata.org/entity/Q965,Burkina Faso,BF,BFA,274200,23025776,60.361,0.449,1475583644,1978-01-01T00:00:00Z,1960-01-01T00:00:00Z,right
http://www.wikidata.org/entity/Q965,Burkina Faso,BF,BFA,274200,23025776,60.361,0.449,2036303357,1986-01-01T00:00:00Z,1960-01-01T00:00:00Z,right
http://www.wikidata.org/entity/Q965,Burkina Faso,BF,BFA,274200,23025776,60.361,0.449,18884619613,2022-01-01T00:00:00Z,1960-01-01T00:00:00Z,right
http://www.wikidata.org/entity/Q965,Burkina Faso,BF,BFA,274200,23025776,60.361,0.449,2804902367,1998-01-01T00:00:00Z,1960-01-01T00:00:00Z,right
http://www.wikidata.org/entity/Q965,Burkina Faso,BF,BFA,274200,23025776,60.361,0.449,3389566712,1999-01-01T00:00:00Z,1960-01-01T00:00:00Z,right
http://www.wikidata.org/entity/Q965,Burkina Faso,BF,BFA,274200,23025776,60.361,0.449,379567099,1962-01-01T00:00:00Z,1960-01-01T00:00:00Z,right
http://www.wikidata.org/entity/Q965,Burkina Faso,BF,BFA,274200,23025776,60.361,0.449,2369834949,1987-01-01T00:00:00Z,1960-01-01T00:00:00Z,right
http://www.wikidata.org/entity/Q965,Burkina Faso,BF,BFA,274200,23025776,60.361,0.449,9451435490,2008-01-01T00:00:00Z,1960-01-01T00:00:00Z,right
http://www.wikidata.org/entity/Q965,Burkina Faso,BF,BFA,274200,23025776,60.361,0.449,1748480620,1979-01-01T00:00:00Z,1960-01-01T00:00:00Z,right
http://www.wikidata.org/entity/Q967,Burundi,BI,BDI,27834,13689450,57.481,0.426,252842285,1971-01-01T00:00:00Z,1962-07-01T00:00:00Z,right
http://www.wikidata.org/entity/Q967,Burundi,BI,BDI,27834,13689450,57.481,0.426,246804571,1972-01-01T00:00:00Z,1962-07-01T00:00:00Z,right
http://www.wikidata.org/entity/Q967,Burundi,BI,BDI,27834,13689450,57.481,0.426,1781455139,2009-01-01T00:00:00Z,1962-07-01T00:00:00Z,right
http://www.wikidata.org/entity/Q967,Burundi,BI,BDI,27834,13689450,57.481,0.426,547535555,1977-01-01T00:00:00Z,1962-07-01T00:00:00Z,right
http://www.wikidata.org/entity/Q967,Burundi,BI,BDI,27834,13689450,57.481,0.426,938632612,1993-01-01T00:00:00Z,1962-07-01T00:00:00Z,right
http://www.wikidata.org/entity/Q967,Burundi,BI,BDI,27834,13689450,57.481,0.426,260750007,1964-01-01T00:00:00Z,1962-07-01T00:00:00Z,right
http://www.wikidata.org/entity/Q967,Burundi,BI,BDI,27834,13689450,57.481,0.426,2775798697,2021-01-01T00:00:00Z,1962-07-01T00:00:00Z,right
http://www.wikidata.org/entity/Q967,Burundi,BI,BDI,27834,13689450,57.481,0.426,925030590,1994-01-01T00:00:00Z,1962-07-01T00:00:00Z,right
http://www.wikidata.org/entity/Q967,Burundi,BI,BDI,27834,13689450,57.481,0.426,1113924130,1989-01-01T00:00:00Z,1962-07-01T00:00:00Z,right
http://www.wikidata.org/entity/Q967,Burundi,BI,BDI,27834,13689450,57.481,0.426,2667182199,2018-01-01T00:00:00Z,1962-07-01T00:00:00Z,right
http://www.wikidata.org/entity/Q967,Burundi,BI,BDI,27834,13689450,57.481,0.426,195999989,1960-01-01T00:00:00Z,1962-07-01T00:00:00Z,right
http://www.wikidata.org/entity/Q967,Burundi,BI,BDI,27834,13689450,57.481,0.426,969046666,1981-01-01T00:00:00Z,1962-07-01T00:00:00Z,right
http://www.wikidata.org/entity/Q967,Burundi,BI,BDI,27834,13689450,57.481,0.426,2451606632,2013-01-01T00:00:00Z,1962-07-01T00:00:00Z,right
http://www.wikidata.org/entity/Q967,Burundi,BI,BDI,27834,13689450,57.481,0.426,2705783329,2014-01-01T00:00:00Z,1962-07-01T00:00:00Z,right
http://www.wikidata.org/entity/Q967,Burundi,BI,BDI,27834,13689450,57.481,0.426,1149979285,1985-01-01T00:00:00Z,1962-07-01T00:00:00Z,right
http://www.wikidata.org/entity/Q967,Burundi,BI,BDI,27834,13689450,57.481,0.426,304339522,1973-01-01T00:00:00Z,1962-07-01T00:00:00Z,right
http://www.wikidata.org/entity/Q967,Burundi,BI,BDI,27834,13689450,57.481,0.426,242732571,1970-01-01T00:00:00Z,1962-07-01T00:00:00Z,right
http://www.wikidata.org/entity/Q967,Burundi,BI,BDI,27834,13689450,57.481,0.426,1000428393,1995-01-01T00:00:00Z,1962-07-01T00:00:00Z,right
http://www.wikidata.org/entity/Q967,Burundi,BI,BDI,27834,13689450,57.481,0.426,2723586962,2017-01-01T00:00:00Z,1962-07-01T00:00:00Z,right
http://www.wikidata.org/entity/Q967,Burundi,BI,BDI,27834,13689450,57.481,0.426,1013222222,1982-01-01T00:00:00Z,1962-07-01T00:00:00Z,right
http://www.wikidata.org/entity/Q967,Burundi,BI,BDI,27834,13689450,57.481,0.426,2333341334,2012-01-01T00:00:00Z,1962-07-01T00:00:00Z,right
http://www.wikidata.org/entity/Q967,Burundi,BI,BDI,27834,13689450,57.481,0.426,987143931,1984-01-01T00:00:00Z,1962-07-01T00:00:00Z,right
http://www.wikidata.org/entity/Q967,Burundi,BI,BDI,27834,13689450,57.481,0.426,165444571,1966-01-01T00:00:00Z,1962-07-01T00:00:00Z,right
http://www.wikidata.org/entity/Q967,Burundi,BI,BDI,27834,13689450,57.481,0.426,183199999,1968-01-01T00:00:00Z,1962-07-01T00:00:00Z,right
http://www.wikidata.org/entity/Q967,Burundi,BI,BDI,27834,13689450,57.481,0.426,915257323,2004-01-01T00:00:00Z,1962-07-01T00:00:00Z,right
http://www.wikidata.org/entity/Q967,Burundi,BI,BDI,27834,13689450,57.481,0.426,893770740,1998-01-01T00:00:00Z,1962-07-01T00:00:00Z,right
http://www.wikidata.org/entity/Q967,Burundi,BI,BDI,27834,13689450,57.481,0.426,1356199387,2007-01-01T00:00:00Z,1962-07-01T00:00:00Z,right
http://www.wikidata.org/entity/Q967,Burundi,BI,BDI,27834,13689450,57.481,0.426,919726666,1980-01-01T00:00:00Z,1962-07-01T00:00:00Z,right
http://www.wikidata.org/entity/Q967,Burundi,BI,BDI,27834,13689450,57.481,0.426,158994962,1965-01-01T00:00:00Z,1962-07-01T00:00:00Z,right
http://www.wikidata.org/entity/Q967,Burundi,BI,BDI,27834,13689450,57.481,0.426,232749997,1963-01-01T00:00:00Z,1962-07-01T00:00:00Z,right
http://www.wikidata.org/entity/Q967,Burundi,BI,BDI,27834,13689450,57.481,0.426,2032135192,2010-01-01T00:00:00Z,1962-07-01T00:00:00Z,right
http://www.wikidata.org/entity/Q967,Burundi,BI,BDI,27834,13689450,57.481,0.426,876794723,2001-01-01T00:00:00Z,1962-07-01T00:00:00Z,right
http://www.wikidata.org/entity/Q967,Burundi,BI,BDI,27834,13689450,57.481,0.426,610225555,1978-01-01T00:00:00Z,1962-07-01T00:00:00Z,right
http://www.wikidata.org/entity/Q967,Burundi,BI,BDI,27834,13689450,57.481,0.426,3338722830,2022-01-01T00:00:00Z,1962-07-01T00:00:00Z,right
http://www.wikidata.org/entity/Q967,Burundi,BI,BDI,27834,13689450,57.481,0.426,2576518879,2019-01-01T00:00:00Z,1962-07-01T00:00:00Z,right
http://www.wikidata.org/entity/Q967,Burundi,BI,BDI,27834,13689450,57.481,0.426,825394519,2002-01-01T00:00:00Z,1962-07-01T00:00:00Z,right
http://www.wikidata.org/entity/Q967,Burundi,BI,BDI,27834,13689450,57.481,0.426,202999991,1961-01-01T00:00:00Z,1962-07-01T00:00:00Z,right
http://www.wikidata.org/entity/Q967,Burundi,BI,BDI,27834,13689450,57.481,0.426,420986666,1975-01-01T00:00:00Z,1962-07-01T00:00:00Z,right
http://www.wikidata.org/entity/Q967,Burundi,BI,BDI,27834,13689450,57.481,0.426,1083037670,1992-01-01T00:00:00Z,1962-07-01T00:00:00Z,right
http://www.wikidata.org/entity/Q967,Burundi,BI,BDI,27834,13689450,57.481,0.426,3338722827,2022-01-01T00:00:00Z,1962-07-01T00:00:00Z,right
http://www.wikidata.org/entity/Q967,Burundi,BI,BDI,27834,13689450,57.481,0.426,2775798697,2021-01-01T00:00:00Z,1962-07-01T00:00:00Z,right
http://www.wikidata.org/entity/Q967,Burundi,BI,BDI,27834,13689450,57.481,0.426,869033856,1996-01-01T00:00:00Z,1962-07-01T00:00:00Z,right
http://www.wikidata.org/entity/Q967,Burundi,BI,BDI,27834,13689450,57.481,0.426,2649680261,2020-01-01T00:00:00Z,1962-07-01T00:00:00Z,right
http://www.wikidata.org/entity/Q967,Burundi,BI,BDI,27834,13689450,57.481,0.426,190205714,1969-01-01T00:00:00Z,1962-07-01T00:00:00Z,right
http://www.wikidata.org/entity/Q967,Burundi,BI,BDI,27834,13689450,57.481,0.426,972896267,1997-01-01T00:00:00Z,1962-07-01T00:00:00Z,right
http://www.wikidata.org/entity/Q967,Burundi,BI,BDI,27834,13689450,57.481,0.426,2644487776,2016-01-01T00:00:00Z,1962-07-01T00:00:00Z,right
http://www.wikidata.org/entity/Q967,Burundi,BI,BDI,27834,13689450,57.481,0.426,1201725497,1986-01-01T00:00:00Z,1962-07-01T00:00:00Z,right
http://www.wikidata.org/entity/Q967,Burundi,BI,BDI,27834,13689450,57.481,0.426,448412753,1976-01-01T00:00:00Z,1962-07-01T00:00:00Z,right
http://www.wikidata.org/entity/Q967,Burundi,BI,BDI,27834,13689450,57.481,0.426,178297142,1967-01-01T00:00:00Z,1962-07-01T00:00:00Z,right
http://www.wikidata.org/entity/Q967,Burundi,BI,BDI,27834,13689450,57.481,0.426,2235820809,2011-01-01T00:00:00Z,1962-07-01T00:00:00Z,right
http://www.wikidata.org/entity/Q967,Burundi,BI,BDI,27834,13689450,57.481,0.426,3104003546,2015-01-01T00:00:00Z,1962-07-01T00:00:00Z,right
http://www.wikidata.org/entity/Q967,Burundi,BI,BDI,27834,13689450,57.481,0.426,870486065,2000-01-01T00:00:00Z,1962-07-01T00:00:00Z,right
http://www.wikidata.org/entity/Q967,Burundi,BI,BDI,27834,13689450,57.481,0.426,1117113079,2005-01-01T00:00:00Z,1962-07-01T00:00:00Z,right
http://www.wikidata.org/entity/Q967,Burundi,BI,BDI,27834,13689450,57.481,0.426,1132101252,1990-01-01T00:00:00Z,1962-07-01T00:00:00Z,right
http://www.wikidata.org/entity/Q967,Burundi,BI,BDI,27834,13689450,57.481,0.426,345263492,1974-01-01T00:00:00Z,1962-07-01T00:00:00Z,right
http://www.wikidata.org/entity/Q967,Burundi,BI,BDI,27834,13689450,57.481,0.426,808077223,1999-01-01T00:00:00Z,1962-07-01T00:00:00Z,right
http://www.wikidata.org/entity/Q967,Burundi,BI,BDI,27834,13689450,57.481,0.426,1082926304,1983-01-01T00:00:00Z,1962-07-01T00:00:00Z,right
http://www.wikidata.org/entity/Q967,Burundi,BI,BDI,27834,13689450,57.481,0.426,213500005,1962-01-01T00:00:00Z,1962-07-01T00:00:00Z,right
http://www.wikidata.org/entity/Q967,Burundi,BI,BDI,27834,13689450,57.481,0.426,1131466494,1987-01-01T00:00:00Z,1962-07-01T00:00:00Z,right
http://www.wikidata.org/entity/Q967,Burundi,BI,BDI,27834,13689450,57.481,0.426,1082403219,1988-01-01T00:00:00Z,1962-07-01T00:00:00Z,right
http://www.wikidata.org/entity/Q967,Burundi,BI,BDI,27834,13689450,57.481,0.426,1273375078,2006-01-01T00:00:00Z,1962-07-01T00:00:00Z,right
http://www.wikidata.org/entity/Q967,Burundi,BI,BDI,27834,13689450,57.481,0.426,784654423,2003-01-01T00:00:00Z,1962-07-01T00:00:00Z,right
http://www.wikidata.org/entity/Q967,Burundi,BI,BDI,27834,13689450,57.481,0.426,1611835857,2008-01-01T00:00:00Z,1962-07-01T00:00:00Z,right
http://www.wikidata.org/entity/Q967,Burundi,BI,BDI,27834,13689450,57.481,0.426,1167398478,1991-01-01T00:00:00Z,1962-07-01T00:00:00Z,right
http://www.wikidata.org/entity/Q967,Burundi,BI,BDI,27834,13689450,57.481,0.426,2642161668,2023-01-01T00:00:00Z,1962-07-01T00:00:00Z,right
http://www.wikidata.org/entity/Q967,Burundi,BI,BDI,27834,13689450,57.481,0.426,782496666,1979-01-01T00:00:00Z,1962-07-01T00:00:00Z,right
http://www.wikidata.org/entity/Q424,Cambodia,KH,KHM,181035,17423880,68.981,0.593,29956769529,2022-01-01T00:00:00Z,1953-11-09T00:00:00Z,right
http://www.wikidata.org/entity/Q424,Cambodia,KH,KHM,181035,17423880,68.981,0.593,26961061152,2021-01-01T00:00:00Z,1953-11-09T00:00:00Z,right
http://www.wikidata.org/entity/Q1009,Cameroon,CM,CMR,475442,28372687,58.073,0.576,44341646509,2022-01-01T00:00:00Z,1960-01-01T00:00:00Z,right
http://www.wikidata.org/entity/Q1009,Cameroon,CM,CMR,475442,28372687,58.073,0.576,45338285386,2021-01-01T00:00:00Z,1960-01-01T00:00:00Z,right
http://www.wikidata.org/entity/Q16,Canada,CA,CAN,9984670,36991981,83.62,0.936,2206764000000,2020-01-01T00:00:00Z,1867-07-01T00:00:00Z,right
http://www.wikidata.org/entity/Q1011,Cape Verde,CV,CPV,4033,555988,72.798,0.662,2314816792,2022-01-01T00:00:00Z,1975-07-05T00:00:00Z,right
http://www.wikidata.org/entity/Q1011,Cape Verde,CV,CPV,4033,555988,72.798,0.662,2091741774,2021-01-01T00:00:00Z,1975-07-05T00:00:00Z,right
http://www.wikidata.org/entity/Q929,Central African Republic,CF,CAF,622984,5152421,52.171,0.404,2516498412,2021-01-01T00:00:00Z,1960-01-01T00:00:00Z,right
http://www.wikidata.org/entity/Q929,Central African Republic,CF,CAF,622984,5152421,52.171,0.404,2382618615,2022-01-01T00:00:00Z,1960-01-01T00:00:00Z,right
http://www.wikidata.org/entity/Q657,Chad,TD,TCD,1284000,19319064,52.903,0.394,11779981332,2021-01-01T00:00:00Z,1960-08-11T00:00:00Z,right
http://www.wikidata.org/entity/Q657,Chad,TD,TCD,1284000,19319064,52.903,0.394,12704149842,2022-01-01T00:00:00Z,1960-08-11T00:00:00Z,right
http://www.wikidata.org/entity/Q298,Chile,CL,CHL,756102,19458000,80,0.855,316713577509,2021-01-01T00:00:00Z,1810-09-18T00:00:00Z,right
http://www.wikidata.org/entity/Q298,Chile,CL,CHL,756102,19458000,80,0.855,301025249438,2022-01-01T00:00:00Z,1810-09-18T00:00:00Z,right
http://www.wikidata.org/entity/Q739,Colombia,CO,COL,1141748,52321152,74,0.752,318511813577,2021-01-01T00:00:00Z,1810-01-01T00:00:00Z,right
http://www.wikidata.org/entity/Q739,Colombia,CO,COL,1141748,52321152,74,0.752,343939445259,2022-01-01T00:00:00Z,1810-01-01T00:00:00Z,right
http://www.wikidata.org/entity/Q970,Comoros,KM,COM,2034,902348,63.701,0.558,1242519407,2022-01-01T00:00:00Z,1975-07-06T00:00:00Z,right
http://www.wikidata.org/entity/Q970,Comoros,KM,COM,2034,902348,63.701,0.558,1296089479,2021-01-01T00:00:00Z,1975-07-06T00:00:00Z,right
http://www.wikidata.org/entity/Q800,Costa Rica,CR,CRI,51179.92,5265575,79.831,0.809,68380838316,2022-01-01T00:00:00Z,1821-01-01T00:00:00Z,right
http://www.wikidata.org/entity/Q800,Costa Rica,CR,CRI,51179.92,5265575,79.831,0.809,64616482168,2021-01-01T00:00:00Z,1821-01-01T00:00:00Z,right
http://www.wikidata.org/entity/Q224,Croatia,HR,HRV,56594,3871833,78,0.858,70964606465,2022-01-01T00:00:00Z,1991-06-25T00:00:00Z,right
http://www.wikidata.org/entity/Q224,Croatia,HR,HRV,56594,3871833,78,0.858,68843674641,2021-01-01T00:00:00Z,1991-06-25T00:00:00Z,right
http://www.wikidata.org/entity/Q241,Cuba,CU,CUB,109884,10985974,78,0.764,,,1898-12-10T00:00:00Z,right
http://www.wikidata.org/entity/Q229,Cyprus,CY,CYP,9242.45,1344976,80.508,0.896,28439052741,2022-01-01T00:00:00Z,1960-08-16T00:00:00Z,left
http://www.wikidata.org/entity/Q229,Cyprus,CY,CYP,9242.45,1344976,80.508,0.896,28408064462,2021-01-01T00:00:00Z,1960-08-16T00:00:00Z,left
http://www.wikidata.org/entity/Q213,Czech Republic,CZ,CZE,78871,10909500,79,0.889,60147174077,1995-01-01T00:00:00Z,1993-01-01T00:00:00Z,right
http://www.wikidata.org/entity/Q213,Czech Republic,CZ,CZE,78871,10909500,79,0.889,62180159376,1997-01-01T00:00:00Z,1993-01-01T00:00:00Z,right
http://www.wikidata.org/entity/Q213,Czech Republic,CZ,CZE,78871,10909500,79,0.889,61828166496,2000-01-01T00:00:00Z,1993-01-01T00:00:00Z,right
http://www.wikidata.org/entity/Q213,Czech Republic,CZ,CZE,78871,10909500,79,0.889,236816000000,2008-01-01T00:00:00Z,1993-01-01T00:00:00Z,right
http://www.wikidata.org/entity/Q213,Czech Republic,CZ,CZE,78871,10909500,79,0.889,218629000000,2017-01-01T00:00:00Z,1993-01-01T00:00:00Z,right
http://www.wikidata.org/entity/Q213,Czech Republic,CZ,CZE,78871,10909500,79,0.889,67387788633,1996-01-01T00:00:00Z,1993-01-01T00:00:00Z,right
http://www.wikidata.org/entity/Q213,Czech Republic,CZ,CZE,78871,10909500,79,0.889,207434000000,2009-01-01T00:00:00Z,1993-01-01T00:00:00Z,right
http://www.wikidata.org/entity/Q213,Czech Republic,CZ,CZE,78871,10909500,79,0.889,100090000000,2003-01-01T00:00:00Z,1993-01-01T00:00:00Z,right
http://www.wikidata.org/entity/Q213,Czech Republic,CZ,CZE,78871,10909500,79,0.889,65173130995,1999-01-01T00:00:00Z,1993-01-01T00:00:00Z,right
http://www.wikidata.org/entity/Q213,Czech Republic,CZ,CZE,78871,10909500,79,0.889,34805013230,1992-01-01T00:00:00Z,1993-01-01T00:00:00Z,right
http://www.wikidata.org/entity/Q213,Czech Republic,CZ,CZE,78871,10909500,79,0.889,66807429711,1998-01-01T00:00:00Z,1993-01-01T00:00:00Z,right
http://www.wikidata.org/entity/Q213,Czech Republic,CZ,CZE,78871,10909500,79,0.889,229563000000,2011-01-01T00:00:00Z,1993-01-01T00:00:00Z,right
http://www.wikidata.org/entity/Q213,Czech Republic,CZ,CZE,78871,10909500,79,0.889,82196001051,2002-01-01T00:00:00Z,1993-01-01T00:00:00Z,right
http://www.wikidata.org/entity/Q213,Czech Republic,CZ,CZE,78871,10909500,79,0.889,208858000000,2012-01-01T00:00:00Z,1993-01-01T00:00:00Z,right
http://www.wikidata.org/entity/Q213,Czech Republic,CZ,CZE,78871,10909500,79,0.889,137143000000,2005-01-01T00:00:00Z,1993-01-01T00:00:00Z,right
http://www.wikidata.org/entity/Q213,Czech Republic,CZ,CZE,78871,10909500,79,0.889,209359000000,2014-01-01T00:00:00Z,1993-01-01T00:00:00Z,right
http://www.wikidata.org/entity/Q213,Czech Republic,CZ,CZE,78871,10909500,79,0.889,119814000000,2004-01-01T00:00:00Z,1993-01-01T00:00:00Z,right
http://www.wikidata.org/entity/Q213,Czech Republic,CZ,CZE,78871,10909500,79,0.889,190184000000,2007-01-01T00:00:00Z,1993-01-01T00:00:00Z,right
http://www.wikidata.org/entity/Q213,Czech Republic,CZ,CZE,78871,10909500,79,0.889,29859921159,1991-01-01T00:00:00Z,1993-01-01T00:00:00Z,right
http://www.wikidata.org/entity/Q213,Czech Republic,CZ,CZE,78871,10909500,79,0.889,209070000000,2010-01-01T00:00:00Z,1993-01-01T00:00:00Z,right
http://www.wikidata.org/entity/Q213,Czech Republic,CZ,CZE,78871,10909500,79,0.889,196272000000,2016-01-01T00:00:00Z,1993-01-01T00:00:00Z,right
http://www.wikidata.org/entity/Q213,Czech Republic,CZ,CZE,78871,10909500,79,0.889,40728950705,1990-01-01T00:00:00Z,1993-01-01T00:00:00Z,right
http://www.wikidata.org/entity/Q213,Czech Republic,CZ,CZE,78871,10909500,79,0.889,156264000000,2006-01-01T00:00:00Z,1993-01-01T00:00:00Z,right
http://www.wikidata.org/entity/Q213,Czech Republic,CZ,CZE,78871,10909500,79,0.889,67808032980,2001-01-01T00:00:00Z,1993-01-01T00:00:00Z,right
http://www.wikidata.org/entity/Q213,Czech Republic,CZ,CZE,78871,10909500,79,0.889,248909000000,2018-01-01T00:00:00Z,1993-01-01T00:00:00Z,right
http://www.wikidata.org/entity/Q213,Czech Republic,CZ,CZE,78871,10909500,79,0.889,250681000000,2019-01-01T00:00:00Z,1993-01-01T00:00:00Z,right
http://www.wikidata.org/entity/Q213,Czech Republic,CZ,CZE,78871,10909500,79,0.889,188033000000,2015-01-01T00:00:00Z,1993-01-01T00:00:00Z,right
http://www.wikidata.org/entity/Q213,Czech Republic,CZ,CZE,78871,10909500,79,0.889,47850203856,1994-01-01T00:00:00Z,1993-01-01T00:00:00Z,right
http://www.wikidata.org/entity/Q213,Czech Republic,CZ,CZE,78871,10909500,79,0.889,211686000000,2013-01-01T00:00:00Z,1993-01-01T00:00:00Z,right
http://www.wikidata.org/entity/Q213,Czech Republic,CZ,CZE,78871,10909500,79,0.889,40866748705,1993-01-01T00:00:00Z,1993-01-01T00:00:00Z,right
http://www.wikidata.org/entity/Q974,Democratic Republic of the Congo,CD,COD,2344858,105789731,59.621,0.479,55350968593,2021-01-01T00:00:00Z,1960-06-30T00:00:00Z,right
http://www.wikidata.org/entity/Q974,Democratic Republic of the Congo,CD,COD,2344858,105789731,59.621,0.479,58065953573,2022-01-01T00:00:00Z,1960-06-30T00:00:00Z,right
http://www.wikidata.org/entity/Q977,Djibouti,DJ,DJI,23200,1152944,62.465,0.509,3515109075,2022-01-01T00:00:00Z,1977-06-23T00:00:00Z,right
http://www.wikidata.org/entity/Q977,Djibouti,DJ,DJI,23200,1152944,62.465,0.509,3372287462,2021-01-01T00:00:00Z,1977-06-23T00:00:00Z,right
http://www.wikidata.org/entity/Q784,Dominica,DM,DMA,751.096551,74656,73,0.74,612048148,2022-01-01T00:00:00Z,1978-01-01T00:00:00Z,left
http://www.wikidata.org/entity/Q784,Dominica,DM,DMA,751.096551,74656,73,0.74,555266667,2021-01-01T00:00:00Z,1978-01-01T00:00:00Z,left
http://www.wikidata.org/entity/Q786,Dominican Republic,DO,DOM,48670.82,10760028,74,0.767,113641857434,2022-01-01T00:00:00Z,1844-01-01T00:00:00Z,right
http://www.wikidata.org/entity/Q786,Dominican Republic,DO,DOM,48670.82,10760028,74,0.767,94243426487,2021-01-01T00:00:00Z,1844-01-01T00:00:00Z,right
http://www.wikidata.org/entity/Q736,Ecuador,EC,ECU,257204.27,16938986,78,0.74,106165866000,2021-01-01T00:00:00Z,1840-02-16T00:00:00Z,right
http://www.wikidata.org/entity/Q736,Ecuador,EC,ECU,257204.27,16938986,78,0.74,115049476000,2022-01-01T00:00:00Z,1840-02-16T00:00:00Z,right
http://www.wikidata.org/entity/Q79,Egypt,EG,EGY,1010407.87,114535772,71.484,0.731,476747720365,2022-01-01T00:00:00Z,1922-02-28T00:00:00Z,right
http://www.wikidata.org/entity/Q79,Egypt,EG,EGY,1010407.87,114535772,71.484,0.731,424671765456,2021-01-01T00:00:00Z,1922-02-28T00:00:00Z,right
http://www.wikidata.org/entity/Q792,El Salvador,SV,SLV,21041,6029976,73.512,0.675,29451240000,2021-01-01T00:00:00Z,1841-02-02T00:00:00Z,right
http://www.wikidata.org/entity/Q792,El Salvador,SV,SLV,21041,6029976,73.512,0.675,32488720000,2022-01-01T00:00:00Z,1841-02-02T00:00:00Z,right
http://www.wikidata.org/entity/Q983,Equatorial Guinea,GQ,GNQ,28051,1847549,57.681,0.596,11813908448,2022-01-01T00:00:00Z,1968-10-12T00:00:00Z,right
http://www.wikidata.org/entity/Q983,Equatorial Guinea,GQ,GNQ,28051,1847549,57.681,0.596,12269393392,2021-01-01T00:00:00Z,1968-10-12T00:00:00Z,right
http://www.wikidata.org/entity/Q986,Eritrea,ER,ERI,117600,3497000,65.092,0.492,,,1993-05-24T00:00:00Z,right
http://www.wikidata.org/entity/Q191,Estonia,EE,EST,45335,1369995,78,0.89,38100812959,2022-01-01T00:00:00Z,1918-02-24T00:00:00Z,right
http://www.wikidata.org/entity/Q191,Estonia,EE,EST,45335,1369995,78,0.89,37191166152,2021-01-01T00:00:00Z,1918-02-24T00:00:00Z,right
http://www.wikidata.org/entity/Q1050,Eswatini,SZ,SWZ,17364,1230506,57.754,0.597,4854167638,2022-01-01T00:00:00Z,1968-09-06T00:00:00Z,left
http://www.wikidata.org/entity/Q1050,Eswatini,SZ,SWZ,17364,1230506,57.754,0.597,4748702401,2021-01-01T00:00:00Z,1968-09-06T00:00:00Z,left
http://www.wikidata.org/entity/Q115,Ethiopia,ET,ETH,1104300,128691692,65.475,0.498,126783472501,2022-01-01T00:00:00Z,1995-08-21T00:00:00Z,right
http://www.wikidata.org/entity/Q115,Ethiopia,ET,ETH,1104300,128691692,65.475,0.498,111261882913,2021-01-01T00:00:00Z,1995-08-21T00:00:00Z,right
http://www.wikidata.org/entity/Q702,Federated States of Micronesia,FM,FSM,702,75817,69.195,0.628,404028900,2021-01-01T00:00:00Z,1986-11-03T00:00:00Z,right
http://www.wikidata.org/entity/Q702,Federated States of Micronesia,FM,FSM,702,75817,69.195,0.628,427094119,2022-01-01T00:00:00Z,1986-11-03T00:00:00Z,right
http://www.wikidata.org/entity/Q712,Fiji,FJ,FJI,18274,926276,68,0.73,4943248200,2022-01-01T00:00:00Z,1970-01-01T00:00:00Z,left
http://www.wikidata.org/entity/Q712,Fiji,FJ,FJI,18274,926276,68,0.73,4296235428,2021-01-01T00:00:00Z,1970-01-01T00:00:00Z,left
http://www.wikidata.org/entity/Q33,Finland,FI,FIN,338478.34,5652881,81.2,0.94,296387625264,2021-01-01T00:00:00Z,1917-12-06T00:00:00Z,right
http://www.wikidata.org/entity/Q33,Finland,FI,FIN,338478.34,5652881,81.2,0.94,280825957768,2022-01-01T00:00:00Z,1917-12-06T00:00:00Z,right
http://www.wikidata.org/entity/Q142,France,FR,FRA,643801,68605616,82,0.903,2782905325625,2022-01-01T00:00:00Z,0481-01-01T00:00:00Z,right
http://www.wikidata.org/entity/Q142,France,FR,FRA,643801,68605616,82,0.903,2957879759264,2021-01-01T00:00:00Z,0481-01-01T00:00:00Z,right
http://www.wikidata.org/entity/Q142,France,FR,FRA,643801,68605616,82,0.903,2782905325625,2022-01-01T00:00:00Z,0843-08-01T00:00:00Z,right
http://www.wikidata.org/entity/Q142,France,FR,FRA,643801,68605616,82,0.903,2957879759264,2021-01-01T00:00:00Z,0843-08-01T00:00:00Z,right
http://www.wikidata.org/entity/Q142,France,FR,FRA,643801,68605616,82,0.903,2782905325625,2022-01-01T00:00:00Z,1804-05-18T00:00:00Z,right
http://www.wikidata.org/entity/Q142,France,FR,FRA,643801,68605616,82,0.903,2957879759264,2021-01-01T00:00:00Z,1804-05-18T00:00:00Z,right
http://www.wikidata.org/entity/Q1000,Gabon,GA,GAB,267667,2025137,66.105,0.706,4800000000,2003-01-01T00:00:00Z,1960-01-01T00:00:00Z,right
http://www.wikidata.org/entity/Q1000,Gabon,GA,GAB,267667,2025137,66.105,0.706,141468977,1960-01-01T00:00:00Z,1960-01-01T00:00:00Z,right
http://www.wikidata.org/entity/Q1000,Gabon,GA,GAB,267667,2025137,66.105,0.706,19388402.54,,1960-01-01T00:00:00Z,right
http://www.wikidata.org/entity/Q230,Georgia,GE,GEO,69700,3717100,73.261,0.802,24605375420,2022-01-01T00:00:00Z,1991-12-25T00:00:00Z,right
http://www.wikidata.org/entity/Q230,Georgia,GE,GEO,69700,3717100,73.261,0.802,18629365612,2021-01-01T00:00:00Z,1991-12-25T00:00:00Z,right
http://www.wikidata.org/entity/Q183,Germany,DE,DEU,357587.77,83577140,81.9,0.942,4072191736090,2022-01-01T00:00:00Z,1949-05-23T00:00:00Z,right
http://www.wikidata.org/entity/Q183,Germany,DE,DEU,357587.77,83577140,81.9,0.942,4121200000000,2023-01-01T00:00:00Z,1949-05-23T00:00:00Z,right
http://www.wikidata.org/entity/Q183,Germany,DE,DEU,357587.77,83577140,81.9,0.942,4259934911822,2021-01-01T00:00:00Z,1949-05-23T00:00:00Z,right
http://www.wikidata.org/entity/Q117,Ghana,GH,GHA,238535,32833031,62.742,0.632,72838798788,2022-01-01T00:00:00Z,1957-01-01T00:00:00Z,right
http://www.wikidata.org/entity/Q117,Ghana,GH,GHA,238535,32833031,62.742,0.632,79156409410,2021-01-01T00:00:00Z,1957-01-01T00:00:00Z,right
http://www.wikidata.org/entity/Q41,Greece,GR,GRC,131957,10482487,81.1,0.887,219065872466,2022-01-01T00:00:00Z,1821-04-06T00:00:00Z,right
http://www.wikidata.org/entity/Q41,Greece,GR,GRC,131957,10482487,81.1,0.887,214873879834,2021-01-01T00:00:00Z,1821-04-06T00:00:00Z,right
http://www.wikidata.org/entity/Q769,Grenada,GD,GRD,348.5,114299,75,0.795,1122800000,2021-01-01T00:00:00Z,1974-01-01T00:00:00Z,left
http://www.wikidata.org/entity/Q769,Grenada,GD,GRD,348.5,114299,75,0.795,1256413185,2022-01-01T00:00:00Z,1974-01-01T00:00:00Z,left
http://www.wikidata.org/entity/Q774,Guatemala,GT,GTM,108889,17263239,73.409,0.627,86053079767,2021-01-01T00:00:00Z,1821-01-01T00:00:00Z,right
http://www.wikidata.org/entity/Q774,Guatemala,GT,GTM,108889,17263239,73.409,0.627,95003333381,2022-01-01T00:00:00Z,1821-01-01T00:00:00Z,right
http://www.wikidata.org/entity/Q1006,Guinea,GN,GIN,245857,12717176,60.015,0.465,25600000000,2025-01-01T00:00:00Z,1958-10-02T00:00:00Z,right
http://www.wikidata.org/entity/Q1006,Guinea,GN,GIN,245857,12717176,60.015,0.465,21227749389,2022-01-01T00:00:00Z,1958-10-02T00:00:00Z,right
http://www.wikidata.org/entity/Q1006,Guinea,GN,GIN,245857,12717176,60.015,0.465,16091817842,2021-01-01T00:00:00Z,1958-10-02T00:00:00Z,right
http://www.wikidata.org/entity/Q1007,Guinea-Bissau,GW,GNB,36125,1861283,59.86,0.483,1633559092,2022-01-01T00:00:00Z,1974-01-01T00:00:00Z,right
http://www.wikidata.org/entity/Q1007,Guinea-Bissau,GW,GNB,36125,1861283,59.86,0.483,1638517607,2021-01-01T00:00:00Z,1974-01-01T00:00:00Z,right
http://www.wikidata.org/entity/Q734,Guyana,GY,GUY,214970,878674,66,0.714,15357537068,2022-01-01T00:00:00Z,1966-01-01T00:00:00Z,left
http://www.wikidata.org/entity/Q734,Guyana,GY,GUY,214970,878674,66,0.714,8044498801,2021-01-01T00:00:00Z,1966-01-01T00:00:00Z,left
http://www.wikidata.org/entity/Q790,Haiti,HT,HTI,27750,10981229,63.33,0.535,20877414952,2021-01-01T00:00:00Z,1804-01-01T00:00:00Z,right
http://www.wikidata.org/entity/Q790,Haiti,HT,HTI,27750,10981229,63.33,0.535,20253551885,2022-01-01T00:00:00Z,1804-01-01T00:00:00Z,right
http://www.wikidata.org/entity/Q783,Honduras,HN,HND,112492,8303771,73.575,0.621,31717700115,2022-01-01T00:00:00Z,1821-01-01T00:00:00Z,right
http://www.wikidata.org/entity/Q783,Honduras,HN,HND,112492,8303771,73.575,0.621,28488721296,2021-01-01T00:00:00Z,1821-01-01T00:00:00Z,right
http://www.wikidata.org/entity/Q28,Hungary,HU,HUN,93011.4,9603634,76,0.846,181848022230,2021-01-01T00:00:00Z,1000-01-01T00:00:00Z,right
http://www.wikidata.org/entity/Q28,Hungary,HU,HUN,93011.4,9603634,76,0.846,157182045260,2020-01-01T00:00:00Z,1000-01-01T00:00:00Z,right
http://www.wikidata.org/entity/Q189,Iceland,IS,ISL,103004,364260,82,0.959,27841648044,2022-01-01T00:00:00Z,1944-06-17T00:00:00Z,right
http://www.wikidata.org/entity/Q189,Iceland,IS,ISL,103004,364260,82,0.959,25552639899,2021-01-01T00:00:00Z,1944-06-17T00:00:00Z,right
http://www.wikidata.org/entity/Q668,India,IN,IND,3287263,1326093247,70.03,0.633,3150306834280,2021-01-01T00:00:00Z,1947-08-15T00:00:00Z,left
http://www.wikidata.org/entity/Q668,India,IN,IND,3287263,1326093247,70.03,0.633,3385089881935,2022-01-01T00:00:00Z,1947-08-15T00:00:00Z,left
http://www.wikidata.org/entity/Q252,Indonesia,ID,IDN,1904570,275439000,69.191,0.705,1319100220389,2022-01-01T00:00:00Z,1945-08-17T00:00:00Z,left
http://www.wikidata.org/entity/Q252,Indonesia,ID,IDN,1904570,275439000,69.191,0.705,1186505455721,2021-01-01T00:00:00Z,1945-08-17T00:00:00Z,left
http://www.wikidata.org/entity/Q794,Iran,IR,IRN,1648195,92417700,75,0.774,359096907773,2021-01-01T00:00:00Z,1979-04-01T00:00:00Z,right
http://www.wikidata.org/entity/Q794,Iran,IR,IRN,1648195,92417700,75,0.774,388544468140,2022-01-01T00:00:00Z,1979-04-01T00:00:00Z,right
http://www.wikidata.org/entity/Q796,Iraq,IQ,IRQ,437072,38274618,71,0.686,207691599310,2021-01-01T00:00:00Z,1932-01-01T00:00:00Z,right
http://www.wikidata.org/entity/Q796,Iraq,IQ,IRQ,437072,38274618,71,0.686,264182173793,2022-01-01T00:00:00Z,1932-01-01T00:00:00Z,right
http://www.wikidata.org/entity/Q27,Ireland,IE,IRL,69797,5149139,83,0.945,504182603276,2021-01-01T00:00:00Z,1937-12-29T00:00:00Z,left
http://www.wikidata.org/entity/Q27,Ireland,IE,IRL,69797,5149139,83,0.945,529244870223,2022-01-01T00:00:00Z,1937-12-29T00:00:00Z,left
http://www.wikidata.org/entity/Q38,Italy,IT,ITA,302068,58850717,82.5439,0.895,2114355756914,2021-01-01T00:00:00Z,0476-01-01T00:00:00Z,right
http://www.wikidata.org/entity/Q38,Italy,IT,ITA,302068,58850717,82.5439,0.895,2010431598465,2022-01-01T00:00:00Z,0476-01-01T00:00:00Z,right
http://www.wikidata.org/entity/Q38,Italy,IT,ITA,302068,58850717,82.5439,0.895,2114355756914,2021-01-01T00:00:00Z,1861-03-17T00:00:00Z,right
http://www.wikidata.org/entity/Q38,Italy,IT,ITA,302068,58850717,82.5439,0.895,2010431598465,2022-01-01T00:00:00Z,1861-03-17T00:00:00Z,right
http://www.wikidata.org/entity/Q38,Italy,IT,ITA,302068,58850717,82.5439,0.895,2114355756914,2021-01-01T00:00:00Z,1946-06-18T00:00:00Z,right
http://www.wikidata.org/entity/Q38,Italy,IT,ITA,302068,58850717,82.5439,0.895,2010431598465,2022-01-01T00:00:00Z,1946-06-18T00:00:00Z,right
http://www.wikidata.org/entity/Q1008,Ivory Coast,CI,CIV,322463,31165654,53.582,0.55,71811075955,2021-01-01T00:00:00Z,1960-01-01T00:00:00Z,right
http://www.wikidata.org/entity/Q1008,Ivory Coast,CI,CIV,322463,31165654,53.582,0.55,70018715017,2022-01-01T00:00:00Z,1960-01-01T00:00:00Z,right
http://www.wikidata.org/entity/Q766,Jamaica,JM,JAM,10991.90954,2697983,71,0.709,14657586359,2021-01-01T00:00:00Z,1962-01-01T00:00:00Z,left
http://www.wikidata.org/entity/Q766,Jamaica,JM,JAM,10991.90954,2697983,71,0.709,17097760745,2022-01-01T00:00:00Z,1962-01-01T00:00:00Z,left
http://www.wikidata.org/entity/Q17,Japan,JP,JPN,377972.28,123802000,83.98488,0.925,5005536736792,2021-01-01T00:00:00Z,1947-05-03T00:00:00Z,left
http://www.wikidata.org/entity/Q17,Japan,JP,JPN,377972.28,123802000,83.98488,0.925,4231141201863,2022-01-01T00:00:00Z,1947-05-03T00:00:00Z,left
http://www.wikidata.org/entity/Q810,Jordan,JO,JOR,89341,10428241,74.329,0.72,47451499859,2022-01-01T00:00:00Z,1946-01-01T00:00:00Z,right
http://www.wikidata.org/entity/Q810,Jordan,JO,JOR,89341,10428241,74.329,0.72,45116317042,2021-01-01T00:00:00Z,1946-01-01T00:00:00Z,right
http://www.wikidata.org/entity/Q232,Kazakhstan,KZ,KAZ,2724900,20139914,72.3,0.811,220623001967,2022-01-01T00:00:00Z,1991-01-01T00:00:00Z,right
http://www.wikidata.org/entity/Q232,Kazakhstan,KZ,KAZ,2724900,20139914,72.3,0.811,197112255361,2021-01-01T00:00:00Z,1991-01-01T00:00:00Z,right
http://www.wikidata.org/entity/Q114,Kenya,KE,KEN,581309,48468138,67.032,0.575,109703659313,2021-01-01T00:00:00Z,1963-01-01T00:00:00Z,left
http://www.wikidata.org/entity/Q114,Kenya,KE,KEN,581309,48468138,67.032,0.575,113420008179,2022-01-01T00:00:00Z,1963-01-01T00:00:00Z,left
http://www.wikidata.org/entity/Q29999,Kingdom of the Netherlands,NL,NLD,42201,17100715,,0.941,830572618850,2017-01-01T00:00:00Z,1815-03-16T00:00:00Z,right
http://www.wikidata.org/entity/Q710,Kiribati,KI,KIR,811,134518,68,0.624,223352943,2022-01-01T00:00:00Z,1979-07-12T00:00:00Z,left
http://www.wikidata.org/entity/Q710,Kiribati,KI,KIR,811,134518,68,0.624,227610035,2021-01-01T00:00:00Z,1979-07-12T00:00:00Z,left
http://www.wikidata.org/entity/Q817,Kuwait,KW,KWT,17818,4464000,74.694,0.831,136797422274,2021-01-01T00:00:00Z,1991-02-26T00:00:00Z,right
http://www.wikidata.org/entity/Q817,Kuwait,KW,KWT,17818,4464000,74.694,0.831,184558274289,2022-01-01T00:00:00Z,1991-02-26T00:00:00Z,right
http://www.wikidata.org/entity/Q813,Kyrgyzstan,KG,KGZ,199951,7281800,70.95122,0.692,10930644915,2022-01-01T00:00:00Z,1991-01-01T00:00:00Z,right
http://www.wikidata.org/entity/Q813,Kyrgyzstan,KG,KGZ,199951,7281800,70.95122,0.692,8740681889,2021-01-01T00:00:00Z,1991-01-01T00:00:00Z,right
http://www.wikidata.org/entity/Q819,Laos,LA,LAO,236800,6858160,69,0.607,15724383783,2022-01-01T00:00:00Z,1949-01-01T00:00:00Z,right
http://www.wikidata.org/entity/Q819,Laos,LA,LAO,236800,6858160,69,0.607,18827148530,2021-01-01T00:00:00Z,1949-01-01T00:00:00Z,right
http://www.wikidata.org/entity/Q211,Latvia,LV,LVA,62226.85,1856932,74.52927,0.863,41153912663,2022-01-01T00:00:00Z,1918-11-18T00:00:00Z,right
http://www.wikidata.org/entity/Q211,Latvia,LV,LVA,62226.85,1856932,74.52927,0.863,39725383601,2021-01-01T00:00:00Z,1918-11-18T00:00:00Z,right
http://www.wikidata.org/entity/Q211,Latvia,LV,LVA,64593.76,1856932,74.52927,0.863,41153912663,2022-01-01T00:00:00Z,1918-11-18T00:00:00Z,right
http://www.wikidata.org/entity/Q211,Latvia,LV,LVA,64593.76,1856932,74.52927,0.863,39725383601,2021-01-01T00:00:00Z,1918-11-18T00:00:00Z,right
http://www.wikidata.org/entity/Q822,Lebanon,LB,LBN,10452,6100075,79.584,0.706,23131941557,2021-01-01T00:00:00Z,1943-11-22T00:00:00Z,right
http://www.wikidata.org/entity/Q1013,Lesotho,LS,LSO,30355,2007201,54.174,0.514,2553459763,2022-01-01T00:00:00Z,1966-01-01T00:00:00Z,left
http://www.wikidata.org/entity/Q1013,Lesotho,LS,LSO,30355,2007201,54.174,0.514,2373416269,2021-01-01T00:00:00Z,1966-01-01T00:00:00Z,left
http://www.wikidata.org/entity/Q1014,Liberia,LR,LBR,111369,5214030,62.505,0.481,3509000000,2021-01-01T00:00:00Z,1822-01-07T00:00:00Z,right
http://www.wikidata.org/entity/Q1014,Liberia,LR,LBR,111369,5214030,62.505,0.481,4001047150,2022-01-01T00:00:00Z,1822-01-07T00:00:00Z,right
http://www.wikidata.org/entity/Q1016,Libya,LY,LBY,1759541,7381023,71.934,0.718,39798423941,2021-01-01T00:00:00Z,1551-08-25T00:00:00Z,right
http://www.wikidata.org/entity/Q1016,Libya,LY,LBY,1759541,7381023,71.934,0.718,45752336036,2022-01-01T00:00:00Z,1551-08-25T00:00:00Z,right
http://www.wikidata.org/entity/Q1016,Libya,LY,LBY,1759541,7381023,71.934,0.718,39798423941,2021-01-01T00:00:00Z,1951-12-24T00:00:00Z,right
http://www.wikidata.org/entity/Q1016,Libya,LY,LBY,1759541,7381023,71.934,0.718,45752336036,2022-01-01T00:00:00Z,1951-12-24T00:00:00Z,right
http://www.wikidata.org/entity/Q1016,Libya,LY,LBY,1759541,7381023,71.934,0.718,39798423941,2021-01-01T00:00:00Z,1969-09-01T00:00:00Z,right
http://www.wikidata.org/entity/Q1016,Libya,LY,LBY,1759541,7381023,71.934,0.718,45752336036,2022-01-01T00:00:00Z,1969-09-01T00:00:00Z,right
http://www.wikidata.org/entity/Q1016,Libya,LY,LBY,1759541,7381023,71.934,0.718,39798423941,2021-01-01T00:00:00Z,1977-03-02T00:00:00Z,right
http://www.wikidata.org/entity/Q1016,Libya,LY,LBY,1759541,7381023,71.934,0.718,45752336036,2022-01-01T00:00:00Z,1977-03-02T00:00:00Z,right
http://www.wikidata.org/entity/Q347,Liechtenstein,LI,LIE,160,37922,82.6561,0.935,7186428783,2021-01-01T00:00:00Z,1806-07-12T00:00:00Z,right
http://www.wikidata.org/entity/Q37,Lithuania,LT,LTU,65300,2860002,74.32195,0.875,66414994992,2021-01-01T00:00:00Z,1990-03-11T00:00:00Z,right
http://www.wikidata.org/entity/Q37,Lithuania,LT,LTU,65300,2860002,74.32195,0.875,70334299008,2022-01-01T00:00:00Z,1990-03-11T00:00:00Z,right
http://www.wikidata.org/entity/Q32,Luxembourg,LU,LUX,2586.36,681973,83,0.93,82274812251,2022-01-01T00:00:00Z,1815-01-01T00:00:00Z,right
http://www.wikidata.org/entity/Q32,Luxembourg,LU,LUX,2586.36,681973,83,0.93,85506243834,2021-01-01T00:00:00Z,1815-01-01T00:00:00Z,right
http://www.wikidata.org/entity/Q1019,Madagascar,MG,MDG,587295,31964956,65.932,0.501,14954967604,2022-01-01T00:00:00Z,1960-01-01T00:00:00Z,right
http://www.wikidata.org/entity/Q1019,Madagascar,MG,MDG,587295,31964956,65.932,0.501,14554754115,2021-01-01T00:00:00Z,1960-01-01T00:00:00Z,right
http://www.wikidata.org/entity/Q1020,Malawi,MW,MWI,118484,17563749,63.223,0.512,12602334124,2021-01-01T00:00:00Z,1964-07-06T00:00:00Z,left
http://www.wikidata.org/entity/Q1020,Malawi,MW,MWI,118484,17563749,63.223,0.512,13164667627,2022-01-01T00:00:00Z,1964-07-06T00:00:00Z,left
http://www.wikidata.org/entity/Q833,Malaysia,MY,MYS,330803,32447385,75.3,0.803,406305924656,2022-01-01T00:00:00Z,1963-09-16T00:00:00Z,left
http://www.wikidata.org/entity/Q833,Malaysia,MY,MYS,330803,32447385,75.3,0.803,372981073018,2021-01-01T00:00:00Z,1963-09-16T00:00:00Z,left
http://www.wikidata.org/entity/Q826,Maldives,MV,MDV,298,436330,77.339,0.747,6189865408,2022-01-01T00:00:00Z,1965-07-26T00:00:00Z,left
http://www.wikidata.org/entity/Q826,Maldives,MV,MDV,298,436330,77.339,0.747,5405557162,2021-01-01T00:00:00Z,1965-07-26T00:00:00Z,left
http://www.wikidata.org/entity/Q826,Maldives,MV,MDV,298,436330,77.339,0.747,6189865408,2022-01-01T00:00:00Z,1968-11-11T00:00:00Z,left
http://www.wikidata.org/entity/Q826,Maldives,MV,MDV,298,436330,77.339,0.747,5405557162,2021-01-01T00:00:00Z,1968-11-11T00:00:00Z,left
http://www.wikidata.org/entity/Q912,Mali,ML,MLI,1240192,20250833,57.966,0.428,19309463506,2021-01-01T00:00:00Z,1960-09-22T00:00:00Z,right
http://www.wikidata.org/entity/Q912,Mali,ML,MLI,1240192,20250833,57.966,0.428,18827176532,2022-01-01T00:00:00Z,1960-09-22T00:00:00Z,right
http://www.wikidata.org/entity/Q233,Malta,MT,MLT,316,553214,81.79756,0.918,17743376199,2021-01-01T00:00:00Z,1964-09-21T00:00:00Z,left
http://www.wikidata.org/entity/Q233,Malta,MT,MLT,316,553214,81.79756,0.918,17765270015,2022-01-01T00:00:00Z,1964-09-21T00:00:00Z,left
http://www.wikidata.org/entity/Q709,Marshall Islands,MH,MHL,181.43,53127,65.23902,0.639,279667900,2022-01-01T00:00:00Z,1986-10-21T00:00:00Z,right
http://www.wikidata.org/entity/Q709,Marshall Islands,MH,MHL,181.43,53127,65.23902,0.639,259538700,2021-01-01T00:00:00Z,1986-10-21T00:00:00Z,right
http://www.wikidata.org/entity/Q1025,Mauritania,MR,MRT,1030700,4736139,63.238,0.556,9996240419,2021-01-01T00:00:00Z,1960-11-28T00:00:00Z,right
http://www.wikidata.org/entity/Q1025,Mauritania,MR,MRT,1030700,4736139,63.238,0.556,10375460680,2022-01-01T00:00:00Z,1960-11-28T00:00:00Z,right
http://www.wikidata.org/entity/Q1027,Mauritius,MU,MUS,2040,1264613,74.39488,0.802,11476433604,2021-01-01T00:00:00Z,1968-03-12T00:00:00Z,left
http://www.wikidata.org/entity/Q1027,Mauritius,MU,MUS,2040,1264613,74.39488,0.802,12898307089,2022-01-01T00:00:00Z,1968-03-12T00:00:00Z,left
http://www.wikidata.org/entity/Q96,Mexico,MX,MEX,1964375,132274416,75,0.758,1272838810896,2021-01-01T00:00:00Z,1810-09-16T00:00:00Z,right
http://www.wikidata.org/entity/Q96,Mexico,MX,MEX,1964375,132274416,75,0.758,1414187193992,2022-01-01T00:00:00Z,1810-09-16T00:00:00Z,right
http://www.wikidata.org/entity/Q96,Mexico,MX,MEX,1972550,132274416,75,0.758,1272838810896,2021-01-01T00:00:00Z,1810-09-16T00:00:00Z,right
http://www.wikidata.org/entity/Q96,Mexico,MX,MEX,1972550,132274416,75,0.758,1414187193992,2022-01-01T00:00:00Z,1810-09-16T00:00:00Z,right
http://www.wikidata.org/entity/Q217,Moldova,MD,MDA,33843.5,2409207,71.61,0.767,14420947884,2022-01-01T00:00:00Z,1991-08-27T00:00:00Z,right
http://www.wikidata.org/entity/Q217,Moldova,MD,MDA,33843.5,2409207,71.61,0.767,13692230147,2021-01-01T00:00:00Z,1991-08-27T00:00:00Z,right
http://www.wikidata.org/entity/Q235,Monaco,MC,MCO,2.08,38857,,,8596156574,2021-01-01T00:00:00Z,1297-01-15T00:00:00Z,right
http://www.wikidata.org/entity/Q711,Mongolia,MN,MNG,1564116,3409939,73,0.739,15286441740,2021-01-01T00:00:00Z,1992-02-12T00:00:00Z,right
http://www.wikidata.org/entity/Q711,Mongolia,MN,MNG,1564116,3409939,73,0.739,16810883361,2022-01-01T00:00:00Z,1992-02-12T00:00:00Z,right
http://www.wikidata.org/entity/Q236,Montenegro,ME,MNE,13883,617213,77.116,0.832,6095978868,2022-01-01T00:00:00Z,2006-06-03T00:00:00Z,right
http://www.wikidata.org/entity/Q236,Montenegro,ME,MNE,13883,617213,77.116,0.832,5861430526,2021-01-01T00:00:00Z,2006-06-03T00:00:00Z,right
http://www.wikidata.org/entity/Q1028,Morocco,MA,MAR,446550,36828330,75.31,0.683,134181587770,2022-01-01T00:00:00Z,0789-01-01T00:00:00Z,right
http://www.wikidata.org/entity/Q1028,Morocco,MA,MAR,446550,36828330,75.31,0.683,142866583125,2021-01-01T00:00:00Z,0789-01-01T00:00:00Z,right
http://www.wikidata.org/entity/Q1029,Mozambique,MZ,MOZ,801590,29668834,58.311,0.446,15776757420,2021-01-01T00:00:00Z,1975-06-25T00:00:00Z,left
http://www.wikidata.org/entity/Q1029,Mozambique,MZ,MOZ,801590,29668834,58.311,0.446,17851491428,2022-01-01T00:00:00Z,1975-06-25T00:00:00Z,left
http://www.wikidata.org/entity/Q836,Myanmar,MM,MMR,676577.2,53370609,69.62,0.585,59364362541,2022-01-01T00:00:00Z,1948-01-04T00:00:00Z,right
http://www.wikidata.org/entity/Q836,Myanmar,MM,MMR,676577.2,53370609,69.62,0.585,65124769602,2021-01-01T00:00:00Z,1948-01-04T00:00:00Z,right
http://www.wikidata.org/entity/Q1030,Namibia,NA,NAM,825615,2533794,64.388,0.615,12607436976,2022-01-01T00:00:00Z,1990-01-01T00:00:00Z,left
http://www.wikidata.org/entity/Q1030,Namibia,NA,NAM,825615,2533794,64.388,0.615,12446290855,2021-01-01T00:00:00Z,1990-01-01T00:00:00Z,left
http://www.wikidata.org/entity/Q697,Nauru,NR,NRU,21,13650,64,,150922211,2022-01-01T00:00:00Z,1968-01-31T00:00:00Z,left
http://www.wikidata.org/entity/Q697,Nauru,NR,NRU,21,13650,64,,145536603,2021-01-01T00:00:00Z,1968-01-31T00:00:00Z,left
http://www.wikidata.org/entity/Q837,Nepal,NP,NPL,147181.254346,29164578,72.12,0.602,36924841430,2021-01-01T00:00:00Z,2008-05-28T00:00:00Z,left
http://www.wikidata.org/entity/Q837,Nepal,NP,NPL,147181.254346,29164578,72.12,0.602,40828247302,2022-01-01T00:00:00Z,2008-05-28T00:00:00Z,left
http://www.wikidata.org/entity/Q664,New Zealand,NZ,NZL,268021,5307800,81.61244,0.937,255551704626,2021-01-01T00:00:00Z,1841-05-03T00:00:00Z,left
http://www.wikidata.org/entity/Q664,New Zealand,NZ,NZL,268021,5307800,81.61244,0.937,247234053739,2022-01-01T00:00:00Z,1841-05-03T00:00:00Z,left
http://www.wikidata.org/entity/Q664,New Zealand,NZ,NZL,268021,5307800,81.61244,0.937,255551704626,2021-01-01T00:00:00Z,1907-09-26T00:00:00Z,left
http://www.wikidata.org/entity/Q664,New Zealand,NZ,NZL,268021,5307800,81.61244,0.937,247234053739,2022-01-01T00:00:00Z,1907-09-26T00:00:00Z,left
http://www.wikidata.org/entity/Q664,New Zealand,NZ,NZL,268021,5307800,81.61244,0.937,255551704626,2021-01-01T00:00:00Z,1947-11-25T00:00:00Z,left
http://www.wikidata.org/entity/Q664,New Zealand,NZ,NZL,268021,5307800,81.61244,0.937,247234053739,2022-01-01T00:00:00Z,1947-11-25T00:00:00Z,left
http://www.wikidata.org/entity/Q664,New Zealand,NZ,NZL,268021,5307800,81.61244,0.937,255551704626,2021-01-01T00:00:00Z,1986-12-13T00:00:00Z,left
http://www.wikidata.org/entity/Q664,New Zealand,NZ,NZL,268021,5307800,81.61244,0.937,247234053739,2022-01-01T00:00:00Z,1986-12-13T00:00:00Z,left
http://www.wikidata.org/entity/Q811,Nicaragua,NI,NIC,120340,5142098,75,0.667,15671583878,2022-01-01T00:00:00Z,1821-01-01T00:00:00Z,right
http://www.wikidata.org/entity/Q811,Nicaragua,NI,NIC,120340,5142098,75,0.667,14145852101,2021-01-01T00:00:00Z,1821-01-01T00:00:00Z,right
http://www.wikidata.org/entity/Q1032,Niger,NE,NER,1267000,21477348,60.058,0.4,14915002098,2021-01-01T00:00:00Z,1960-01-01T00:00:00Z,right
http://www.wikidata.org/entity/Q1032,Niger,NE,NER,1267000,21477348,60.058,0.4,13969605583,2022-01-01T00:00:00Z,1960-01-01T00:00:00Z,right
http://www.wikidata.org/entity/Q1033,Nigeria,NG,NGA,923768,211400708,53.428,0.535,440833583992,2021-01-01T00:00:00Z,1963-10-01T00:00:00Z,right
http://www.wikidata.org/entity/Q1033,Nigeria,NG,NGA,923768,211400708,53.428,0.535,477386120636,2022-01-01T00:00:00Z,1963-10-01T00:00:00Z,right
http://www.wikidata.org/entity/Q423,North Korea,KP,PRK,120540,26418204,71.685,,,,1948-09-09T00:00:00Z,right
http://www.wikidata.org/entity/Q221,North Macedonia,MK,MKD,25713,1836713,75.703,0.77,13563132057,2022-01-01T00:00:00Z,1991-01-01T00:00:00Z,right
http://www.wikidata.org/entity/Q221,North Macedonia,MK,MKD,25713,1836713,75.703,0.77,13825049832,2021-01-01T00:00:00Z,1991-01-01T00:00:00Z,right
http://www.wikidata.org/entity/Q20,Norway,NO,NOR,385207,5627400,82.50976,0.966,579267365866,2022-01-01T00:00:00Z,0900-01-01T00:00:00Z,right
http://www.wikidata.org/entity/Q20,Norway,NO,NOR,385207,5627400,82.50976,0.966,490293364377,2021-01-01T00:00:00Z,0900-01-01T00:00:00Z,right
http://www.wikidata.org/entity/Q20,Norway,NO,NOR,385207,5627400,82.50976,0.966,579267365866,2022-01-01T00:00:00Z,1814-05-17T00:00:00Z,right
http://www.wikidata.org/entity/Q20,Norway,NO,NOR,385207,5627400,82.50976,0.966,490293364377,2021-01-01T00:00:00Z,1814-05-17T00:00:00Z,right
http://www.wikidata.org/entity/Q20,Norway,NO,NOR,385207,5627400,82.50976,0.966,579267365866,2022-01-01T00:00:00Z,1905-06-07T00:00:00Z,right
http://www.wikidata.org/entity/Q20,Norway,NO,NOR,385207,5627400,82.50976,0.966,490293364377,2021-01-01T00:00:00Z,1905-06-07T00:00:00Z,right
http://www.wikidata.org/entity/Q20,Norway,NO,NOR,385207,5627400,82.50976,0.966,579267365866,2022-01-01T00:00:00Z,1905-10-26T00:00:00Z,right
http://www.wikidata.org/entity/Q20,Norway,NO,NOR,385207,5627400,82.50976,0.966,490293364377,2021-01-01T00:00:00Z,1905-10-26T00:00:00Z,right
http://www.wikidata.org/entity/Q842,Oman,OM,OMN,309500,4829480,77.029,0.816,114667360208,2022-01-01T00:00:00Z,1970-07-23T00:00:00Z,right
http://www.wikidata.org/entity/Q842,Oman,OM,OMN,309500,4829480,77.029,0.816,88191977373,2021-01-01T00:00:00Z,1970-07-23T00:00:00Z,right
http://www.wikidata.org/entity/Q843,Pakistan,PK,PAK,881913,223773700,62.476,0.544,376532751807,2022-01-01T00:00:00Z,1947-08-14T00:00:00Z,left
http://www.wikidata.org/entity/Q843,Pakistan,PK,PAK,881913,223773700,62.476,0.544,348262544719,2021-01-01T00:00:00Z,1947-08-14T00:00:00Z,left
http://www.wikidata.org/entity/Q843,Pakistan,PK,PAK,881913,223773700,62.727,0.544,376532751807,2022-01-01T00:00:00Z,1947-08-14T00:00:00Z,left
http://www.wikidata.org/entity/Q843,Pakistan,PK,PAK,881913,223773700,62.727,0.544,348262544719,2021-01-01T00:00:00Z,1947-08-14T00:00:00Z,left
http://www.wikidata.org/entity/Q843,Pakistan,PK,PAK,881913,223773700,62.967,0.544,376532751807,2022-01-01T00:00:00Z,1947-08-14T00:00:00Z,left
http://www.wikidata.org/entity/Q843,Pakistan,PK,PAK,881913,223773700,62.967,0.544,348262544719,2021-01-01T00:00:00Z,1947-08-14T00:00:00Z,left
http://www.wikidata.org/entity/Q843,Pakistan,PK,PAK,881913,223773700,63.196,0.544,376532751807,2022-01-01T00:00:00Z,1947-08-14T00:00:00Z,left
http://www.wikidata.org/entity/Q843,Pakistan,PK,PAK,881913,223773700,63.196,0.544,348262544719,2021-01-01T00:00:00Z,1947-08-14T00:00:00Z,left
http://www.wikidata.org/entity/Q843,Pakistan,PK,PAK,881913,223773700,63.414,0.544,376532751807,2022-01-01T00:00:00Z,1947-08-14T00:00:00Z,left
http://www.wikidata.org/entity/Q843,Pakistan,PK,PAK,881913,223773700,63.414,0.544,348262544719,2021-01-01T00:00:00Z,1947-08-14T00:00:00Z,left
http://www.wikidata.org/entity/Q843,Pakistan,PK,PAK,881913,223773700,63.625,0.544,376532751807,2022-01-01T00:00:00Z,1947-08-14T00:00:00Z,left
http://www.wikidata.org/entity/Q843,Pakistan,PK,PAK,881913,223773700,63.625,0.544,348262544719,2021-01-01T00:00:00Z,1947-08-14T00:00:00Z,left
http://www.wikidata.org/entity/Q843,Pakistan,PK,PAK,881913,223773700,63.836,0.544,376532751807,2022-01-01T00:00:00Z,1947-08-14T00:00:00Z,left
http://www.wikidata.org/entity/Q843,Pakistan,PK,PAK,881913,223773700,63.836,0.544,348262544719,2021-01-01T00:00:00Z,1947-08-14T00:00:00Z,left
http://www.wikidata.org/entity/Q843,Pakistan,PK,PAK,881913,223773700,64.06,0.544,376532751807,2022-01-01T00:00:00Z,1947-08-14T00:00:00Z,left
http://www.wikidata.org/entity/Q843,Pakistan,PK,PAK,881913,223773700,64.06,0.544,348262544719,2021-01-01T00:00:00Z,1947-08-14T00:00:00Z,left
http://www.wikidata.org/entity/Q843,Pakistan,PK,PAK,881913,223773700,64.303,0.544,376532751807,2022-01-01T00:00:00Z,1947-08-14T00:00:00Z,left
http://www.wikidata.org/entity/Q843,Pakistan,PK,PAK,881913,223773700,64.303,0.544,348262544719,2021-01-01T00:00:00Z,1947-08-14T00:00:00Z,left
http://www.wikidata.org/entity/Q843,Pakistan,PK,PAK,881913,223773700,64.565,0.544,376532751807,2022-01-01T00:00:00Z,1947-08-14T00:00:00Z,left
http://www.wikidata.org/entity/Q843,Pakistan,PK,PAK,881913,223773700,64.565,0.544,348262544719,2021-01-01T00:00:00Z,1947-08-14T00:00:00Z,left
http://www.wikidata.org/entity/Q843,Pakistan,PK,PAK,881913,223773700,64.845,0.544,376532751807,2022-01-01T00:00:00Z,1947-08-14T00:00:00Z,left
http://www.wikidata.org/entity/Q843,Pakistan,PK,PAK,881913,223773700,64.845,0.544,348262544719,2021-01-01T00:00:00Z,1947-08-14T00:00:00Z,left
http://www.wikidata.org/entity/Q843,Pakistan,PK,PAK,881913,223773700,65.134,0.544,376532751807,2022-01-01T00:00:00Z,1947-08-14T00:00:00Z,left
http://www.wikidata.org/entity/Q843,Pakistan,PK,PAK,881913,223773700,65.134,0.544,348262544719,2021-01-01T00:00:00Z,1947-08-14T00:00:00Z,left
http://www.wikidata.org/entity/Q843,Pakistan,PK,PAK,881913,223773700,65.419,0.544,376532751807,2022-01-01T00:00:00Z,1947-08-14T00:00:00Z,left
http://www.wikidata.org/entity/Q843,Pakistan,PK,PAK,881913,223773700,65.419,0.544,348262544719,2021-01-01T00:00:00Z,1947-08-14T00:00:00Z,left
http://www.wikidata.org/entity/Q843,Pakistan,PK,PAK,881913,223773700,65.686,0.544,376532751807,2022-01-01T00:00:00Z,1947-08-14T00:00:00Z,left
http://www.wikidata.org/entity/Q843,Pakistan,PK,PAK,881913,223773700,65.686,0.544,348262544719,2021-01-01T00:00:00Z,1947-08-14T00:00:00Z,left
http://www.wikidata.org/entity/Q843,Pakistan,PK,PAK,881913,223773700,65.927,0.544,376532751807,2022-01-01T00:00:00Z,1947-08-14T00:00:00Z,left
http://www.wikidata.org/entity/Q843,Pakistan,PK,PAK,881913,223773700,65.927,0.544,348262544719,2021-01-01T00:00:00Z,1947-08-14T00:00:00Z,left
http://www.wikidata.org/entity/Q843,Pakistan,PK,PAK,881913,223773700,66,0.544,376532751807,2022-01-01T00:00:00Z,1947-08-14T00:00:00Z,left
http://www.wikidata.org/entity/Q843,Pakistan,PK,PAK,881913,223773700,66,0.544,348262544719,2021-01-01T00:00:00Z,1947-08-14T00:00:00Z,left
http://www.wikidata.org/entity/Q843,Pakistan,PK,PAK,881913,223773700,66.139,0.544,376532751807,2022-01-01T00:00:00Z,1947-08-14T00:00:00Z,left
http://www.wikidata.org/entity/Q843,Pakistan,PK,PAK,881913,223773700,66.139,0.544,348262544719,2021-01-01T00:00:00Z,1947-08-14T00:00:00Z,left
http://www.wikidata.org/entity/Q843,Pakistan,PK,PAK,881913,223773700,66.322,0.544,376532751807,2022-01-01T00:00:00Z,1947-08-14T00:00:00Z,left
http://www.wikidata.org/entity/Q843,Pakistan,PK,PAK,881913,223773700,66.322,0.544,348262544719,2021-01-01T00:00:00Z,1947-08-14T00:00:00Z,left
http://www.wikidata.org/entity/Q843,Pakistan,PK,PAK,881913,223773700,66.481,0.544,376532751807,2022-01-01T00:00:00Z,1947-08-14T00:00:00Z,left
http://www.wikidata.org/entity/Q843,Pakistan,PK,PAK,881913,223773700,66.481,0.544,348262544719,2021-01-01T00:00:00Z,1947-08-14T00:00:00Z,left
http://www.wikidata.org/entity/Q843,Pakistan,PK,PAK,881913,223773700,67,0.544,376532751807,2022-01-01T00:00:00Z,1947-08-14T00:00:00Z,left
http://www.wikidata.org/entity/Q843,Pakistan,PK,PAK,881913,223773700,67,0.544,348262544719,2021-01-01T00:00:00Z,1947-08-14T00:00:00Z,left
http://www.wikidata.org/entity/Q843,Pakistan,PK,PAK,881913,223773700,69.37,0.544,376532751807,2022-01-01T00:00:00Z,1947-08-14T00:00:00Z,left
http://www.wikidata.org/entity/Q843,Pakistan,PK,PAK,881913,223773700,69.37,0.544,348262544719,2021-01-01T00:00:00Z,1947-08-14T00:00:00Z,left
http://www.wikidata.org/entity/Q695,Palau,PW,PLW,465.550362,21729,69.12927,0.767,217800000,2021-01-01T00:00:00Z,1994-10-01T00:00:00Z,right
http://www.wikidata.org/entity/Q219060,Palestine,PS,PSE,6020,5227193,73,0.715,18109000000,2021-01-01T00:00:00Z,1988-11-15T00:00:00Z,right
http://www.wikidata.org/entity/Q219060,Palestine,PS,PSE,6020,5227193,73,0.715,19111900000,2022-01-01T00:00:00Z,1988-11-15T00:00:00Z,right
http://www.wikidata.org/entity/Q804,Panama,PA,PAN,74177.3,4570133,77,0.805,67406738052,2021-01-01T00:00:00Z,1903-01-01T00:00:00Z,right
http://www.wikidata.org/entity/Q804,Panama,PA,PAN,74177.3,4570133,77,0.805,76522511781,2022-01-01T00:00:00Z,1903-01-01T00:00:00Z,right
http://www.wikidata.org/entity/Q691,Papua New Guinea,PG,PNG,462840,8935000,66,0.558,30633444295,2022-01-01T00:00:00Z,1975-01-01T00:00:00Z,left
http://www.wikidata.org/entity/Q691,Papua New Guinea,PG,PNG,462840,8935000,66,0.558,26311656000,2021-01-01T00:00:00Z,1975-01-01T00:00:00Z,left
http://www.wikidata.org/entity/Q733,Paraguay,PY,PRY,406756,6811297,70,0.717,39950899733,2021-01-01T00:00:00Z,1811-01-01T00:00:00Z,right
http://www.wikidata.org/entity/Q733,Paraguay,PY,PRY,406756,6811297,70,0.717,41722295362,2022-01-01T00:00:00Z,1811-01-01T00:00:00Z,right
http://www.wikidata.org/entity/Q148,People's Republic of China,CN,CHN,9596961,1442965000,79,0.768,17820459342451,2021-01-01T00:00:00Z,1949-10-01T00:00:00Z,right
http://www.wikidata.org/entity/Q148,People's Republic of China,CN,CHN,9596961,1442965000,79,0.768,17963170521080,2022-01-01T00:00:00Z,1949-10-01T00:00:00Z,right
http://www.wikidata.org/entity/Q419,Peru,PE,PER,1285216,33726000,73,0.762,223717791483,2021-01-01T00:00:00Z,1821-07-28T00:00:00Z,right
http://www.wikidata.org/entity/Q419,Peru,PE,PER,1285216,33726000,73,0.762,242631549613,2022-01-01T00:00:00Z,1821-07-28T00:00:00Z,right
http://www.wikidata.org/entity/Q928,Philippines,PH,PHL,343448,112729484,71.095,0.699,404284327312,2022-01-01T00:00:00Z,1565-01-01T00:00:00Z,right
http://www.wikidata.org/entity/Q928,Philippines,PH,PHL,343448,112729484,71.095,0.699,394087362017,2021-01-01T00:00:00Z,1565-01-01T00:00:00Z,right
http://www.wikidata.org/entity/Q928,Philippines,PH,PHL,343448,112729484,71.095,0.699,404284327312,2022-01-01T00:00:00Z,1901-07-04T00:00:00Z,right
http://www.wikidata.org/entity/Q928,Philippines,PH,PHL,343448,112729484,71.095,0.699,394087362017,2021-01-01T00:00:00Z,1901-07-04T00:00:00Z,right
http://www.wikidata.org/entity/Q928,Philippines,PH,PHL,343448,112729484,71.095,0.699,404284327312,2022-01-01T00:00:00Z,1935-11-15T00:00:00Z,right
http://www.wikidata.org/entity/Q928,Philippines,PH,PHL,343448,112729484,71.095,0.699,394087362017,2021-01-01T00:00:00Z,1935-11-15T00:00:00Z,right
http://www.wikidata.org/entity/Q928,Philippines,PH,PHL,343448,112729484,71.095,0.699,404284327312,2022-01-01T00:00:00Z,1946-07-04T00:00:00Z,right
http://www.wikidata.org/entity/Q928,Philippines,PH,PHL,343448,112729484,71.095,0.699,394087362017,2021-01-01T00:00:00Z,1946-07-04T00:00:00Z,right
http://www.wikidata.org/entity/Q36,Poland,PL,POL,312683,37563071,76,0.876,688176605955,2022-01-01T00:00:00Z,1918-11-11T00:00:00Z,right
http://www.wikidata.org/entity/Q36,Poland,PL,POL,312683,37563071,76,0.876,679441900611,2021-01-01T00:00:00Z,1918-11-11T00:00:00Z,right
http://www.wikidata.org/entity/Q45,Portugal,PT,PRT,92225,10347892,82,0.866,253982847571,2021-01-01T00:00:00Z,1128-07-01T00:00:00Z,right
http://www.wikidata.org/entity/Q45,Portugal,PT,PRT,92225,10347892,82,0.866,251945377529,2022-01-01T00:00:00Z,1128-07-01T00:00:00Z,right
http://www.wikidata.org/entity/Q45,Portugal,PT,PRT,92225,10347892,82,0.866,253982847571,2021-01-01T00:00:00Z,1139-08-01T00:00:00Z,right
http://www.wikidata.org/entity/Q45,Portugal,PT,PRT,92225,10347892,82,0.866,251945377529,2022-01-01T00:00:00Z,1139-08-01T00:00:00Z,right
http://www.wikidata.org/entity/Q45,Portugal,PT,PRT,92225,10347892,82,0.866,253982847571,2021-01-01T00:00:00Z,1179-05-30T00:00:00Z,right
http://www.wikidata.org/entity/Q45,Portugal,PT,PRT,92225,10347892,82,0.866,251945377529,2022-01-01T00:00:00Z,1179-05-30T00:00:00Z,right
http://www.wikidata.org/entity/Q846,Qatar,QA,QAT,11437,2639211,78.184,0.855,179677131707,2021-01-01T00:00:00Z,1870-01-01T00:00:00Z,right
http://www.wikidata.org/entity/Q846,Qatar,QA,QAT,11437,2639211,78.184,0.855,237295575171,2022-01-01T00:00:00Z,1870-01-01T00:00:00Z,right
http://www.wikidata.org/entity/Q971,Republic of the Congo,CG,COG,342000,6142180,64.625,0.571,14615532210,2022-01-01T00:00:00Z,1960-01-01T00:00:00Z,right
http://www.wikidata.org/entity/Q971,Republic of the Congo,CG,COG,342000,6142180,64.625,0.571,13366230821,2021-01-01T00:00:00Z,1960-01-01T00:00:00Z,right
http://www.wikidata.org/entity/Q218,Romania,RO,ROU,238397,19053815,75,0.821,301261582924,2022-01-01T00:00:00Z,1859-02-05T00:00:00Z,right
http://www.wikidata.org/entity/Q218,Romania,RO,ROU,238397,19053815,75,0.821,285404683025,2021-01-01T00:00:00Z,1859-02-05T00:00:00Z,right
http://www.wikidata.org/entity/Q159,Russia,RU,RUS,17075400,146119928,73,0.822,2240422438363,2022-01-01T00:00:00Z,1263-01-01T00:00:00Z,right
http://www.wikidata.org/entity/Q159,Russia,RU,RUS,17075400,146119928,73,0.822,1836892075548,2021-01-01T00:00:00Z,1263-01-01T00:00:00Z,right
http://www.wikidata.org/entity/Q1037,Rwanda,RW,RWA,26338,14569341,70.52,0.578,14251642230,2024-01-01T00:00:00Z,1962-01-01T00:00:00Z,right
http://www.wikidata.org/entity/Q1037,Rwanda,RW,RWA,26338,14569341,70.52,0.578,11055281971,2021-01-01T00:00:00Z,1962-01-01T00:00:00Z,right
http://www.wikidata.org/entity/Q1037,Rwanda,RW,RWA,26338,14569341,70.52,0.578,13312796765,2022-01-01T00:00:00Z,1962-01-01T00:00:00Z,right
http://www.wikidata.org/entity/Q763,Saint Kitts and Nevis,KN,KNA,269.358763,46922,72,0.777,860844444,2021-01-01T00:00:00Z,1967-02-27T00:00:00Z,left
http://www.wikidata.org/entity/Q763,Saint Kitts and Nevis,KN,KNA,269.358763,46922,72,0.777,961563259,2022-01-01T00:00:00Z,1967-02-27T00:00:00Z,left
http://www.wikidata.org/entity/Q760,Saint Lucia,LC,LCA,617.012867,167591,71,0.715,1691259259,2021-01-01T00:00:00Z,1967-03-01T00:00:00Z,left
http://www.wikidata.org/entity/Q760,Saint Lucia,LC,LCA,617.012867,167591,71,0.715,2065027556,2022-01-01T00:00:00Z,1967-03-01T00:00:00Z,left
http://www.wikidata.org/entity/Q760,Saint Lucia,LC,LCA,617.012867,167591,71,0.715,1691259259,2021-01-01T00:00:00Z,1979-02-22T00:00:00Z,left
http://www.wikidata.org/entity/Q760,Saint Lucia,LC,LCA,617.012867,167591,71,0.715,2065027556,2022-01-01T00:00:00Z,1979-02-22T00:00:00Z,left
http://www.wikidata.org/entity/Q757,Saint Vincent and the Grenadines,VC,VCT,389,109897,73.179,0.751,872226064,2021-01-01T00:00:00Z,1979-01-01T00:00:00Z,left
http://www.wikidata.org/entity/Q757,Saint Vincent and the Grenadines,VC,VCT,389,109897,73.179,0.751,948558503,2022-01-01T00:00:00Z,1979-01-01T00:00:00Z,left
http://www.wikidata.org/entity/Q683,Samoa,WS,WSM,2842,200010,75.013,0.707,843850778,2021-01-01T00:00:00Z,1962-01-01T00:00:00Z,left
http://www.wikidata.org/entity/Q683,Samoa,WS,WSM,2842,200010,75.013,0.707,832421565,2022-01-01T00:00:00Z,1962-01-01T00:00:00Z,left
http://www.wikidata.org/entity/Q238,San Marino,SM,SMR,61.2,33600,85.41707,0.853,1855382833,2021-01-01T00:00:00Z,0301-09-04T00:00:00Z,right
http://www.wikidata.org/entity/Q851,Saudi Arabia,SA,SAU,2250000,33000000,74.561,0.875,1108148978218,2022-01-01T00:00:00Z,1727-01-01T00:00:00Z,right
http://www.wikidata.org/entity/Q851,Saudi Arabia,SA,SAU,2250000,33000000,74.561,0.875,868585871465,2021-01-01T00:00:00Z,1727-01-01T00:00:00Z,right
http://www.wikidata.org/entity/Q1041,Senegal,SN,SEN,196722,16876720,67.146,0.511,27569136728,2021-01-01T00:00:00Z,1960-01-01T00:00:00Z,right
http://www.wikidata.org/entity/Q1041,Senegal,SN,SEN,196722,16876720,67.146,0.511,27684430244,2022-01-01T00:00:00Z,1960-01-01T00:00:00Z,right
http://www.wikidata.org/entity/Q403,Serbia,RS,SRB,88499,6605168,75,0.802,63501748652,2022-01-01T00:00:00Z,2006-01-01T00:00:00Z,right
http://www.wikidata.org/entity/Q403,Serbia,RS,SRB,88499,6605168,75,0.802,63082021206,2021-01-01T00:00:00Z,2006-01-01T00:00:00Z,right
http://www.wikidata.org/entity/Q1042,Seychelles,SC,SYC,459,119773,74.30976,0.785,1286687873,2021-01-01T00:00:00Z,1976-06-29T00:00:00Z,left
http://www.wikidata.org/entity/Q1042,Seychelles,SC,SYC,459,119773,74.30976,0.785,1588406479,2022-01-01T00:00:00Z,1976-06-29T00:00:00Z,left
http://www.wikidata.org/entity/Q1044,Sierra Leone,SL,SLE,71740,7557212,51.835,0.477,4249234574,2021-01-01T00:00:00Z,1971-04-19T00:00:00Z,right
http://www.wikidata.org/entity/Q1044,Sierra Leone,SL,SLE,71740,7557212,51.835,0.477,3970343852,2022-01-01T00:00:00Z,1971-04-19T00:00:00Z,right
http://www.wikidata.org/entity/Q334,Singapore,SG,SGP,719.1,5866139,83,0.939,423796995373,2021-01-01T00:00:00Z,1965-08-09T00:00:00Z,left
http://www.wikidata.org/entity/Q334,Singapore,SG,SGP,719.1,5866139,83,0.939,466788539652,2022-01-01T00:00:00Z,1965-08-09T00:00:00Z,left
http://www.wikidata.org/entity/Q214,Slovakia,SK,SVK,49033.720839,5409407,77,0.848,115468803972,2022-01-01T00:00:00Z,1993-01-01T00:00:00Z,right
http://www.wikidata.org/entity/Q214,Slovakia,SK,SVK,49033.720839,5409407,77,0.848,118656591909,2021-01-01T00:00:00Z,1993-01-01T00:00:00Z,right
http://www.wikidata.org/entity/Q215,Slovenia,SI,SVN,20271,2066880,81,0.918,62117768015,2022-01-01T00:00:00Z,1991-06-25T00:00:00Z,right
http://www.wikidata.org/entity/Q215,Slovenia,SI,SVN,20271,2066880,81,0.918,61748586535,2021-01-01T00:00:00Z,1991-06-25T00:00:00Z,right
http://www.wikidata.org/entity/Q685,Solomon Islands,SB,SLB,28400,611343,70.726,0.564,1595710784,2022-01-01T00:00:00Z,1978-01-01T00:00:00Z,left
http://www.wikidata.org/entity/Q685,Solomon Islands,SB,SLB,28400,611343,70.726,0.564,1580303517,2021-01-01T00:00:00Z,1978-01-01T00:00:00Z,left
http://www.wikidata.org/entity/Q1045,Somalia,SO,SOM,637657,11031386,56.293,,8126105600,2022-01-01T00:00:00Z,1960-01-01T00:00:00Z,right
http://www.wikidata.org/entity/Q1045,Somalia,SO,SOM,637657,11031386,56.293,,7628000011,2021-01-01T00:00:00Z,1960-01-01T00:00:00Z,right
http://www.wikidata.org/entity/Q258,South Africa,ZA,ZAF,1221037,62027503,62.774,0.713,419015636065,2021-01-01T00:00:00Z,1910-05-31T00:00:00Z,left
http://www.wikidata.org/entity/Q258,South Africa,ZA,ZAF,1221037,62027503,62.774,0.713,405869718462,2022-01-01T00:00:00Z,1910-05-31T00:00:00Z,left
http://www.wikidata.org/entity/Q884,South Korea,KR,KOR,100295,51466201,75.40976,0.925,1665245538595,2022-01-01T00:00:00Z,1948-08-15T00:00:00Z,right
http://www.wikidata.org/entity/Q884,South Korea,KR,KOR,100295,51466201,75.40976,0.925,1810955871381,2021-01-01T00:00:00Z,1948-08-15T00:00:00Z,right
http://www.wikidata.org/entity/Q884,South Korea,KR,KOR,100295,51466201,75.90976,0.925,1665245538595,2022-01-01T00:00:00Z,1948-08-15T00:00:00Z,right
http://www.wikidata.org/entity/Q884,South Korea,KR,KOR,100295,51466201,75.90976,0.925,1810955871381,2021-01-01T00:00:00Z,1948-08-15T00:00:00Z,right
http://www.wikidata.org/entity/Q884,South Korea,KR,KOR,100295,51466201,76.4122,0.925,1665245538595,2022-01-01T00:00:00Z,1948-08-15T00:00:00Z,right
http://www.wikidata.org/entity/Q884,South Korea,KR,KOR,100295,51466201,76.4122,0.925,1810955871381,2021-01-01T00:00:00Z,1948-08-15T00:00:00Z,right
http://www.wikidata.org/entity/Q884,South Korea,KR,KOR,100295,51466201,76.76585,0.925,1665245538595,2022-01-01T00:00:00Z,1948-08-15T00:00:00Z,right
http://www.wikidata.org/entity/Q884,South Korea,KR,KOR,100295,51466201,76.76585,0.925,1810955871381,2021-01-01T00:00:00Z,1948-08-15T00:00:00Z,right
http://www.wikidata.org/entity/Q884,South Korea,KR,KOR,100295,51466201,77.21463,0.925,1665245538595,2022-01-01T00:00:00Z,1948-08-15T00:00:00Z,right
http://www.wikidata.org/entity/Q884,South Korea,KR,KOR,100295,51466201,77.21463,0.925,1810955871381,2021-01-01T00:00:00Z,1948-08-15T00:00:00Z,right
http://www.wikidata.org/entity/Q884,South Korea,KR,KOR,100295,51466201,77.66585,0.925,1665245538595,2022-01-01T00:00:00Z,1948-08-15T00:00:00Z,right
http://www.wikidata.org/entity/Q884,South Korea,KR,KOR,100295,51466201,77.66585,0.925,1810955871381,2021-01-01T00:00:00Z,1948-08-15T00:00:00Z,right
http://www.wikidata.org/entity/Q884,South Korea,KR,KOR,100295,51466201,78.16829,0.925,1665245538595,2022-01-01T00:00:00Z,1948-08-15T00:00:00Z,right
http://www.wikidata.org/entity/Q884,South Korea,KR,KOR,100295,51466201,78.16829,0.925,1810955871381,2021-01-01T00:00:00Z,1948-08-15T00:00:00Z,right
http://www.wikidata.org/entity/Q884,South Korea,KR,KOR,100295,51466201,78.66829,0.925,1665245538595,2022-01-01T00:00:00Z,1948-08-15T00:00:00Z,right
http://www.wikidata.org/entity/Q884,South Korea,KR,KOR,100295,51466201,78.66829,0.925,1810955871381,2021-01-01T00:00:00Z,1948-08-15T00:00:00Z,right
http://www.wikidata.org/entity/Q884,South Korea,KR,KOR,100295,51466201,79.11951,0.925,1665245538595,2022-01-01T00:00:00Z,1948-08-15T00:00:00Z,right
http://www.wikidata.org/entity/Q884,South Korea,KR,KOR,100295,51466201,79.11951,0.925,1810955871381,2021-01-01T00:00:00Z,1948-08-15T00:00:00Z,right
http://www.wikidata.org/entity/Q884,South Korea,KR,KOR,100295,51466201,79.51707,0.925,1665245538595,2022-01-01T00:00:00Z,1948-08-15T00:00:00Z,right
http://www.wikidata.org/entity/Q884,South Korea,KR,KOR,100295,51466201,79.51707,0.925,1810955871381,2021-01-01T00:00:00Z,1948-08-15T00:00:00Z,right
http://www.wikidata.org/entity/Q884,South Korea,KR,KOR,100295,51466201,79.96829,0.925,1665245538595,2022-01-01T00:00:00Z,1948-08-15T00:00:00Z,right
http://www.wikidata.org/entity/Q884,South Korea,KR,KOR,100295,51466201,79.96829,0.925,1810955871381,2021-01-01T00:00:00Z,1948-08-15T00:00:00Z,right
http://www.wikidata.org/entity/Q884,South Korea,KR,KOR,100295,51466201,80.11707,0.925,1665245538595,2022-01-01T00:00:00Z,1948-08-15T00:00:00Z,right
http://www.wikidata.org/entity/Q884,South Korea,KR,KOR,100295,51466201,80.11707,0.925,1810955871381,2021-01-01T00:00:00Z,1948-08-15T00:00:00Z,right
http://www.wikidata.org/entity/Q884,South Korea,KR,KOR,100295,51466201,80.56829,0.925,1665245538595,2022-01-01T00:00:00Z,1948-08-15T00:00:00Z,right
http://www.wikidata.org/entity/Q884,South Korea,KR,KOR,100295,51466201,80.56829,0.925,1810955871381,2021-01-01T00:00:00Z,1948-08-15T00:00:00Z,right
http://www.wikidata.org/entity/Q884,South Korea,KR,KOR,100295,51466201,80.81951,0.925,1665245538595,2022-01-01T00:00:00Z,1948-08-15T00:00:00Z,right
http://www.wikidata.org/entity/Q884,South Korea,KR,KOR,100295,51466201,80.81951,0.925,1810955871381,2021-01-01T00:00:00Z,1948-08-15T00:00:00Z,right
http://www.wikidata.org/entity/Q884,South Korea,KR,KOR,100295,51466201,81.27073,0.925,1665245538595,2022-01-01T00:00:00Z,1948-08-15T00:00:00Z,right
http://www.wikidata.org/entity/Q884,South Korea,KR,KOR,100295,51466201,81.27073,0.925,1810955871381,2021-01-01T00:00:00Z,1948-08-15T00:00:00Z,right
http://www.wikidata.org/entity/Q884,South Korea,KR,KOR,100295,51466201,81.72195,0.925,1665245538595,2022-01-01T00:00:00Z,1948-08-15T00:00:00Z,right
http://www.wikidata.org/entity/Q884,South Korea,KR,KOR,100295,51466201,81.72195,0.925,1810955871381,2021-01-01T00:00:00Z,1948-08-15T00:00:00Z,right
http://www.wikidata.org/entity/Q884,South Korea,KR,KOR,100295,51466201,82.02439,0.925,1665245538595,2022-01-01T00:00:00Z,1948-08-15T00:00:00Z,right
http://www.wikidata.org/entity/Q884,South Korea,KR,KOR,100295,51466201,82.02439,0.925,1810955871381,2021-01-01T00:00:00Z,1948-08-15T00:00:00Z,right
http://www.wikidata.org/entity/Q884,South Korea,KR,KOR,100295,51466201,83,0.925,1665245538595,2022-01-01T00:00:00Z,1948-08-15T00:00:00Z,right
http://www.wikidata.org/entity/Q884,South Korea,KR,KOR,100295,51466201,83,0.925,1810955871381,2021-01-01T00:00:00Z,1948-08-15T00:00:00Z,right
http://www.wikidata.org/entity/Q884,South Korea,KR,KOR,100295,51466201,84,0.925,1665245538595,2022-01-01T00:00:00Z,1948-08-15T00:00:00Z,right
http://www.wikidata.org/entity/Q884,South Korea,KR,KOR,100295,51466201,84,0.925,1810955871381,2021-01-01T00:00:00Z,1948-08-15T00:00:00Z,right
http://www.wikidata.org/entity/Q958,South Sudan,SS,SSD,644329,12575714,56.811,0.385,,,2011-07-09T00:00:00Z,right
http://www.wikidata.org/entity/Q29,Spain,ES,ESP,505990,48592909,83,0.905,1397509272054,2022-01-01T00:00:00Z,1516-03-24T00:00:00Z,right
http://www.wikidata.org/entity/Q29,Spain,ES,ESP,505990,48592909,83,0.905,1427380681295,2021-01-01T00:00:00Z,1516-03-24T00:00:00Z,right
http://www.wikidata.org/entity/Q29,Spain,ES,ESP,505990,48592909,83,0.905,1397509272054,2022-01-01T00:00:00Z,1715-01-01T00:00:00Z,right
http://www.wikidata.org/entity/Q29,Spain,ES,ESP,505990,48592909,83,0.905,1427380681295,2021-01-01T00:00:00Z,1715-01-01T00:00:00Z,right
http://www.wikidata.org/entity/Q29,Spain,ES,ESP,505990,48592909,83,0.905,1397509272054,2022-01-01T00:00:00Z,1812-03-19T00:00:00Z,right
http://www.wikidata.org/entity/Q29,Spain,ES,ESP,505990,48592909,83,0.905,1427380681295,2021-01-01T00:00:00Z,1812-03-19T00:00:00Z,right
http://www.wikidata.org/entity/Q29,Spain,ES,ESP,505990,48592909,83,0.905,1397509272054,2022-01-01T00:00:00Z,1931-12-09T00:00:00Z,right
http://www.wikidata.org/entity/Q29,Spain,ES,ESP,505990,48592909,83,0.905,1427380681295,2021-01-01T00:00:00Z,1931-12-09T00:00:00Z,right
http://www.wikidata.org/entity/Q29,Spain,ES,ESP,505990,48592909,83,0.905,1397509272054,2022-01-01T00:00:00Z,1978-12-29T00:00:00Z,right
http://www.wikidata.org/entity/Q29,Spain,ES,ESP,505990,48592909,83,0.905,1427380681295,2021-01-01T00:00:00Z,1978-12-29T00:00:00Z,right
http://www.wikidata.org/entity/Q854,Sri Lanka,LK,LKA,65610,21444000,77.75,0.782,74403578363,2022-01-01T00:00:00Z,1972-05-22T00:00:00Z,left
http://www.wikidata.org/entity/Q854,Sri Lanka,LK,LKA,65610,21444000,77.75,0.782,88496535599,2021-01-01T00:00:00Z,1972-05-22T00:00:00Z,left
http://www.wikidata.org/entity/Q1049,Sudan,SD,SDN,1840687,40533330,64.486,0.508,34229513775,2021-01-01T00:00:00Z,1956-01-01T00:00:00Z,right
http://www.wikidata.org/entity/Q1049,Sudan,SD,SDN,1840687,40533330,64.486,0.508,51662241775,2022-01-01T00:00:00Z,1956-01-01T00:00:00Z,right
http://www.wikidata.org/entity/Q1049,Sudan,SD,SDN,1886068,40533330,64.486,0.508,34229513775,2021-01-01T00:00:00Z,1956-01-01T00:00:00Z,right
http://www.wikidata.org/entity/Q1049,Sudan,SD,SDN,1886068,40533330,64.486,0.508,51662241775,2022-01-01T00:00:00Z,1956-01-01T00:00:00Z,right
http://www.wikidata.org/entity/Q730,Suriname,SR,SUR,163270,563402,70,0.73,2984706244,2021-01-01T00:00:00Z,1975-11-25T00:00:00Z,left
http://www.wikidata.org/entity/Q730,Suriname,SR,SUR,163270,563402,70,0.73,3620655116,2022-01-01T00:00:00Z,1975-11-25T00:00:00Z,left
http://www.wikidata.org/entity/Q34,Sweden,SE,SWE,447425.16,10609460,82.20488,0.947,585939170124,2022-01-01T00:00:00Z,0900-01-01T00:00:00Z,right
http://www.wikidata.org/entity/Q34,Sweden,SE,SWE,447425.16,10609460,82.20488,0.947,636856236396,2021-01-01T00:00:00Z,0900-01-01T00:00:00Z,right
http://www.wikidata.org/entity/Q39,Switzerland,CH,CHE,41291,9104063,83,0.962,807706035352,2022-01-01T00:00:00Z,1848-09-12T00:00:00Z,right
http://www.wikidata.org/entity/Q39,Switzerland,CH,CHE,41291,9104063,83,0.962,800640155387,2021-01-01T00:00:00Z,1848-09-12T00:00:00Z,right
http://www.wikidata.org/entity/Q858,Syria,SY,SYR,185180,23865423,72,0.577,,,1920-03-08T00:00:00Z,right
http://www.wikidata.org/entity/Q1039,São Tomé and Príncipe,ST,STP,1001,204327,66.624,0.618,526653791,2021-01-01T00:00:00Z,1975-07-12T00:00:00Z,right
http://www.wikidata.org/entity/Q1039,São Tomé and Príncipe,ST,STP,1001,204327,66.624,0.618,546680342,2022-01-01T00:00:00Z,1975-07-12T00:00:00Z,right
http://www.wikidata.org/entity/Q865,Taiwan,TW,TWN,36193,23317031,79.12,0.911,,,1912-01-01T00:00:00Z,right
http://www.wikidata.org/entity/Q863,Tajikistan,TJ,TJK,143100,9504000,71.051,0.685,8937805347,2021-01-01T00:00:00Z,1991-09-09T00:00:00Z,right
http://www.wikidata.org/entity/Q863,Tajikistan,TJ,TJK,143100,9504000,71.051,0.685,10492123388,2022-01-01T00:00:00Z,1991-09-09T00:00:00Z,right
http://www.wikidata.org/entity/Q924,Tanzania,TZ,TZA,947303,57310019,65.675,0.549,70655628141,2021-01-01T00:00:00Z,1964-04-26T00:00:00Z,left
http://www.wikidata.org/entity/Q924,Tanzania,TZ,TZA,947303,57310019,65.675,0.549,75709289056,2022-01-01T00:00:00Z,1964-04-26T00:00:00Z,left
http://www.wikidata.org/entity/Q869,Thailand,TH,THA,513119.5,66188503,80,0.8,505568057004,2021-01-01T00:00:00Z,1238-01-01T00:00:00Z,left
http://www.wikidata.org/entity/Q869,Thailand,TH,THA,513119.5,66188503,80,0.8,495340592811,2022-01-01T00:00:00Z,1238-01-01T00:00:00Z,left
http://www.wikidata.org/entity/Q869,Thailand,TH,THA,513119.5,66188503,80,0.8,505568057004,2021-01-01T00:00:00Z,1768-12-28T00:00:00Z,left
http://www.wikidata.org/entity/Q869,Thailand,TH,THA,513119.5,66188503,80,0.8,495340592811,2022-01-01T00:00:00Z,1768-12-28T00:00:00Z,left
http://www.wikidata.org/entity/Q778,The Bahamas,BS,BHS,13878,399440,75.675,0.812,10070450000,2011-01-01T00:00:00Z,1973-07-10T00:00:00Z,left
http://www.wikidata.org/entity/Q778,The Bahamas,BS,BHS,13878,399440,75.675,0.812,8317830000,2001-01-01T00:00:00Z,1973-07-10T00:00:00Z,left
http://www.wikidata.org/entity/Q778,The Bahamas,BS,BHS,13878,399440,75.675,0.812,8881160000,2002-01-01T00:00:00Z,1973-07-10T00:00:00Z,left
http://www.wikidata.org/entity/Q778,The Bahamas,BS,BHS,13878,399440,75.675,0.812,11527600000,2021-01-01T00:00:00Z,1973-07-10T00:00:00Z,left
http://www.wikidata.org/entity/Q778,The Bahamas,BS,BHS,13878,399440,75.675,0.812,13016200000,2019-01-01T00:00:00Z,1973-07-10T00:00:00Z,left
http://www.wikidata.org/entity/Q778,The Bahamas,BS,BHS,13878,399440,75.675,0.812,1578300000,1982-01-01T00:00:00Z,1973-07-10T00:00:00Z,left
http://www.wikidata.org/entity/Q778,The Bahamas,BS,BHS,13878,399440,75.675,0.812,300271989,1965-01-01T00:00:00Z,1973-07-10T00:00:00Z,left
http://www.wikidata.org/entity/Q778,The Bahamas,BS,BHS,13878,399440,75.675,0.812,713000000,1977-01-01T00:00:00Z,1973-07-10T00:00:00Z,left
http://www.wikidata.org/entity/Q778,The Bahamas,BS,BHS,13878,399440,75.675,0.812,266559990,1964-01-01T00:00:00Z,1973-07-10T00:00:00Z,left
http://www.wikidata.org/entity/Q778,The Bahamas,BS,BHS,13878,399440,75.675,0.812,1426500000,1981-01-01T00:00:00Z,1973-07-10T00:00:00Z,left
http://www.wikidata.org/entity/Q778,The Bahamas,BS,BHS,13878,399440,75.675,0.812,237649991,1963-01-01T00:00:00Z,1973-07-10T00:00:00Z,left
http://www.wikidata.org/entity/Q778,The Bahamas,BS,BHS,13878,399440,75.675,0.812,11368900000,2021-01-01T00:00:00Z,1973-07-10T00:00:00Z,left
http://www.wikidata.org/entity/Q778,The Bahamas,BS,BHS,13878,399440,75.675,0.812,3429000000,1995-01-01T00:00:00Z,1973-07-10T00:00:00Z,left
http://www.wikidata.org/entity/Q778,The Bahamas,BS,BHS,13878,399440,75.675,0.812,13136400000,2022-01-01T00:00:00Z,1973-07-10T00:00:00Z,left
http://www.wikidata.org/entity/Q778,The Bahamas,BS,BHS,13878,399440,75.675,0.812,14338500000,2023-01-01T00:00:00Z,1973-07-10T00:00:00Z,left
http://www.wikidata.org/entity/Q778,The Bahamas,BS,BHS,13878,399440,75.675,0.812,1732800000,1983-01-01T00:00:00Z,1973-07-10T00:00:00Z,left
http://www.wikidata.org/entity/Q778,The Bahamas,BS,BHS,13878,399440,75.675,0.812,10395800000,2013-01-01T00:00:00Z,1973-07-10T00:00:00Z,left
http://www.wikidata.org/entity/Q778,The Bahamas,BS,BHS,13878,399440,75.675,0.812,2472500000,1986-01-01T00:00:00Z,1973-07-10T00:00:00Z,left
http://www.wikidata.org/entity/Q778,The Bahamas,BS,BHS,13878,399440,75.675,0.812,3609000000,1996-01-01T00:00:00Z,1973-07-10T00:00:00Z,left
http://www.wikidata.org/entity/Q778,The Bahamas,BS,BHS,13878,399440,75.675,0.812,212169992,1962-01-01T00:00:00Z,1973-07-10T00:00:00Z,left
http://www.wikidata.org/entity/Q778,The Bahamas,BS,BHS,13878,399440,75.675,0.812,190021993,1961-01-01T00:00:00Z,1973-07-10T00:00:00Z,left
http://www.wikidata.org/entity/Q778,The Bahamas,BS,BHS,13878,399440,75.675,0.812,10618340000,2007-01-01T00:00:00Z,1973-07-10T00:00:00Z,left
http://www.wikidata.org/entity/Q778,The Bahamas,BS,BHS,13878,399440,75.675,0.812,2041100000,1984-01-01T00:00:00Z,1973-07-10T00:00:00Z,left
http://www.wikidata.org/entity/Q778,The Bahamas,BS,BHS,13878,399440,75.675,0.812,596200000,1975-01-01T00:00:00Z,1973-07-10T00:00:00Z,left
http://www.wikidata.org/entity/Q778,The Bahamas,BS,BHS,13878,399440,75.675,0.812,12897400000,2022-01-01T00:00:00Z,1973-07-10T00:00:00Z,left
http://www.wikidata.org/entity/Q778,The Bahamas,BS,BHS,13878,399440,75.675,0.812,573400000,1971-01-01T00:00:00Z,1973-07-10T00:00:00Z,left
http://www.wikidata.org/entity/Q778,The Bahamas,BS,BHS,13878,399440,75.675,0.812,538700000,1969-01-01T00:00:00Z,1973-07-10T00:00:00Z,left
http://www.wikidata.org/entity/Q778,The Bahamas,BS,BHS,13878,399440,75.675,0.812,9958200000,2020-01-01T00:00:00Z,1973-07-10T00:00:00Z,left
http://www.wikidata.org/entity/Q778,The Bahamas,BS,BHS,13878,399440,75.675,0.812,3109000000,1992-01-01T00:00:00Z,1973-07-10T00:00:00Z,left
http://www.wikidata.org/entity/Q778,The Bahamas,BS,BHS,13878,399440,75.675,0.812,3111160000,1991-01-01T00:00:00Z,1973-07-10T00:00:00Z,left
http://www.wikidata.org/entity/Q778,The Bahamas,BS,BHS,13878,399440,75.675,0.812,590900000,1972-01-01T00:00:00Z,1973-07-10T00:00:00Z,left
http://www.wikidata.org/entity/Q778,The Bahamas,BS,BHS,13878,399440,75.675,0.812,1335300000,1980-01-01T00:00:00Z,1973-07-10T00:00:00Z,left
http://www.wikidata.org/entity/Q778,The Bahamas,BS,BHS,13878,399440,75.675,0.812,3259000000,1994-01-01T00:00:00Z,1973-07-10T00:00:00Z,left
http://www.wikidata.org/entity/Q778,The Bahamas,BS,BHS,13878,399440,75.675,0.812,11745100000,2016-01-01T00:00:00Z,1973-07-10T00:00:00Z,left
http://www.wikidata.org/entity/Q778,The Bahamas,BS,BHS,13878,399440,75.675,0.812,453800000,1968-01-01T00:00:00Z,1973-07-10T00:00:00Z,left
http://www.wikidata.org/entity/Q778,The Bahamas,BS,BHS,13878,399440,75.675,0.812,539500000,1970-01-01T00:00:00Z,1973-07-10T00:00:00Z,left
http://www.wikidata.org/entity/Q778,The Bahamas,BS,BHS,13878,399440,75.675,0.812,10720400000,2012-01-01T00:00:00Z,1973-07-10T00:00:00Z,left
http://www.wikidata.org/entity/Q778,The Bahamas,BS,BHS,13878,399440,75.675,0.812,832400000,1978-01-01T00:00:00Z,1973-07-10T00:00:00Z,left
http://www.wikidata.org/entity/Q778,The Bahamas,BS,BHS,13878,399440,75.675,0.812,9055290000,2004-01-01T00:00:00Z,1973-07-10T00:00:00Z,left
http://www.wikidata.org/entity/Q778,The Bahamas,BS,BHS,13878,399440,75.675,0.812,169735993,1960-01-01T00:00:00Z,1973-07-10T00:00:00Z,left
http://www.wikidata.org/entity/Q778,The Bahamas,BS,BHS,13878,399440,75.675,0.812,12236700000,2017-01-01T00:00:00Z,1973-07-10T00:00:00Z,left
http://www.wikidata.org/entity/Q778,The Bahamas,BS,BHS,13878,399440,75.675,0.812,6332360000,1997-01-01T00:00:00Z,1973-07-10T00:00:00Z,left
http://www.wikidata.org/entity/Q778,The Bahamas,BS,BHS,13878,399440,75.675,0.812,12615800000,2018-01-01T00:00:00Z,1973-07-10T00:00:00Z,left
http://www.wikidata.org/entity/Q778,The Bahamas,BS,BHS,13878,399440,75.675,0.812,1139800100,1979-01-01T00:00:00Z,1973-07-10T00:00:00Z,left
http://www.wikidata.org/entity/Q778,The Bahamas,BS,BHS,13878,399440,75.675,0.812,2320699900,1985-01-01T00:00:00Z,1973-07-10T00:00:00Z,left
http://www.wikidata.org/entity/Q778,The Bahamas,BS,BHS,13878,399440,75.675,0.812,9981960000,2009-01-01T00:00:00Z,1973-07-10T00:00:00Z,left
http://www.wikidata.org/entity/Q778,The Bahamas,BS,BHS,13878,399440,75.675,0.812,10974100000,2014-01-01T00:00:00Z,1973-07-10T00:00:00Z,left
http://www.wikidata.org/entity/Q778,The Bahamas,BS,BHS,13878,399440,75.675,0.812,10526000000,2008-01-01T00:00:00Z,1973-07-10T00:00:00Z,left
http://www.wikidata.org/entity/Q778,The Bahamas,BS,BHS,13878,399440,75.675,0.812,8870090000,2003-01-01T00:00:00Z,1973-07-10T00:00:00Z,left
http://www.wikidata.org/entity/Q778,The Bahamas,BS,BHS,13878,399440,75.675,0.812,10095760000,2010-01-01T00:00:00Z,1973-07-10T00:00:00Z,left
http://www.wikidata.org/entity/Q778,The Bahamas,BS,BHS,13878,399440,75.675,0.812,670900000,1973-01-01T00:00:00Z,1973-07-10T00:00:00Z,left
http://www.wikidata.org/entity/Q778,The Bahamas,BS,BHS,13878,399440,75.675,0.812,2817900000,1988-01-01T00:00:00Z,1973-07-10T00:00:00Z,left
http://www.wikidata.org/entity/Q778,The Bahamas,BS,BHS,13878,399440,75.675,0.812,10167250000,2006-01-01T00:00:00Z,1973-07-10T00:00:00Z,left
http://www.wikidata.org/entity/Q778,The Bahamas,BS,BHS,13878,399440,75.675,0.812,7683870000,1999-01-01T00:00:00Z,1973-07-10T00:00:00Z,left
http://www.wikidata.org/entity/Q778,The Bahamas,BS,BHS,13878,399440,75.675,0.812,3092000000,1993-01-01T00:00:00Z,1973-07-10T00:00:00Z,left
http://www.wikidata.org/entity/Q778,The Bahamas,BS,BHS,13878,399440,75.675,0.812,642100000,1976-01-01T00:00:00Z,1973-07-10T00:00:00Z,left
http://www.wikidata.org/entity/Q778,The Bahamas,BS,BHS,13878,399440,75.675,0.812,9836200000,2005-01-01T00:00:00Z,1973-07-10T00:00:00Z,left
http://www.wikidata.org/entity/Q778,The Bahamas,BS,BHS,13878,399440,75.675,0.812,2713999900,1987-01-01T00:00:00Z,1973-07-10T00:00:00Z,left
http://www.wikidata.org/entity/Q778,The Bahamas,BS,BHS,13878,399440,75.675,0.812,11671900000,2015-01-01T00:00:00Z,1973-07-10T00:00:00Z,left
http://www.wikidata.org/entity/Q778,The Bahamas,BS,BHS,13878,399440,75.675,0.812,3166000000,1990-01-01T00:00:00Z,1973-07-10T00:00:00Z,left
http://www.wikidata.org/entity/Q778,The Bahamas,BS,BHS,13878,399440,75.675,0.812,346800000,1966-01-01T00:00:00Z,1973-07-10T00:00:00Z,left
http://www.wikidata.org/entity/Q778,The Bahamas,BS,BHS,13878,399440,75.675,0.812,6833220000,1998-01-01T00:00:00Z,1973-07-10T00:00:00Z,left
http://www.wikidata.org/entity/Q778,The Bahamas,BS,BHS,13878,399440,75.675,0.812,398000000,1967-01-01T00:00:00Z,1973-07-10T00:00:00Z,left
http://www.wikidata.org/entity/Q778,The Bahamas,BS,BHS,13878,399440,75.675,0.812,632400000,1974-01-01T00:00:00Z,1973-07-10T00:00:00Z,left
http://www.wikidata.org/entity/Q778,The Bahamas,BS,BHS,13878,399440,75.675,0.812,3062000000,1989-01-01T00:00:00Z,1973-07-10T00:00:00Z,left
http://www.wikidata.org/entity/Q778,The Bahamas,BS,BHS,13878,399440,75.675,0.812,8076470000,2000-01-01T00:00:00Z,1973-07-10T00:00:00Z,left
http://www.wikidata.org/entity/Q1005,The Gambia,GM,GMB,11300,2639916,61.193,0.5,2273060863,2022-01-01T00:00:00Z,1965-01-01T00:00:00Z,right
http://www.wikidata.org/entity/Q1005,The Gambia,GM,GMB,11300,2639916,61.193,0.5,2396111020,2023-01-01T00:00:00Z,1965-01-01T00:00:00Z,right
http://www.wikidata.org/entity/Q1005,The Gambia,GM,GMB,11300,2639916,61.193,0.5,2038414974,2021-01-01T00:00:00Z,1965-01-01T00:00:00Z,right
http://www.wikidata.org/entity/Q574,Timor-Leste,TL,TLS,14918.72,1243235,68.881,0.607,3163324631,2022-01-01T00:00:00Z,1975-11-28T00:00:00Z,left
http://www.wikidata.org/entity/Q574,Timor-Leste,TL,TLS,14918.72,1243235,68.881,0.607,3621222400,2021-01-01T00:00:00Z,1975-11-28T00:00:00Z,left
http://www.wikidata.org/entity/Q945,Togo,TG,TGO,56785,7797694,60.232,0.539,9930000000,2024-01-01T00:00:00Z,1960-04-27T00:00:00Z,right
http://www.wikidata.org/entity/Q945,Togo,TG,TGO,56785,7797694,60.232,0.539,8334047486,2021-01-01T00:00:00Z,1960-04-27T00:00:00Z,right
http://www.wikidata.org/entity/Q945,Togo,TG,TGO,56785,7797694,60.232,0.539,8126439481,2022-01-01T00:00:00Z,1960-04-27T00:00:00Z,right
http://www.wikidata.org/entity/Q678,Tonga,TO,TON,748.506563,108020,73.029,0.745,469228124,2021-01-01T00:00:00Z,1970-01-01T00:00:00Z,left
http://www.wikidata.org/entity/Q754,Trinidad and Tobago,TT,TTO,5128,1369125,70.673,0.81,24460196270,2021-01-01T00:00:00Z,1976-08-01T00:00:00Z,left
http://www.wikidata.org/entity/Q754,Trinidad and Tobago,TT,TTO,5128,1369125,70.673,0.81,27899082337,2022-01-01T00:00:00Z,1976-08-01T00:00:00Z,left
http://www.wikidata.org/entity/Q948,Tunisia,TN,TUN,163610,11565204,75.731,0.731,46687298709,2021-01-01T00:00:00Z,1956-03-20T00:00:00Z,right
http://www.wikidata.org/entity/Q948,Tunisia,TN,TUN,163610,11565204,75.731,0.731,46664948952,2022-01-01T00:00:00Z,1956-03-20T00:00:00Z,right
http://www.wikidata.org/entity/Q43,Turkey,TR,TUR,783562,85372377,78,0.838,819034484303,2021-01-01T00:00:00Z,1923-10-29T00:00:00Z,right
http://www.wikidata.org/entity/Q43,Turkey,TR,TUR,783562,85372377,78,0.838,905987824096,2022-01-01T00:00:00Z,1923-10-29T00:00:00Z,right
http://www.wikidata.org/entity/Q874,Turkmenistan,TM,TKM,491210,6117933,67.835,0.745,,,1991-10-27T00:00:00Z,right
http://www.wikidata.org/entity/Q672,Tuvalu,TV,TUV,25.14,10643,64,0.641,60349391,2022-01-01T00:00:00Z,1978-10-01T00:00:00Z,left
http://www.wikidata.org/entity/Q672,Tuvalu,TV,TUV,25.14,10643,64,0.641,60196367,2021-01-01T00:00:00Z,1978-10-01T00:00:00Z,left
http://www.wikidata.org/entity/Q672,Tuvalu,TV,TUV,25.14,10643,65,0.641,60349391,2022-01-01T00:00:00Z,1978-10-01T00:00:00Z,left
http://www.wikidata.org/entity/Q672,Tuvalu,TV,TUV,25.14,10643,65,0.641,60196367,2021-01-01T00:00:00Z,1978-10-01T00:00:00Z,left
http://www.wikidata.org/entity/Q1036,Uganda,UG,UGA,241038,47123531,59.889,0.525,45559202049,2022-01-01T00:00:00Z,1962-01-01T00:00:00Z,left
http://www.wikidata.org/entity/Q1036,Uganda,UG,UGA,241038,47123531,59.889,0.525,40510241366,2021-01-01T00:00:00Z,1962-01-01T00:00:00Z,left
http://www.wikidata.org/entity/Q212,Ukraine,UA,UKR,603550,41167335,69,0.773,160502739236,2022-01-01T00:00:00Z,1991-08-24T00:00:00Z,right
http://www.wikidata.org/entity/Q212,Ukraine,UA,UKR,603550,41167335,69,0.773,199765856765,2021-01-01T00:00:00Z,1991-08-24T00:00:00Z,right
http://www.wikidata.org/entity/Q878,United Arab Emirates,AE,ARE,83600,9890400,77.256,0.911,507534921715,2022-01-01T00:00:00Z,1971-01-01T00:00:00Z,right
http://www.wikidata.org/entity/Q878,United Arab Emirates,AE,ARE,83600,9890400,77.256,0.911,41464995913,1989-01-01T00:00:00Z,1971-01-01T00:00:00Z,right
http://www.wikidata.org/entity/Q878,United Arab Emirates,AE,ARE,83600,9890400,77.256,0.911,417989721734,2019-01-01T00:00:00Z,1971-01-01T00:00:00Z,right
http://www.wikidata.org/entity/Q878,United Arab Emirates,AE,ARE,83600,9890400,77.256,0.911,11651505689,1974-01-01T00:00:00Z,1971-01-01T00:00:00Z,right
http://www.wikidata.org/entity/Q878,United Arab Emirates,AE,ARE,83600,9890400,77.256,0.911,147824370319,2004-01-01T00:00:00Z,1971-01-01T00:00:00Z,right
http://www.wikidata.org/entity/Q878,United Arab Emirates,AE,ARE,83600,9890400,77.256,0.911,109816201497,2002-01-01T00:00:00Z,1971-01-01T00:00:00Z,right
http://www.wikidata.org/entity/Q878,United Arab Emirates,AE,ARE,83600,9890400,77.256,0.911,369255326235,2016-01-01T00:00:00Z,1971-01-01T00:00:00Z,right
http://www.wikidata.org/entity/Q878,United Arab Emirates,AE,ARE,83600,9890400,77.256,0.911,33943612094,1986-01-01T00:00:00Z,1971-01-01T00:00:00Z,right
http://www.wikidata.org/entity/Q878,United Arab Emirates,AE,ARE,83600,9890400,77.256,0.911,939893599,1971-01-01T00:00:00Z,1971-01-01T00:00:00Z,right
http://www.wikidata.org/entity/Q878,United Arab Emirates,AE,ARE,83600,9890400,77.256,0.911,78839008444,1997-01-01T00:00:00Z,1971-01-01T00:00:00Z,right
http://www.wikidata.org/entity/Q878,United Arab Emirates,AE,ARE,83600,9890400,77.256,0.911,24871775164,1977-01-01T00:00:00Z,1971-01-01T00:00:00Z,right
http://www.wikidata.org/entity/Q878,United Arab Emirates,AE,ARE,83600,9890400,77.256,0.911,253547358747,2009-01-01T00:00:00Z,1971-01-01T00:00:00Z,right
http://www.wikidata.org/entity/Q878,United Arab Emirates,AE,ARE,83600,9890400,77.256,0.911,46622718605,1982-01-01T00:00:00Z,1971-01-01T00:00:00Z,right
http://www.wikidata.org/entity/Q878,United Arab Emirates,AE,ARE,83600,9890400,77.256,0.911,65743666575,1995-01-01T00:00:00Z,1971-01-01T00:00:00Z,right
http://www.wikidata.org/entity/Q878,United Arab Emirates,AE,ARE,83600,9890400,77.256,0.911,124346358066,2003-01-01T00:00:00Z,1971-01-01T00:00:00Z,right
http://www.wikidata.org/entity/Q878,United Arab Emirates,AE,ARE,83600,9890400,77.256,0.911,349473015336,2020-01-01T00:00:00Z,1971-01-01T00:00:00Z,right
http://www.wikidata.org/entity/Q878,United Arab Emirates,AE,ARE,83600,9890400,77.256,0.911,514130432653,2023-01-01T00:00:00Z,1971-01-01T00:00:00Z,right
http://www.wikidata.org/entity/Q878,United Arab Emirates,AE,ARE,83600,9890400,77.256,0.911,400218529747,2013-01-01T00:00:00Z,1971-01-01T00:00:00Z,right
http://www.wikidata.org/entity/Q878,United Arab Emirates,AE,ARE,83600,9890400,77.256,0.911,50701443748,1990-01-01T00:00:00Z,1971-01-01T00:00:00Z,right
http://www.wikidata.org/entity/Q878,United Arab Emirates,AE,ARE,83600,9890400,77.256,0.911,180617467964,2005-01-01T00:00:00Z,1971-01-01T00:00:00Z,right
http://www.wikidata.org/entity/Q878,United Arab Emirates,AE,ARE,83600,9890400,77.256,0.911,414105366758,2014-01-01T00:00:00Z,1971-01-01T00:00:00Z,right
http://www.wikidata.org/entity/Q878,United Arab Emirates,AE,ARE,83600,9890400,77.256,0.911,40603650231,1985-01-01T00:00:00Z,1971-01-01T00:00:00Z,right
http://www.wikidata.org/entity/Q878,United Arab Emirates,AE,ARE,83600,9890400,77.256,0.911,104337372362,2000-01-01T00:00:00Z,1971-01-01T00:00:00Z,right
http://www.wikidata.org/entity/Q878,United Arab Emirates,AE,ARE,83600,9890400,77.256,0.911,257916133424,2007-01-01T00:00:00Z,1971-01-01T00:00:00Z,right
http://www.wikidata.org/entity/Q878,United Arab Emirates,AE,ARE,83600,9890400,77.256,0.911,49333424135,1981-01-01T00:00:00Z,1971-01-01T00:00:00Z,right
http://www.wikidata.org/entity/Q878,United Arab Emirates,AE,ARE,83600,9890400,77.256,0.911,502731935197,2022-01-01T00:00:00Z,1971-01-01T00:00:00Z,right
http://www.wikidata.org/entity/Q878,United Arab Emirates,AE,ARE,83600,9890400,77.256,0.911,31225659620,1979-01-01T00:00:00Z,1971-01-01T00:00:00Z,right
http://www.wikidata.org/entity/Q878,United Arab Emirates,AE,ARE,83600,9890400,77.256,0.911,36384908744,1987-01-01T00:00:00Z,1971-01-01T00:00:00Z,right
http://www.wikidata.org/entity/Q878,United Arab Emirates,AE,ARE,83600,9890400,77.256,0.911,390516804016,2017-01-01T00:00:00Z,1971-01-01T00:00:00Z,right
http://www.wikidata.org/entity/Q878,United Arab Emirates,AE,ARE,83600,9890400,77.256,0.911,300189052694,2010-01-01T00:00:00Z,1971-01-01T00:00:00Z,right
http://www.wikidata.org/entity/Q878,United Arab Emirates,AE,ARE,83600,9890400,77.256,0.911,42803323345,1983-01-01T00:00:00Z,1971-01-01T00:00:00Z,right
http://www.wikidata.org/entity/Q878,United Arab Emirates,AE,ARE,83600,9890400,77.256,0.911,19213158778,1976-01-01T00:00:00Z,1971-01-01T00:00:00Z,right
http://www.wikidata.org/entity/Q878,United Arab Emirates,AE,ARE,83600,9890400,77.256,0.911,384610125384,2012-01-01T00:00:00Z,1971-01-01T00:00:00Z,right
http://www.wikidata.org/entity/Q878,United Arab Emirates,AE,ARE,83600,9890400,77.256,0.911,103311640571,2001-01-01T00:00:00Z,1971-01-01T00:00:00Z,right
http://www.wikidata.org/entity/Q878,United Arab Emirates,AE,ARE,83600,9890400,77.256,0.911,41807954235,1984-01-01T00:00:00Z,1971-01-01T00:00:00Z,right
http://www.wikidata.org/entity/Q878,United Arab Emirates,AE,ARE,83600,9890400,77.256,0.911,23775764224,1978-01-01T00:00:00Z,1971-01-01T00:00:00Z,right
http://www.wikidata.org/entity/Q878,United Arab Emirates,AE,ARE,83600,9890400,77.256,0.911,315474615738,2008-01-01T00:00:00Z,1971-01-01T00:00:00Z,right
http://www.wikidata.org/entity/Q878,United Arab Emirates,AE,ARE,83600,9890400,77.256,0.911,36275674203,1988-01-01T00:00:00Z,1971-01-01T00:00:00Z,right
http://www.wikidata.org/entity/Q878,United Arab Emirates,AE,ARE,83600,9890400,77.256,0.911,415021590688,2021-01-01T00:00:00Z,1971-01-01T00:00:00Z,right
http://www.wikidata.org/entity/Q878,United Arab Emirates,AE,ARE,83600,9890400,77.256,0.911,59305093979,1994-01-01T00:00:00Z,1971-01-01T00:00:00Z,right
http://www.wikidata.org/entity/Q878,United Arab Emirates,AE,ARE,83600,9890400,77.256,0.911,360832739558,2011-01-01T00:00:00Z,1971-01-01T00:00:00Z,right
http://www.wikidata.org/entity/Q878,United Arab Emirates,AE,ARE,83600,9890400,77.256,0.911,1415086929,1972-01-01T00:00:00Z,1971-01-01T00:00:00Z,right
http://www.wikidata.org/entity/Q878,United Arab Emirates,AE,ARE,83600,9890400,77.256,0.911,55625170253,1993-01-01T00:00:00Z,1971-01-01T00:00:00Z,right
http://www.wikidata.org/entity/Q878,United Arab Emirates,AE,ARE,83600,9890400,77.256,0.911,222116541865,2006-01-01T00:00:00Z,1971-01-01T00:00:00Z,right
http://www.wikidata.org/entity/Q878,United Arab Emirates,AE,ARE,83600,9890400,77.256,0.911,51552165622,1991-01-01T00:00:00Z,1971-01-01T00:00:00Z,right
http://www.wikidata.org/entity/Q878,United Arab Emirates,AE,ARE,83600,9890400,77.256,0.911,427049432149,2018-01-01T00:00:00Z,1971-01-01T00:00:00Z,right
http://www.wikidata.org/entity/Q878,United Arab Emirates,AE,ARE,83600,9890400,77.256,0.911,685986701,1970-01-01T00:00:00Z,1971-01-01T00:00:00Z,right
http://www.wikidata.org/entity/Q878,United Arab Emirates,AE,ARE,83600,9890400,77.256,0.911,75674336283,1998-01-01T00:00:00Z,1971-01-01T00:00:00Z,right
http://www.wikidata.org/entity/Q878,United Arab Emirates,AE,ARE,83600,9890400,77.256,0.911,415178792769,2021-01-01T00:00:00Z,1971-01-01T00:00:00Z,right
http://www.wikidata.org/entity/Q878,United Arab Emirates,AE,ARE,83600,9890400,77.256,0.911,54239171887,1992-01-01T00:00:00Z,1971-01-01T00:00:00Z,right
http://www.wikidata.org/entity/Q878,United Arab Emirates,AE,ARE,83600,9890400,77.256,0.911,14720728248,1975-01-01T00:00:00Z,1971-01-01T00:00:00Z,right
http://www.wikidata.org/entity/Q878,United Arab Emirates,AE,ARE,83600,9890400,77.256,0.911,4231243615,1973-01-01T00:00:00Z,1971-01-01T00:00:00Z,right
http://www.wikidata.org/entity/Q878,United Arab Emirates,AE,ARE,83600,9890400,77.256,0.911,84445473110,1999-01-01T00:00:00Z,1971-01-01T00:00:00Z,right
http://www.wikidata.org/entity/Q878,United Arab Emirates,AE,ARE,83600,9890400,77.256,0.911,43599160050,1980-01-01T00:00:00Z,1971-01-01T00:00:00Z,right
http://www.wikidata.org/entity/Q878,United Arab Emirates,AE,ARE,83600,9890400,77.256,0.911,73571233996,1996-01-01T00:00:00Z,1971-01-01T00:00:00Z,right
http://www.wikidata.org/entity/Q878,United Arab Emirates,AE,ARE,83600,9890400,77.256,0.911,370275469560,2015-01-01T00:00:00Z,1971-01-01T00:00:00Z,right
http://www.wikidata.org/entity/Q145,United Kingdom,GB,GBR,242495,67326569,80.9561,0.929,3070667732359,2022-01-01T00:00:00Z,1927-04-12T00:00:00Z,left
http://www.wikidata.org/entity/Q145,United Kingdom,GB,GBR,242495,67326569,80.9561,0.929,3122480345925,2021-01-01T00:00:00Z,1927-04-12T00:00:00Z,left
http://www.wikidata.org/entity/Q30,United States,US,USA,9826675,340110988,77,0.921,28750956130000,2024-01-01T00:00:00Z,1784-05-12T00:00:00Z,right
http://www.wikidata.org/entity/Q30,United States,US,USA,9826675,340110988,77,0.921,27720709000000,2023-01-01T00:00:00Z,1784-05-12T00:00:00Z,right
http://www.wikidata.org/entity/Q30,United States,US,USA,9826675,340110988,77,0.921,23315080560000,2021-01-01T00:00:00Z,1784-05-12T00:00:00Z,right
http://www.wikidata.org/entity/Q30,United States,US,USA,9826675,340110988,77,0.921,25462700000000,2022-01-01T00:00:00Z,1784-05-12T00:00:00Z,right
http://www.wikidata.org/entity/Q77,Uruguay,UY,URY,176215,3444263,77.493,0.809,71177146197,2022-01-01T00:00:00Z,1825-08-25T00:00:00Z,right
http://www.wikidata.org/entity/Q77,Uruguay,UY,URY,176215,3444263,77.493,0.809,61412268249,2021-01-01T00:00:00Z,1825-08-25T00:00:00Z,right
http://www.wikidata.org/entity/Q265,Uzbekistan,UZ,UZB,448978,34915100,72,0.727,69238900000,2021-01-01T00:00:00Z,1991-01-01T00:00:00Z,right
http://www.wikidata.org/entity/Q686,Vanuatu,VU,VUT,12190,300019,72.133,0.607,971636098,2021-01-01T00:00:00Z,1980-07-30T00:00:00Z,right
http://www.wikidata.org/entity/Q686,Vanuatu,VU,VUT,12190,300019,72.133,0.607,983582865,2022-01-01T00:00:00Z,1980-07-30T00:00:00Z,right
http://www.wikidata.org/entity/Q237,Vatican City,VA,VAT,0.49,882,,,,,1929-02-11T00:00:00Z,right
http://www.wikidata.org/entity/Q717,Venezuela,VE,VEN,912050,31250306,74.5,0.691,,,1811-07-05T00:00:00Z,right
http://www.wikidata.org/entity/Q717,Venezuela,VE,VEN,912050,31250306,74.5,0.691,,,1845-03-30T00:00:00Z,right
http://www.wikidata.org/entity/Q881,Vietnam,VN,VNM,331690,96208984,76.253,0.703,408802379068,2022-01-01T00:00:00Z,1804-01-01T00:00:00Z,right
http://www.wikidata.org/entity/Q881,Vietnam,VN,VNM,331690,96208984,76.253,0.703,366137590718,2021-01-01T00:00:00Z,1804-01-01T00:00:00Z,right
http://www.wikidata.org/entity/Q881,Vietnam,VN,VNM,331690,96208984,76.253,0.703,408802379068,2022-01-01T00:00:00Z,1945-09-02T00:00:00Z,right
http://www.wikidata.org/entity/Q881,Vietnam,VN,VNM,331690,96208984,76.253,0.703,366137590718,2021-01-01T00:00:00Z,1945-09-02T00:00:00Z,right
http://www.wikidata.org/entity/Q881,Vietnam,VN,VNM,331690,96208984,76.253,0.703,408802379068,2022-01-01T00:00:00Z,1976-07-02T00:00:00Z,right
http://www.wikidata.org/entity/Q881,Vietnam,VN,VNM,331690,96208984,76.253,0.703,366137590718,2021-01-01T00:00:00Z,1976-07-02T00:00:00Z,right
http://www.wikidata.org/entity/Q805,Yemen,YE,YEM,455503,28250420,64.953,0.455,,,1990-05-22T00:00:00Z,right
http://www.wikidata.org/entity/Q953,Zambia,ZM,ZMB,752618,19610769,61.874,0.565,29784454056,2022-01-01T00:00:00Z,1964-10-24T00:00:00Z,left
http://www.wikidata.org/entity/Q953,Zambia,ZM,ZMB,752618,19610769,61.874,0.565,22147649569,2021-01-01T00:00:00Z,1964-10-24T00:00:00Z,left
http://www.wikidata.org/entity/Q954,Zimbabwe,ZW,ZWE,390757,15178979,61.163,0.593,28371238666,2021-01-01T00:00:00Z,1980-04-18T00:00:00Z,left
http://www.wikidata.org/entity/Q954,Zimbabwe,ZW,ZWE,390757,15178979,61.163,0.593,20678055598,2022-01-01T00:00:00Z,1980-04-18T00:00:00Z,left
