country,memberships
http://www.wikidata.org/entity/Q258,"United Nations | African Union | Commonwealth of Nations | UNESCO | World Health Organization | World Trade Organization | Interpol | Universal Postal Union | G20 | International Civil Defence Organisation | World Meteorological Organization | Treaty on the Non-Proliferation of Nuclear Weapons | International Bank for Reconstruction and Development | International Hydrographic Organization | BRICS | Organisation of African, Caribbean and Pacific States | African Development Bank | International Telecommunication Union | United Nations–African Union Hybrid Operation in Darfur | World Customs Organization | International Finance Corporation | Southern African Development Community | International Development Association | Organisation for the Prohibition of Chemical Weapons | Multilateral Investment Guarantee Agency | Missile Technology Control Regime | Southern African Customs Union | Nuclear Suppliers Group | Group on Earth Observations | African Continental Free Trade Area"
http://www.wikidata.org/entity/Q262,United Nations | African Union | League of Arab States | Organization of the Petroleum Exporting Countries | UNESCO | World Health Organization | World Trade Organization | Interpol | Universal Postal Union | Organisation of Islamic Cooperation | International Civil Defence Organisation | World Meteorological Organization | Treaty on the Non-Proliferation of Nuclear Weapons | International Bank for Reconstruction and Development | International Hydrographic Organization | African Development Bank | Arab Maghreb Union | International Telecommunication Union | World Customs Organization | Arab Monetary Fund | International Finance Corporation | International Development Association | Organisation for the Prohibition of Chemical Weapons | International Centre for Settlement of Investment Disputes | Multilateral Investment Guarantee Agency | Arab Fund for Economic and Social Development | Lake Chad Basin Commission | Arab Bank for Economic Development in Africa | Group on Earth Observations | African Continental Free Trade Area
http://www.wikidata.org/entity/Q265,United Nations | Commonwealth of Independent States | UNESCO | World Health Organization | Interpol | Universal Postal Union | Organisation of Islamic Cooperation | Organization for Security and Co-operation in Europe | International Civil Defence Organisation | World Meteorological Organization | Treaty on the Non-Proliferation of Nuclear Weapons | Asian Development Bank | International Bank for Reconstruction and Development | Collective Security Treaty Organization | GUAM Organization for Democracy and Economic Development | International Telecommunication Union | Shanghai Cooperation Organisation | Organization of Turkic States | World Customs Organization | International Finance Corporation | International Development Association | Organisation for the Prohibition of Chemical Weapons | International Centre for Settlement of Investment Disputes | Multilateral Investment Guarantee Agency | Commonwealth of Independent States Free Trade Area | Central Asian Cooperation Organization | Group on Earth Observations
http://www.wikidata.org/entity/Q298,United Nations | Union of South American Nations | UNESCO | World Health Organization | World Trade Organization | Interpol | Latin America | Universal Postal Union | Organization for Economic Cooperation and Development | Visa Waiver Program | Organization of American States | International Civil Defence Organisation | World Meteorological Organization | Asia-Pacific Economic Cooperation | Antarctic Treaty System | Treaty on the Non-Proliferation of Nuclear Weapons | International Bank for Reconstruction and Development | International Hydrographic Organization | ABC nations | International Telecommunication Union | Andean Community | World Customs Organization | International Finance Corporation | International Development Association | Organisation for the Prohibition of Chemical Weapons | International Centre for Settlement of Investment Disputes | Multilateral Investment Guarantee Agency | Agency for the Prohibition of Nuclear Weapons in Latin America and the Caribbean | Group on Earth Observations | Carbon Neutrality Coalition
http://www.wikidata.org/entity/Q334,United Nations | Association of Southeast Asian Nations | Commonwealth of Nations | UNESCO | World Health Organization | World Trade Organization | Interpol | Universal Postal Union | Visa Waiver Program | World Meteorological Organization | Asia-Pacific Economic Cooperation | Treaty on the Non-Proliferation of Nuclear Weapons | Asian Development Bank | International Bank for Reconstruction and Development | International Hydrographic Organization | International Telecommunication Union | Alliance of Small Island States | World Customs Organization | International Finance Corporation | Organization of World Heritage Cities | International Development Association | Organisation for the Prohibition of Chemical Weapons | International Centre for Settlement of Investment Disputes | Multilateral Investment Guarantee Agency | Creative Cities Network | ASEAN Regional Forum
http://www.wikidata.org/entity/Q347,United Nations | World Trade Organization | Interpol | Council of Europe | European Economic Area | Universal Postal Union | International Atomic Energy Agency | Visa Waiver Program | International Criminal Court | Organization for Security and Co-operation in Europe | European Free Trade Association | UN Trade and Development | Treaty on the Non-Proliferation of Nuclear Weapons | International Telecommunication Union | European Bank for Reconstruction and Development | United Nations Economic Commission for Europe | Intelsat | Organisation for the Prohibition of Chemical Weapons | Permanent Court of Arbitration | University of Teacher Education in Special Needs | International Lake Constance conference | Schengen Area
http://www.wikidata.org/entity/Q398,United Nations | League of Arab States | UNESCO | World Health Organization | World Trade Organization | Interpol | Universal Postal Union | Organisation of Islamic Cooperation | International Civil Defence Organisation | World Meteorological Organization | Treaty on the Non-Proliferation of Nuclear Weapons | International Bank for Reconstruction and Development | Cooperation Council for the Arab States of the Persian Gulf | International Hydrographic Organization | International Telecommunication Union | World Customs Organization | Arab Monetary Fund | International Finance Corporation | Organisation for the Prohibition of Chemical Weapons | International Centre for Settlement of Investment Disputes | Multilateral Investment Guarantee Agency | Arab Fund for Economic and Social Development | Arab Bank for Economic Development in Africa | Group on Earth Observations
http://www.wikidata.org/entity/Q399,United Nations
http://www.wikidata.org/entity/Q403,United Nations | UNESCO | World Health Organization | Interpol | Council of Europe | Universal Postal Union | Organization for Security and Co-operation in Europe | International Civil Defence Organisation | World Meteorological Organization | Treaty on the Non-Proliferation of Nuclear Weapons | International Bank for Reconstruction and Development | International Hydrographic Organization | Central European Free Trade Agreement | International Telecommunication Union | Organization of the Black Sea Economic Cooperation | International Centre for Migration Policy Development | World Customs Organization | Partnership for Peace | International Finance Corporation | Eurocontrol | International Holocaust Remembrance Alliance | International Development Association | Organisation for the Prohibition of Chemical Weapons | International Centre for Settlement of Investment Disputes | Multilateral Investment Guarantee Agency | Nuclear Suppliers Group | Group on Earth Observations | Q131720477
http://www.wikidata.org/entity/Q408,United Nations | Association of Southeast Asian Nations | Commonwealth of Nations | UNESCO | World Health Organization | World Trade Organization | Interpol | Universal Postal Union | G20 | Organization for Economic Cooperation and Development | Visa Waiver Program | Food and Agriculture Organization | World Meteorological Organization | Asia-Pacific Economic Cooperation | Antarctic Treaty System | Treaty on the Non-Proliferation of Nuclear Weapons | Asian Development Bank | International Bank for Reconstruction and Development | International Hydrographic Organization | Southeast Asia Treaty Organization | ANZUS | Bank for International Settlements | International Telecommunication Union | European Bank for Reconstruction and Development | East Asia Summit | World Customs Organization | International Finance Corporation | Pacific Islands Forum | Australia Group | International Holocaust Remembrance Alliance | International Energy Agency | International Development Association | Organisation for the Prohibition of Chemical Weapons | Pacific Community | International Centre for Settlement of Investment Disputes | Multilateral Investment Guarantee Agency | Missile Technology Control Regime | Colombo Plan | Nuclear Suppliers Group | ANZUK | ABCANZ Armies | AUSCANNZUKUS | Air Force Interoperability Council | Combined Communications-Electronics Board | Group on Earth Observations | The Technical Cooperation Program | ASEAN Regional Forum | Five Eyes | AUKUS
http://www.wikidata.org/entity/Q414,United Nations | Union of South American Nations | Q4264 | UNESCO | World Health Organization | World Trade Organization | Interpol | Universal Postal Union | G20 | Organization of American States | World Meteorological Organization | Antarctic Treaty System | Treaty on the Non-Proliferation of Nuclear Weapons | Central American Bank for Economic Integration | International Bank for Reconstruction and Development | International Hydrographic Organization | ABC nations | African Development Bank | International Telecommunication Union | International Renewable Energy Agency | Andean Community | World Customs Organization | International Finance Corporation | Australia Group | International Holocaust Remembrance Alliance | International Development Association | Organisation for the Prohibition of Chemical Weapons | International Centre for Settlement of Investment Disputes | Multilateral Investment Guarantee Agency | Missile Technology Control Regime | Nuclear Suppliers Group | Agency for the Prohibition of Nuclear Weapons in Latin America and the Caribbean | Group on Earth Observations
http://www.wikidata.org/entity/Q16,United Nations | NATO | Commonwealth of Nations | UNESCO | World Health Organization | World Trade Organization | Interpol | Universal Postal Union | G20 | G8 | League of Nations | Organization for Economic Cooperation and Development | Organization for Security and Co-operation in Europe | Organization of American States | Organisation internationale de la Francophonie | World Meteorological Organization | Asia-Pacific Economic Cooperation | North American Free Trade Agreement | Treaty on the Non-Proliferation of Nuclear Weapons | Asian Development Bank | International Bank for Reconstruction and Development | International Hydrographic Organization | African Development Bank | International Telecommunication Union | World Customs Organization | International Finance Corporation | Arctic Council | Australia Group | International Holocaust Remembrance Alliance | International Energy Agency | International Development Association | Organisation for the Prohibition of Chemical Weapons | International Centre for Settlement of Investment Disputes | Multilateral Investment Guarantee Agency | Missile Technology Control Regime | Nuclear Suppliers Group | G7 | Treaty on Open Skies | ABCANZ Armies | Caribbean Development Bank | Movement Coordination Centre Europe | AUSCANNZUKUS | Air Force Interoperability Council | Combined Communications-Electronics Board | Group on Earth Observations | The Technical Cooperation Program | ASEAN Regional Forum | Five Eyes
http://www.wikidata.org/entity/Q17,United Nations | UNESCO | World Health Organization | World Trade Organization | Interpol | Universal Postal Union | G20 | G8 | League of Nations | Organization for Economic Cooperation and Development | Visa Waiver Program | World Meteorological Organization | Asia-Pacific Economic Cooperation | Antarctic Treaty System | Treaty on the Non-Proliferation of Nuclear Weapons | Asian Development Bank | International Bank for Reconstruction and Development | International Hydrographic Organization | African Development Bank | International Telecommunication Union | World Customs Organization | International Finance Corporation | Australia Group | International Energy Agency | International Development Association | Organisation for the Prohibition of Chemical Weapons | International Centre for Settlement of Investment Disputes | Multilateral Investment Guarantee Agency | Missile Technology Control Regime | Nuclear Suppliers Group | G7 | Group on Earth Observations | ASEAN Regional Forum
http://www.wikidata.org/entity/Q20,United Nations | NATO | UNESCO | World Health Organization | World Trade Organization | Interpol | Council of Europe | European Economic Area | Universal Postal Union | Organization for Economic Cooperation and Development | European Space Agency | Visa Waiver Program | Organization for Security and Co-operation in Europe | 1990 Schengen Convention | Nordic Council | European Free Trade Association | World Meteorological Organization | Treaty on the Non-Proliferation of Nuclear Weapons | Asian Development Bank | International Bank for Reconstruction and Development | International Hydrographic Organization | Bank for International Settlements | African Development Bank | International Telecommunication Union | World Customs Organization | EFTA Court | International Finance Corporation | Eurocontrol | Arctic Council | Australia Group | Council of the Baltic Sea States | International Holocaust Remembrance Alliance | International Energy Agency | International Development Association | Organisation for the Prohibition of Chemical Weapons | International Centre for Settlement of Investment Disputes | Multilateral Investment Guarantee Agency | Missile Technology Control Regime | CGIAR | European Payments Union | Nuclear Suppliers Group | Global Biodiversity Information Facility | Strategic Airlift Capability | Treaty on Open Skies | Schengen Area | Nordic Battle Group | Movement Coordination Centre Europe | Barents Euro-Arctic Council | Group on Earth Observations | Q131720477
http://www.wikidata.org/entity/Q419,United Nations | Union of South American Nations | UNESCO | World Health Organization | World Trade Organization | Interpol | Universal Postal Union | Organization of American States | World Meteorological Organization | Asia-Pacific Economic Cooperation | Treaty on the Non-Proliferation of Nuclear Weapons | International Bank for Reconstruction and Development | International Hydrographic Organization | International Telecommunication Union | United Nations–African Union Hybrid Operation in Darfur | Andean Community | World Customs Organization | International Finance Corporation | International Development Association | Organisation for the Prohibition of Chemical Weapons | International Centre for Settlement of Investment Disputes | Multilateral Investment Guarantee Agency | Agency for the Prohibition of Nuclear Weapons in Latin America and the Caribbean | Group on Earth Observations
http://www.wikidata.org/entity/Q423,United Nations | International Red Cross and Red Crescent Movement | UNESCO | World Health Organization | International Organization for Standardization | Universal Postal Union | International Olympic Committee | UN Tourism | Food and Agriculture Organization | Non-Aligned Movement | International Civil Aviation Organization | World Meteorological Organization | Interparliamentary Union | World Intellectual Property Organization | UN Trade and Development | states with nuclear weapons | International Maritime Organization | International Hydrographic Organization | International Telecommunication Union | United Nations Industrial Development Organization | Group of 77 | International Fund for Agricultural Development | World Federation of Trade Unions | ASEAN Regional Forum | International Telecommunications Satellite Organization
http://www.wikidata.org/entity/Q424,United Nations | Association of Southeast Asian Nations | UNESCO | World Health Organization | World Trade Organization | Interpol | Universal Postal Union | Organisation internationale de la Francophonie | World Meteorological Organization | Treaty on the Non-Proliferation of Nuclear Weapons | Asian Development Bank | International Bank for Reconstruction and Development | International Telecommunication Union | United Nations–African Union Hybrid Operation in Darfur | World Customs Organization | International Finance Corporation | International Development Association | Organisation for the Prohibition of Chemical Weapons | International Centre for Settlement of Investment Disputes | Multilateral Investment Guarantee Agency | Group on Earth Observations | ASEAN Regional Forum
http://www.wikidata.org/entity/Q574,"United Nations | Association of Southeast Asian Nations | UNESCO | World Health Organization | World Trade Organization | Interpol | Universal Postal Union | World Meteorological Organization | Community of Portuguese Language Countries | Treaty on the Non-Proliferation of Nuclear Weapons | Asian Development Bank | International Bank for Reconstruction and Development | Organisation of African, Caribbean and Pacific States | International Telecommunication Union | Alliance of Small Island States | World Customs Organization | International Finance Corporation | International Development Association | Organisation for the Prohibition of Chemical Weapons | International Centre for Settlement of Investment Disputes | Multilateral Investment Guarantee Agency | g7+ | ASEAN Regional Forum"
http://www.wikidata.org/entity/Q657,"United Nations | African Union | UNESCO | World Health Organization | World Trade Organization | Interpol | Universal Postal Union | Organisation of Islamic Cooperation | Organisation internationale de la Francophonie | International Civil Defence Organisation | World Meteorological Organization | Treaty on the Non-Proliferation of Nuclear Weapons | Economic Community of Central African States | Bank of Central African States | International Bank for Reconstruction and Development | Organisation of African, Caribbean and Pacific States | African Development Bank | International Telecommunication Union | World Customs Organization | International Finance Corporation | International Development Association | Organisation for the Prohibition of Chemical Weapons | International Centre for Settlement of Investment Disputes | Multilateral Investment Guarantee Agency | Economic and Monetary Community of Central Africa | OHADA | Lake Chad Basin Commission | AFRISTAT | Multinational Joint Task Force | African Continental Free Trade Area"
http://www.wikidata.org/entity/Q664,United Nations | Commonwealth of Nations | UNESCO | World Health Organization | World Trade Organization | Interpol | Universal Postal Union | Organization for Economic Cooperation and Development | Visa Waiver Program | World Meteorological Organization | Asia-Pacific Economic Cooperation | Treaty on the Non-Proliferation of Nuclear Weapons | Asian Development Bank | International Bank for Reconstruction and Development | International Hydrographic Organization | Southeast Asia Treaty Organization | ANZUS | International Telecommunication Union | World Customs Organization | International Finance Corporation | Australia Group | International Energy Agency | International Development Association | Organisation for the Prohibition of Chemical Weapons | International Centre for Settlement of Investment Disputes | Multilateral Investment Guarantee Agency | Missile Technology Control Regime | Nuclear Suppliers Group | ANZUK | ABCANZ Armies | AUSCANNZUKUS | Air Force Interoperability Council | Combined Communications-Electronics Board | Group on Earth Observations | The Technical Cooperation Program | ASEAN Regional Forum | Five Eyes
http://www.wikidata.org/entity/Q668,United Nations | Commonwealth of Nations | UNESCO | World Health Organization | World Trade Organization | Interpol | Universal Postal Union | G20 | South Asian Association for Regional Cooperation | World Meteorological Organization | Antarctic Treaty System | Asian Development Bank | states with nuclear weapons | International Bank for Reconstruction and Development | International Hydrographic Organization | BRICS | African Development Bank | International Telecommunication Union | Shanghai Cooperation Organisation | International Finance Corporation | Bay of Bengal Initiative for Multi-Sectoral Technical and Economic Cooperation | International Development Association | Organisation for the Prohibition of Chemical Weapons | Multilateral Investment Guarantee Agency | Missile Technology Control Regime | Group on Earth Observations | ASEAN Regional Forum
http://www.wikidata.org/entity/Q672,"United Nations | Commonwealth of Nations | UNESCO | World Health Organization | Universal Postal Union | World Meteorological Organization | Treaty on the Non-Proliferation of Nuclear Weapons | Asian Development Bank | International Bank for Reconstruction and Development | Organisation of African, Caribbean and Pacific States | International Telecommunication Union | Alliance of Small Island States | International Development Association | Organisation for the Prohibition of Chemical Weapons"
http://www.wikidata.org/entity/Q27,European Union | United Nations | UNESCO | World Health Organization | World Trade Organization | Interpol | Council of Europe | Universal Postal Union | Organization for Economic Cooperation and Development | European Space Agency | Visa Waiver Program | European Economic Community | Organization for Security and Co-operation in Europe | World Meteorological Organization | Treaty on the Non-Proliferation of Nuclear Weapons | Asian Development Bank | International Bank for Reconstruction and Development | International Hydrographic Organization | African Development Bank | International Telecommunication Union | World Customs Organization | International Finance Corporation | Eurocontrol | Australia Group | International Holocaust Remembrance Alliance | International Energy Agency | International Development Association | Organisation for the Prohibition of Chemical Weapons | International Centre for Settlement of Investment Disputes | Multilateral Investment Guarantee Agency | Missile Technology Control Regime | Nuclear Suppliers Group | Nordic Battle Group | Group on Earth Observations
http://www.wikidata.org/entity/Q28,European Union | United Nations | NATO | UNESCO | World Health Organization | World Trade Organization | Interpol | Council of Europe | European Economic Area | Universal Postal Union | Organization for Economic Cooperation and Development | Warsaw Pact | Visa Waiver Program | Organization for Security and Co-operation in Europe | World Meteorological Organization | Treaty on the Non-Proliferation of Nuclear Weapons | International Bank for Reconstruction and Development | COMECON | Visegrád Group | International Telecommunication Union | International Centre for Migration Policy Development | Organization of Turkic States | World Customs Organization | International Finance Corporation | Eurocontrol | Australia Group | International Holocaust Remembrance Alliance | International Energy Agency | International Development Association | Organisation for the Prohibition of Chemical Weapons | International Centre for Settlement of Investment Disputes | Multilateral Investment Guarantee Agency | Missile Technology Control Regime | Nuclear Suppliers Group | Strategic Airlift Capability | Treaty on Open Skies | Schengen Area | Movement Coordination Centre Europe | Group on Earth Observations | Q131720477
http://www.wikidata.org/entity/Q29,European Union | United Nations | NATO | UNESCO | World Health Organization | World Trade Organization | Interpol | Council of Europe | Universal Postal Union | United Nations Security Council | League of Nations | Organization for Economic Cooperation and Development | European Space Agency | Visa Waiver Program | Organization for Security and Co-operation in Europe | European Air Transport Command | European Southern Observatory | World Meteorological Organization | Treaty on the Non-Proliferation of Nuclear Weapons | Asian Development Bank | Central American Bank for Economic Integration | International Bank for Reconstruction and Development | International Hydrographic Organization | African Development Bank | International Telecommunication Union | Organization of Ibero-American States | Organisation for Joint Armament Cooperation | World Customs Organization | International Finance Corporation | Eurocontrol | Australia Group | International Holocaust Remembrance Alliance | International Energy Agency | International Development Association | Organisation for the Prohibition of Chemical Weapons | International Centre for Settlement of Investment Disputes | Multilateral Investment Guarantee Agency | Missile Technology Control Regime | Nuclear Suppliers Group | Pyrenees–Mediterranean Euroregion | Treaty on Open Skies | Schengen Area | Movement Coordination Centre Europe | Group on Earth Observations | member states of the Organization of Ibero-American States | Q131720477
http://www.wikidata.org/entity/Q30,United Nations | NATO | UNESCO | World Trade Organization | Interpol | Universal Postal Union | G20 | United Nations Security Council | Organization for Economic Cooperation and Development | Organization of American States | World Meteorological Organization | Asia-Pacific Economic Cooperation | North American Free Trade Agreement | International Hydrographic Organization | International Telecommunication Union | Arctic Council | International Energy Agency | Organisation for the Prohibition of Chemical Weapons | Group of Ten | Strategic Airlift Capability | G7 | ABCANZ Armies | Movement Coordination Centre Europe | AUSCANNZUKUS | Air Force Interoperability Council | Combined Communications-Electronics Board | Group on Earth Observations | The Technical Cooperation Program
http://www.wikidata.org/entity/Q31,European Union | United Nations | NATO | UNESCO | World Health Organization | World Trade Organization | Interpol | Council of Europe | European Economic Area | Benelux | Universal Postal Union | Organization for Economic Cooperation and Development | European Space Agency | Visa Waiver Program | Organization for Security and Co-operation in Europe | Organisation internationale de la Francophonie | European Air Transport Command | European Southern Observatory | Dutch Language Union | World Meteorological Organization | Antarctic Treaty System | Treaty on the Non-Proliferation of Nuclear Weapons | Asian Development Bank | International Bank for Reconstruction and Development | International Hydrographic Organization | African Development Bank | International Telecommunication Union | Organisation for Joint Armament Cooperation | World Customs Organization | International Finance Corporation | Eurocontrol | Australia Group | International Holocaust Remembrance Alliance | International Energy Agency | International Development Association | Organisation for the Prohibition of Chemical Weapons | International Centre for Settlement of Investment Disputes | Multilateral Investment Guarantee Agency | Missile Technology Control Regime | European Payments Union | Nuclear Suppliers Group | Global Biodiversity Information Facility | Belgium–Luxembourg Economic Union | Treaty on Open Skies | Schengen Area | Movement Coordination Centre Europe | Group on Earth Observations | Q131720477
http://www.wikidata.org/entity/Q678,"United Nations | Commonwealth of Nations | UNESCO | World Health Organization | World Trade Organization | Interpol | Universal Postal Union | World Meteorological Organization | Treaty on the Non-Proliferation of Nuclear Weapons | Asian Development Bank | International Bank for Reconstruction and Development | International Hydrographic Organization | Organisation of African, Caribbean and Pacific States | International Telecommunication Union | Alliance of Small Island States | World Customs Organization | International Finance Corporation | International Development Association | Organisation for the Prohibition of Chemical Weapons | International Centre for Settlement of Investment Disputes"
http://www.wikidata.org/entity/Q683,"United Nations | Commonwealth of Nations | UNESCO | World Health Organization | World Trade Organization | Interpol | Universal Postal Union | World Meteorological Organization | Treaty on the Non-Proliferation of Nuclear Weapons | Asian Development Bank | International Bank for Reconstruction and Development | Organisation of African, Caribbean and Pacific States | International Telecommunication Union | United Nations–African Union Hybrid Operation in Darfur | Alliance of Small Island States | World Customs Organization | International Finance Corporation | International Development Association | Organisation for the Prohibition of Chemical Weapons | International Centre for Settlement of Investment Disputes | Multilateral Investment Guarantee Agency"
http://www.wikidata.org/entity/Q685,"United Nations | Commonwealth of Nations | UNESCO | World Health Organization | World Trade Organization | Interpol | Universal Postal Union | World Meteorological Organization | Treaty on the Non-Proliferation of Nuclear Weapons | Asian Development Bank | International Bank for Reconstruction and Development | Organisation of African, Caribbean and Pacific States | International Telecommunication Union | Alliance of Small Island States | World Customs Organization | International Finance Corporation | International Development Association | Organisation for the Prohibition of Chemical Weapons | International Centre for Settlement of Investment Disputes | Multilateral Investment Guarantee Agency"
http://www.wikidata.org/entity/Q686,"United Nations | Commonwealth of Nations | UNESCO | World Health Organization | World Trade Organization | Interpol | Universal Postal Union | Organisation internationale de la Francophonie | World Meteorological Organization | Treaty on the Non-Proliferation of Nuclear Weapons | Asian Development Bank | International Bank for Reconstruction and Development | International Hydrographic Organization | Organisation of African, Caribbean and Pacific States | International Telecommunication Union | Alliance of Small Island States | World Customs Organization | International Finance Corporation | International Development Association | Organisation for the Prohibition of Chemical Weapons | Multilateral Investment Guarantee Agency"
http://www.wikidata.org/entity/Q691,"United Nations | Commonwealth of Nations | UNESCO | World Health Organization | World Trade Organization | Interpol | Universal Postal Union | World Meteorological Organization | Asia-Pacific Economic Cooperation | Treaty on the Non-Proliferation of Nuclear Weapons | Asian Development Bank | International Bank for Reconstruction and Development | International Hydrographic Organization | Organisation of African, Caribbean and Pacific States | International Telecommunication Union | United Nations–African Union Hybrid Operation in Darfur | Alliance of Small Island States | World Customs Organization | International Finance Corporation | International Development Association | Organisation for the Prohibition of Chemical Weapons | International Centre for Settlement of Investment Disputes | Multilateral Investment Guarantee Agency | ASEAN Regional Forum"
http://www.wikidata.org/entity/Q32,European Union | United Nations | NATO | UNESCO | World Health Organization | World Trade Organization | Interpol | Council of Europe | European Economic Area | Benelux | Universal Postal Union | Organization for Economic Cooperation and Development | European Space Agency | Visa Waiver Program | Organization for Security and Co-operation in Europe | Organisation internationale de la Francophonie | European Air Transport Command | World Meteorological Organization | Treaty on the Non-Proliferation of Nuclear Weapons | Asian Development Bank | International Bank for Reconstruction and Development | African Development Bank | International Telecommunication Union | World Customs Organization | International Finance Corporation | Eurocontrol | Australia Group | International Holocaust Remembrance Alliance | International Energy Agency | International Development Association | Organisation for the Prohibition of Chemical Weapons | International Centre for Settlement of Investment Disputes | Multilateral Investment Guarantee Agency | Missile Technology Control Regime | European Payments Union | Nuclear Suppliers Group | Belgium–Luxembourg Economic Union | Treaty on Open Skies | Schengen Area | Movement Coordination Centre Europe | Group on Earth Observations
http://www.wikidata.org/entity/Q33,European Union | United Nations | NATO | UNESCO | World Health Organization | World Trade Organization | Interpol | Council of Europe | Universal Postal Union | Organization for Economic Cooperation and Development | European Space Agency | Visa Waiver Program | Organization for Security and Co-operation in Europe | Nordic Council | European Southern Observatory | European Free Trade Association | World Meteorological Organization | Antarctic Treaty System | Treaty on the Non-Proliferation of Nuclear Weapons | Asian Development Bank | International Bank for Reconstruction and Development | International Hydrographic Organization | African Development Bank | International Telecommunication Union | World Customs Organization | Partnership for Peace | International Finance Corporation | Eurocontrol | Arctic Council | Australia Group | Council of the Baltic Sea States | International Holocaust Remembrance Alliance | International Energy Agency | International Development Association | Organisation for the Prohibition of Chemical Weapons | International Centre for Settlement of Investment Disputes | Multilateral Investment Guarantee Agency | Missile Technology Control Regime | Nuclear Suppliers Group | Strategic Airlift Capability | Treaty on Open Skies | Schengen Area | Nordic Battle Group | Movement Coordination Centre Europe | Barents Euro-Arctic Council | Group on Earth Observations | Q131720477
http://www.wikidata.org/entity/Q695,"United Nations | UNESCO | World Health Organization | Treaty on the Non-Proliferation of Nuclear Weapons | Asian Development Bank | International Bank for Reconstruction and Development | Organisation of African, Caribbean and Pacific States | Alliance of Small Island States | World Customs Organization | International Finance Corporation | International Development Association | Organisation for the Prohibition of Chemical Weapons | Multilateral Investment Guarantee Agency"
http://www.wikidata.org/entity/Q697,"United Nations | Commonwealth of Nations | UNESCO | World Health Organization | Interpol | Universal Postal Union | World Meteorological Organization | Treaty on the Non-Proliferation of Nuclear Weapons | Asian Development Bank | Organisation of African, Caribbean and Pacific States | International Telecommunication Union | Alliance of Small Island States | Organisation for the Prohibition of Chemical Weapons"
http://www.wikidata.org/entity/Q702,"United Nations | UNESCO | World Health Organization | Interpol | Treaty on the Non-Proliferation of Nuclear Weapons | Asian Development Bank | International Bank for Reconstruction and Development | Organisation of African, Caribbean and Pacific States | International Telecommunication Union | Alliance of Small Island States | International Finance Corporation | International Development Association | Organisation for the Prohibition of Chemical Weapons | International Centre for Settlement of Investment Disputes | Multilateral Investment Guarantee Agency"
http://www.wikidata.org/entity/Q709,"United Nations | UNESCO | World Health Organization | Interpol | Treaty on the Non-Proliferation of Nuclear Weapons | Asian Development Bank | International Bank for Reconstruction and Development | Organisation of African, Caribbean and Pacific States | International Telecommunication Union | Alliance of Small Island States | International Finance Corporation | International Development Association | Organisation for the Prohibition of Chemical Weapons"
http://www.wikidata.org/entity/Q710,"United Nations | Commonwealth of Nations | UNESCO | World Health Organization | Interpol | Universal Postal Union | World Meteorological Organization | Treaty on the Non-Proliferation of Nuclear Weapons | Asian Development Bank | International Bank for Reconstruction and Development | Organisation of African, Caribbean and Pacific States | International Telecommunication Union | Alliance of Small Island States | International Finance Corporation | International Development Association | Organisation for the Prohibition of Chemical Weapons"
http://www.wikidata.org/entity/Q711,United Nations | UNESCO | World Health Organization | World Trade Organization | Interpol | Universal Postal Union | Organization for Security and Co-operation in Europe | International Civil Defence Organisation | World Meteorological Organization | Treaty on the Non-Proliferation of Nuclear Weapons | Asian Development Bank | International Bank for Reconstruction and Development | COMECON | International Telecommunication Union | United Nations–African Union Hybrid Operation in Darfur | World Customs Organization | International Finance Corporation | International Development Association | Organisation for the Prohibition of Chemical Weapons | International Centre for Settlement of Investment Disputes | Multilateral Investment Guarantee Agency | Group on Earth Observations | ASEAN Regional Forum
http://www.wikidata.org/entity/Q34,European Union | United Nations | NATO | UNESCO | World Health Organization | World Trade Organization | Interpol | Council of Europe | Universal Postal Union | League of Nations | Organization for Economic Cooperation and Development | European Space Agency | Visa Waiver Program | Union between Sweden and Norway | Kalmar Union | Organization for Security and Co-operation in Europe | Nordic Council | European Southern Observatory | European Free Trade Association | World Meteorological Organization | Treaty on the Non-Proliferation of Nuclear Weapons | Asian Development Bank | International Bank for Reconstruction and Development | International Hydrographic Organization | African Development Bank | International Telecommunication Union | International Centre for Migration Policy Development | World Customs Organization | Partnership for Peace | International Finance Corporation | Eurocontrol | Arctic Council | Australia Group | Council of the Baltic Sea States | International Holocaust Remembrance Alliance | International Energy Agency | International Development Association | Organisation for the Prohibition of Chemical Weapons | International Centre for Settlement of Investment Disputes | Multilateral Investment Guarantee Agency | Missile Technology Control Regime | European Payments Union | Nuclear Suppliers Group | Strategic Airlift Capability | Treaty on Open Skies | Schengen Area | Nordic Battle Group | Movement Coordination Centre Europe | Barents Euro-Arctic Council | Group on Earth Observations | Q131720477
http://www.wikidata.org/entity/Q36,European Union | United Nations | NATO | International Monetary Fund | UNESCO | World Health Organization | World Trade Organization | Interpol | Council of Europe | Universal Postal Union | Organization for Economic Cooperation and Development | Warsaw Pact | European Space Agency | Visa Waiver Program | Organization for Security and Co-operation in Europe | World Meteorological Organization | World Intellectual Property Organization | Treaty on the Non-Proliferation of Nuclear Weapons | International Bank for Reconstruction and Development | COMECON | International Hydrographic Organization | Visegrád Group | International Telecommunication Union | International Centre for Migration Policy Development | Weimar Triangle | World Customs Organization | International Finance Corporation | Eurocontrol | Australia Group | Council of the Baltic Sea States | International Holocaust Remembrance Alliance | International Energy Agency | International Development Association | Organisation for the Prohibition of Chemical Weapons | Multilateral Investment Guarantee Agency | Missile Technology Control Regime | Nuclear Suppliers Group | Strategic Airlift Capability | Convention on preventing and combating violence against women and domestic violence | Treaty on Open Skies | Schengen Area | Movement Coordination Centre Europe | Group on Earth Observations | Q131720477
http://www.wikidata.org/entity/Q712,"United Nations | Commonwealth of Nations | UNESCO | World Health Organization | World Trade Organization | Interpol | Universal Postal Union | World Meteorological Organization | Treaty on the Non-Proliferation of Nuclear Weapons | Asian Development Bank | International Bank for Reconstruction and Development | International Hydrographic Organization | Organisation of African, Caribbean and Pacific States | International Telecommunication Union | Alliance of Small Island States | World Customs Organization | International Finance Corporation | International Development Association | Organisation for the Prohibition of Chemical Weapons | International Centre for Settlement of Investment Disputes | Multilateral Investment Guarantee Agency"
http://www.wikidata.org/entity/Q717,United Nations | Union of South American Nations | Q4264 | Organization of the Petroleum Exporting Countries | UNESCO | World Health Organization | World Trade Organization | Interpol | Universal Postal Union | Organization of American States | Treaty on the Non-Proliferation of Nuclear Weapons | International Bank for Reconstruction and Development | International Hydrographic Organization | International Telecommunication Union | World Customs Organization | International Finance Corporation | Organisation for the Prohibition of Chemical Weapons | Multilateral Investment Guarantee Agency | Agency for the Prohibition of Nuclear Weapons in Latin America and the Caribbean | Caribbean Development Bank
http://www.wikidata.org/entity/Q730,"United Nations | Union of South American Nations | UNESCO | World Health Organization | World Trade Organization | Interpol | Universal Postal Union | Organisation of Islamic Cooperation | Organization of American States | Dutch Language Union | World Meteorological Organization | Treaty on the Non-Proliferation of Nuclear Weapons | International Bank for Reconstruction and Development | Caribbean Community | International Hydrographic Organization | Organisation of African, Caribbean and Pacific States | International Telecommunication Union | Alliance of Small Island States | World Customs Organization | International Finance Corporation | Organisation for the Prohibition of Chemical Weapons | Multilateral Investment Guarantee Agency | Agency for the Prohibition of Nuclear Weapons in Latin America and the Caribbean | Caribbean Development Bank | Caribbean Disaster Emergency Management Agency"
http://www.wikidata.org/entity/Q733,United Nations | Union of South American Nations | Q4264 | UNESCO | World Health Organization | World Trade Organization | Interpol | Universal Postal Union | Organization of American States | World Meteorological Organization | Treaty on the Non-Proliferation of Nuclear Weapons | International Bank for Reconstruction and Development | International Telecommunication Union | Andean Community | World Customs Organization | International Finance Corporation | International Development Association | Organisation for the Prohibition of Chemical Weapons | International Centre for Settlement of Investment Disputes | Multilateral Investment Guarantee Agency | Agency for the Prohibition of Nuclear Weapons in Latin America and the Caribbean | Group on Earth Observations
http://www.wikidata.org/entity/Q734,"United Nations | Union of South American Nations | Commonwealth of Nations | UNESCO | World Health Organization | World Trade Organization | Interpol | Universal Postal Union | Organization of American States | World Meteorological Organization | Treaty on the Non-Proliferation of Nuclear Weapons | International Bank for Reconstruction and Development | Caribbean Community | Organisation of African, Caribbean and Pacific States | International Telecommunication Union | Alliance of Small Island States | World Customs Organization | International Finance Corporation | International Development Association | Organisation for the Prohibition of Chemical Weapons | International Centre for Settlement of Investment Disputes | Multilateral Investment Guarantee Agency | Agency for the Prohibition of Nuclear Weapons in Latin America and the Caribbean | Caribbean Development Bank | Caribbean Disaster Emergency Management Agency | Caribbean Free Trade Association"
http://www.wikidata.org/entity/Q37,European Union | United Nations | NATO | UNESCO | World Health Organization | World Trade Organization | Interpol | Council of Europe | Universal Postal Union | Organization for Economic Cooperation and Development | Visa Waiver Program | Organization for Security and Co-operation in Europe | World Meteorological Organization | Treaty on the Non-Proliferation of Nuclear Weapons | International Bank for Reconstruction and Development | International Telecommunication Union | World Customs Organization | International Finance Corporation | Eurocontrol | Baltic Assembly | Council of the Baltic Sea States | International Holocaust Remembrance Alliance | International Development Association | Organisation for the Prohibition of Chemical Weapons | International Centre for Settlement of Investment Disputes | Multilateral Investment Guarantee Agency | Nuclear Suppliers Group | Strategic Airlift Capability | Treaty on Open Skies | Schengen Area | Movement Coordination Centre Europe
http://www.wikidata.org/entity/Q38,European Union | United Nations | International Red Cross and Red Crescent Movement | NATO | International Monetary Fund | UNESCO | World Health Organization | World Trade Organization | Interpol | Council of Europe | Universal Postal Union | G20 | G8 | Organization for Economic Cooperation and Development | International Atomic Energy Agency | European Space Agency | CERN | Visa Waiver Program | International Criminal Court | European Economic Community | International Labour Organization | UN Tourism | Organization for Security and Co-operation in Europe | Food and Agriculture Organization | Latin Union | International Civil Aviation Organization | Office of the United Nations High Commissioner for Refugees | European Air Transport Command | European Southern Observatory | European Coal and Steel Community | World Meteorological Organization | Interparliamentary Union | World Intellectual Property Organization | UN Trade and Development | Antarctic Treaty System | Treaty on the Non-Proliferation of Nuclear Weapons | Asian Development Bank | Western European Union | International Bank for Reconstruction and Development | Union for the Mediterranean | International Maritime Organization | International Hydrographic Organization | Bank for International Settlements | African Development Bank | International Telecommunication Union | United Nations Industrial Development Organization | International Organization for Migration | European Bank for Reconstruction and Development | Organisation for Joint Armament Cooperation | World Customs Organization | International Finance Corporation | Eurocontrol | International Fund for Agricultural Development | United Nations Truce Supervision Organization | Australia Group | International Holocaust Remembrance Alliance | International Energy Agency | International Development Association | Organisation for the Prohibition of Chemical Weapons | International Chamber of Commerce | International Centre for Settlement of Investment Disputes | Multilateral Investment Guarantee Agency | Permanent Court of Arbitration | Missile Technology Control Regime | Inter-American Development Bank | Euro-Atlantic Partnership Council | European Payments Union | Group of Ten | Nuclear Suppliers Group | International Mobile Satellite Organization | G7 | Treaty on Open Skies | Schengen Area | Caribbean Development Bank | Movement Coordination Centre Europe | Group on Earth Observations | Procurement G6 | Q131720477
http://www.wikidata.org/entity/Q736,United Nations | Union of South American Nations | UNESCO | World Health Organization | World Trade Organization | Interpol | Universal Postal Union | Organization of American States | World Meteorological Organization | Antarctic Treaty System | Treaty on the Non-Proliferation of Nuclear Weapons | International Bank for Reconstruction and Development | International Hydrographic Organization | International Telecommunication Union | United Nations–African Union Hybrid Operation in Darfur | Andean Community | World Customs Organization | International Finance Corporation | International Development Association | Organisation for the Prohibition of Chemical Weapons | Multilateral Investment Guarantee Agency | Agency for the Prohibition of Nuclear Weapons in Latin America and the Caribbean | Group on Earth Observations
http://www.wikidata.org/entity/Q739,United Nations | Union of South American Nations | UNESCO | World Health Organization | World Trade Organization | Interpol | Universal Postal Union | Organization for Economic Cooperation and Development | Organization of American States | World Meteorological Organization | Treaty on the Non-Proliferation of Nuclear Weapons | Central American Bank for Economic Integration | International Bank for Reconstruction and Development | International Hydrographic Organization | International Telecommunication Union | Andean Community | World Customs Organization | International Finance Corporation | International Development Association | Organisation for the Prohibition of Chemical Weapons | International Centre for Settlement of Investment Disputes | Multilateral Investment Guarantee Agency | Community of Latin American and Caribbean States | Agency for the Prohibition of Nuclear Weapons in Latin America and the Caribbean | Caribbean Development Bank | Group on Earth Observations
http://www.wikidata.org/entity/Q750,United Nations | Union of South American Nations | Q4264 | UNESCO | World Health Organization | World Trade Organization | Interpol | Universal Postal Union | Organization of American States | World Meteorological Organization | Treaty on the Non-Proliferation of Nuclear Weapons | International Bank for Reconstruction and Development | International Telecommunication Union | Andean Community | World Customs Organization | International Finance Corporation | International Development Association | Organisation for the Prohibition of Chemical Weapons | Rio Group | Multilateral Investment Guarantee Agency | Agency for the Prohibition of Nuclear Weapons in Latin America and the Caribbean
http://www.wikidata.org/entity/Q754,"United Nations | Commonwealth of Nations | UNESCO | World Health Organization | World Trade Organization | Interpol | Universal Postal Union | Organization of American States | World Meteorological Organization | Treaty on the Non-Proliferation of Nuclear Weapons | International Bank for Reconstruction and Development | Caribbean Community | International Hydrographic Organization | Organisation of African, Caribbean and Pacific States | International Telecommunication Union | Alliance of Small Island States | World Customs Organization | International Finance Corporation | International Development Association | Organisation for the Prohibition of Chemical Weapons | International Centre for Settlement of Investment Disputes | Multilateral Investment Guarantee Agency | Agency for the Prohibition of Nuclear Weapons in Latin America and the Caribbean | Caribbean Development Bank | Caribbean Disaster Emergency Management Agency"
http://www.wikidata.org/entity/Q39,United Nations | UNESCO | World Health Organization | World Trade Organization | Interpol | Council of Europe | Universal Postal Union | Organization for Economic Cooperation and Development | European Space Agency | Visa Waiver Program | Organization for Security and Co-operation in Europe | Organisation internationale de la Francophonie | European Southern Observatory | International Civil Defence Organisation | European Free Trade Association | World Meteorological Organization | Treaty on the Non-Proliferation of Nuclear Weapons | Asian Development Bank | International Bank for Reconstruction and Development | African Development Bank | International Telecommunication Union | International Centre for Migration Policy Development | World Customs Organization | International Finance Corporation | Eurocontrol | Australia Group | International Holocaust Remembrance Alliance | International Energy Agency | International Development Association | Organisation for the Prohibition of Chemical Weapons | International Centre for Settlement of Investment Disputes | Multilateral Investment Guarantee Agency | Missile Technology Control Regime | European Payments Union | Nuclear Suppliers Group | Schengen Area | Group on Earth Observations | Q131720477
http://www.wikidata.org/entity/Q40,European Union | United Nations | UNESCO | World Health Organization | World Trade Organization | Interpol | Council of Europe | Universal Postal Union | Organization for Economic Cooperation and Development | Visa Waiver Program | Organization for Security and Co-operation in Europe | European Southern Observatory | European Free Trade Association | World Meteorological Organization | Treaty on the Non-Proliferation of Nuclear Weapons | Asian Development Bank | International Bank for Reconstruction and Development | African Development Bank | International Telecommunication Union | International Centre for Migration Policy Development | World Customs Organization | International Finance Corporation | Eurocontrol | Australia Group | International Holocaust Remembrance Alliance | International Energy Agency | International Development Association | Organisation for the Prohibition of Chemical Weapons | International Centre for Settlement of Investment Disputes | International Military Sports Council | Multilateral Investment Guarantee Agency | Missile Technology Control Regime | European Payments Union | Nuclear Suppliers Group | Schengen Area | Movement Coordination Centre Europe | Group on Earth Observations | International Energy Forum | Q131720477
http://www.wikidata.org/entity/Q41,European Union | United Nations | NATO | UNESCO | World Health Organization | World Trade Organization | Interpol | Council of Europe | European Economic Area | Universal Postal Union | Organization for Economic Cooperation and Development | European Space Agency | Visa Waiver Program | Organization for Security and Co-operation in Europe | Organisation internationale de la Francophonie | World Meteorological Organization | Treaty on the Non-Proliferation of Nuclear Weapons | International Bank for Reconstruction and Development | International Hydrographic Organization | International Telecommunication Union | Organization of the Black Sea Economic Cooperation | International Centre for Migration Policy Development | World Customs Organization | International Finance Corporation | Eurocontrol | Australia Group | International Holocaust Remembrance Alliance | International Energy Agency | International Development Association | Organisation for the Prohibition of Chemical Weapons | International Centre for Settlement of Investment Disputes | Multilateral Investment Guarantee Agency | Missile Technology Control Regime | European Payments Union | Nuclear Suppliers Group | Treaty on Open Skies | Schengen Area | Group on Earth Observations | Q131720477
http://www.wikidata.org/entity/Q757,"United Nations | Commonwealth of Nations | UNESCO | World Health Organization | World Trade Organization | Interpol | Universal Postal Union | Organization of American States | Treaty on the Non-Proliferation of Nuclear Weapons | International Bank for Reconstruction and Development | Caribbean Community | Organisation of African, Caribbean and Pacific States | International Telecommunication Union | Alliance of Small Island States | International Development Association | Organisation for the Prohibition of Chemical Weapons | International Centre for Settlement of Investment Disputes | Multilateral Investment Guarantee Agency | Agency for the Prohibition of Nuclear Weapons in Latin America and the Caribbean | Caribbean Development Bank | Caribbean Disaster Emergency Management Agency"
http://www.wikidata.org/entity/Q760,"United Nations | Commonwealth of Nations | UNESCO | World Health Organization | World Trade Organization | Interpol | Universal Postal Union | Organization of American States | Organisation internationale de la Francophonie | World Meteorological Organization | Treaty on the Non-Proliferation of Nuclear Weapons | International Bank for Reconstruction and Development | Caribbean Community | Organisation of African, Caribbean and Pacific States | International Telecommunication Union | Alliance of Small Island States | World Customs Organization | International Finance Corporation | International Development Association | Organisation for the Prohibition of Chemical Weapons | International Centre for Settlement of Investment Disputes | Multilateral Investment Guarantee Agency | Agency for the Prohibition of Nuclear Weapons in Latin America and the Caribbean | Caribbean Development Bank | Caribbean Disaster Emergency Management Agency"
http://www.wikidata.org/entity/Q763,"United Nations | Commonwealth of Nations | UNESCO | World Health Organization | World Trade Organization | Interpol | Universal Postal Union | Organization of American States | Treaty on the Non-Proliferation of Nuclear Weapons | International Bank for Reconstruction and Development | Caribbean Community | Organisation of African, Caribbean and Pacific States | International Telecommunication Union | Alliance of Small Island States | International Finance Corporation | International Development Association | Organisation for the Prohibition of Chemical Weapons | International Centre for Settlement of Investment Disputes | Multilateral Investment Guarantee Agency | Agency for the Prohibition of Nuclear Weapons in Latin America and the Caribbean | Caribbean Development Bank | Caribbean Disaster Emergency Management Agency"
http://www.wikidata.org/entity/Q766,"United Nations | Commonwealth of Nations | UNESCO | World Health Organization | World Trade Organization | Interpol | Universal Postal Union | Organization of American States | World Meteorological Organization | Treaty on the Non-Proliferation of Nuclear Weapons | International Bank for Reconstruction and Development | Caribbean Community | International Hydrographic Organization | Organisation of African, Caribbean and Pacific States | International Telecommunication Union | United Nations–African Union Hybrid Operation in Darfur | Alliance of Small Island States | World Customs Organization | International Finance Corporation | Organisation for the Prohibition of Chemical Weapons | International Centre for Settlement of Investment Disputes | Multilateral Investment Guarantee Agency | Agency for the Prohibition of Nuclear Weapons in Latin America and the Caribbean | Caribbean Development Bank | Caribbean Disaster Emergency Management Agency"
http://www.wikidata.org/entity/Q43,United Nations | NATO | UNESCO | World Health Organization | World Trade Organization | Interpol | Council of Europe | Universal Postal Union | G20 | League of Nations | Organization for Economic Cooperation and Development | Organisation of Islamic Cooperation | Organization for Security and Co-operation in Europe | World Meteorological Organization | Treaty on the Non-Proliferation of Nuclear Weapons | Asian Development Bank | International Bank for Reconstruction and Development | International Hydrographic Organization | African Development Bank | International Telecommunication Union | Organization of the Black Sea Economic Cooperation | United Nations–African Union Hybrid Operation in Darfur | International Centre for Migration Policy Development | Organization of Turkic States | World Customs Organization | International Finance Corporation | Eurocontrol | Australia Group | International Energy Agency | International Development Association | Organisation for the Prohibition of Chemical Weapons | MIKTA | International Centre for Settlement of Investment Disputes | Multilateral Investment Guarantee Agency | Missile Technology Control Regime | European Payments Union | Nuclear Suppliers Group | Treaty on Open Skies | Movement Coordination Centre Europe | Group on Earth Observations
http://www.wikidata.org/entity/Q45,European Union | United Nations | NATO | UNESCO | World Health Organization | World Trade Organization | Interpol | Council of Europe | European Economic Area | Universal Postal Union | Organization for Economic Cooperation and Development | European Space Agency | Visa Waiver Program | Organization for Security and Co-operation in Europe | European Southern Observatory | International Civil Defence Organisation | European Free Trade Association | World Meteorological Organization | Community of Portuguese Language Countries | Treaty on the Non-Proliferation of Nuclear Weapons | Asian Development Bank | International Bank for Reconstruction and Development | International Hydrographic Organization | African Development Bank | International Telecommunication Union | International Centre for Migration Policy Development | World Customs Organization | International Finance Corporation | Eurocontrol | Australia Group | International Holocaust Remembrance Alliance | International Energy Agency | International Development Association | Organisation for the Prohibition of Chemical Weapons | International Centre for Settlement of Investment Disputes | Multilateral Investment Guarantee Agency | Missile Technology Control Regime | European Payments Union | Nuclear Suppliers Group | Treaty on Open Skies | Schengen Area | Movement Coordination Centre Europe | Group on Earth Observations | Q131720477
http://www.wikidata.org/entity/Q769,"United Nations | Commonwealth of Nations | UNESCO | World Health Organization | World Trade Organization | Interpol | ALBA | Universal Postal Union | Organization of American States | Treaty on the Non-Proliferation of Nuclear Weapons | International Bank for Reconstruction and Development | Caribbean Community | Organisation of African, Caribbean and Pacific States | International Telecommunication Union | Alliance of Small Island States | International Finance Corporation | International Development Association | Organisation for the Prohibition of Chemical Weapons | International Centre for Settlement of Investment Disputes | Multilateral Investment Guarantee Agency | Petrocaribe | Agency for the Prohibition of Nuclear Weapons in Latin America and the Caribbean | Caribbean Development Bank | Caribbean Disaster Emergency Management Agency"
http://www.wikidata.org/entity/Q774,United Nations | UNESCO | World Health Organization | World Trade Organization | Interpol | Universal Postal Union | Organization of American States | World Meteorological Organization | Treaty on the Non-Proliferation of Nuclear Weapons | Central American Bank for Economic Integration | Central American Common Market | International Bank for Reconstruction and Development | International Hydrographic Organization | International Telecommunication Union | World Customs Organization | International Finance Corporation | International Development Association | Organisation for the Prohibition of Chemical Weapons | International Centre for Settlement of Investment Disputes | Multilateral Investment Guarantee Agency | International Regional Organization for Agricultural Health | Agency for the Prohibition of Nuclear Weapons in Latin America and the Caribbean
http://www.wikidata.org/entity/Q778,"United Nations | Commonwealth of Nations | UNESCO | World Health Organization | Interpol | Universal Postal Union | Organization of American States | World Meteorological Organization | Treaty on the Non-Proliferation of Nuclear Weapons | International Bank for Reconstruction and Development | Caribbean Community | Organisation of African, Caribbean and Pacific States | International Telecommunication Union | International Renewable Energy Agency | Alliance of Small Island States | World Customs Organization | International Finance Corporation | International Development Association | Organisation for the Prohibition of Chemical Weapons | International Centre for Settlement of Investment Disputes | Multilateral Investment Guarantee Agency | Agency for the Prohibition of Nuclear Weapons in Latin America and the Caribbean | Caribbean Development Bank | Caribbean Disaster Emergency Management Agency | Group on Earth Observations"
http://www.wikidata.org/entity/Q781,"United Nations | Commonwealth of Nations | UNESCO | World Health Organization | World Trade Organization | Interpol | Universal Postal Union | Organization of American States | World Meteorological Organization | Treaty on the Non-Proliferation of Nuclear Weapons | International Bank for Reconstruction and Development | Caribbean Community | Organisation of African, Caribbean and Pacific States | International Telecommunication Union | Alliance of Small Island States | World Customs Organization | International Finance Corporation | Organisation for the Prohibition of Chemical Weapons | Multilateral Investment Guarantee Agency | Agency for the Prohibition of Nuclear Weapons in Latin America and the Caribbean | Caribbean Development Bank | Caribbean Disaster Emergency Management Agency | Caribbean Free Trade Association"
http://www.wikidata.org/entity/Q783,United Nations | UNESCO | World Health Organization | World Trade Organization | Interpol | Universal Postal Union | Organization of American States | World Meteorological Organization | Treaty on the Non-Proliferation of Nuclear Weapons | Central American Bank for Economic Integration | Central American Common Market | International Bank for Reconstruction and Development | International Telecommunication Union | World Customs Organization | International Finance Corporation | International Development Association | Organisation for the Prohibition of Chemical Weapons | International Centre for Settlement of Investment Disputes | Multilateral Investment Guarantee Agency | International Regional Organization for Agricultural Health | Agency for the Prohibition of Nuclear Weapons in Latin America and the Caribbean | Group on Earth Observations
http://www.wikidata.org/entity/Q77,United Nations | Union of South American Nations | Q4264 | UNESCO | World Health Organization | World Trade Organization | Interpol | Universal Postal Union | International Labour Organization | Organization of American States | World Meteorological Organization | International Bank for Reconstruction and Development | International Hydrographic Organization | International Telecommunication Union | Andean Community | World Customs Organization | International Finance Corporation | Organisation for the Prohibition of Chemical Weapons | International Centre for Settlement of Investment Disputes | Multilateral Investment Guarantee Agency | Digital Nations | Agency for the Prohibition of Nuclear Weapons in Latin America and the Caribbean | Group on Earth Observations
http://www.wikidata.org/entity/Q79,United Nations | African Union | League of Arab States | UNESCO | World Health Organization | World Trade Organization | Interpol | Universal Postal Union | Organisation of Islamic Cooperation | Organisation internationale de la Francophonie | International Civil Defence Organisation | World Meteorological Organization | Treaty on the Non-Proliferation of Nuclear Weapons | International Bank for Reconstruction and Development | International Hydrographic Organization | BRICS | African Development Bank | International Telecommunication Union | United Nations–African Union Hybrid Operation in Darfur | World Customs Organization | Arab Monetary Fund | International Finance Corporation | International Development Association | International Centre for Settlement of Investment Disputes | Multilateral Investment Guarantee Agency | Arab Fund for Economic and Social Development | Arab Bank for Economic Development in Africa | Group on Earth Observations | African Continental Free Trade Area
http://www.wikidata.org/entity/Q96,United Nations | Q4264 | International Red Cross and Red Crescent Movement | UNESCO | World Health Organization | World Trade Organization | Interpol | Universal Postal Union | G20 | National Aeronautics and Space Administration | United Nations Economic Commission for Latin America and the Caribbean | International Olympic Committee | Organization for Economic Cooperation and Development | International Atomic Energy Agency | International Criminal Court | International Coffee Organization | Food and Agriculture Organization | Non-Aligned Movement | Organization of American States | International Civil Aviation Organization | World Meteorological Organization | Asia-Pacific Economic Cooperation | North American Free Trade Agreement | UN Trade and Development | Treaty on the Non-Proliferation of Nuclear Weapons | Central American Bank for Economic Integration | International Bank for Reconstruction and Development | International Hydrographic Organization | Bank for International Settlements | International Telecommunication Union | American Convention on Human Rights | International Organization for Migration | World Customs Organization | Latin American Integration Association | International Finance Corporation | International Fund for Agricultural Development | Australia Group | International Development Association | Organisation for the Prohibition of Chemical Weapons | Rio Group | Group of 15 | Multilateral Investment Guarantee Agency | Community of Latin American and Caribbean States | International Trade Union Confederation | Inter-American Development Bank | Nuclear Suppliers Group | Conference on Disarmament | Agency for the Prohibition of Nuclear Weapons in Latin America and the Caribbean | Caribbean Development Bank | Group on Earth Observations | United States–Mexico–Canada Agreement
http://www.wikidata.org/entity/Q784,"United Nations | Commonwealth of Nations | UNESCO | World Health Organization | World Trade Organization | Interpol | Universal Postal Union | Organization of American States | Organisation internationale de la Francophonie | World Meteorological Organization | Treaty on the Non-Proliferation of Nuclear Weapons | International Bank for Reconstruction and Development | Caribbean Community | Organisation of African, Caribbean and Pacific States | International Telecommunication Union | Alliance of Small Island States | International Finance Corporation | International Development Association | Organisation for the Prohibition of Chemical Weapons | Multilateral Investment Guarantee Agency | Agency for the Prohibition of Nuclear Weapons in Latin America and the Caribbean | Caribbean Development Bank | Caribbean Disaster Emergency Management Agency"
http://www.wikidata.org/entity/Q786,"United Nations | UNESCO | World Health Organization | World Trade Organization | Interpol | Universal Postal Union | Organization of American States | World Meteorological Organization | Treaty on the Non-Proliferation of Nuclear Weapons | Central American Bank for Economic Integration | International Bank for Reconstruction and Development | International Hydrographic Organization | Organisation of African, Caribbean and Pacific States | International Telecommunication Union | Alliance of Small Island States | World Customs Organization | International Finance Corporation | International Development Association | Organisation for the Prohibition of Chemical Weapons | Multilateral Investment Guarantee Agency | International Regional Organization for Agricultural Health | Agency for the Prohibition of Nuclear Weapons in Latin America and the Caribbean | Caribbean Forum"
http://www.wikidata.org/entity/Q790,"United Nations | UNESCO | World Health Organization | World Trade Organization | Interpol | Universal Postal Union | Organization of American States | Organisation internationale de la Francophonie | International Civil Defence Organisation | World Meteorological Organization | Treaty on the Non-Proliferation of Nuclear Weapons | International Bank for Reconstruction and Development | Caribbean Community | Organisation of African, Caribbean and Pacific States | International Telecommunication Union | Alliance of Small Island States | World Customs Organization | International Finance Corporation | International Development Association | Organisation for the Prohibition of Chemical Weapons | International Centre for Settlement of Investment Disputes | Multilateral Investment Guarantee Agency | Agency for the Prohibition of Nuclear Weapons in Latin America and the Caribbean | Caribbean Development Bank | Caribbean Disaster Emergency Management Agency"
http://www.wikidata.org/entity/Q792,United Nations | UNESCO | World Health Organization | World Trade Organization | Interpol | Universal Postal Union | Organization of American States | International Civil Defence Organisation | World Meteorological Organization | Treaty on the Non-Proliferation of Nuclear Weapons | Central American Bank for Economic Integration | Central American Common Market | International Bank for Reconstruction and Development | International Telecommunication Union | World Customs Organization | International Finance Corporation | International Development Association | Organisation for the Prohibition of Chemical Weapons | International Centre for Settlement of Investment Disputes | Multilateral Investment Guarantee Agency | International Regional Organization for Agricultural Health | Agency for the Prohibition of Nuclear Weapons in Latin America and the Caribbean
http://www.wikidata.org/entity/Q114,"United Nations | African Union | Commonwealth of Nations | UNESCO | World Health Organization | World Trade Organization | Interpol | Universal Postal Union | World Meteorological Organization | Treaty on the Non-Proliferation of Nuclear Weapons | International Bank for Reconstruction and Development | Organisation of African, Caribbean and Pacific States | African Development Bank | International Telecommunication Union | United Nations–African Union Hybrid Operation in Darfur | World Customs Organization | International Finance Corporation | International Development Association | Organisation for the Prohibition of Chemical Weapons | International Centre for Settlement of Investment Disputes | Multilateral Investment Guarantee Agency | Group on Earth Observations | African Continental Free Trade Area"
http://www.wikidata.org/entity/Q115,"United Nations | African Union | UNESCO | World Health Organization | Interpol | Universal Postal Union | World Meteorological Organization | Treaty on the Non-Proliferation of Nuclear Weapons | International Bank for Reconstruction and Development | BRICS | Organisation of African, Caribbean and Pacific States | African Development Bank | International Telecommunication Union | United Nations–African Union Hybrid Operation in Darfur | World Customs Organization | International Finance Corporation | International Development Association | Organisation for the Prohibition of Chemical Weapons | Multilateral Investment Guarantee Agency | Group on Earth Observations | African Continental Free Trade Area | Carbon Neutrality Coalition"
http://www.wikidata.org/entity/Q117,"United Nations | African Union | Commonwealth of Nations | UNESCO | World Health Organization | World Trade Organization | Interpol | Universal Postal Union | International Civil Defence Organisation | World Meteorological Organization | Treaty on the Non-Proliferation of Nuclear Weapons | International Bank for Reconstruction and Development | Economic Community of West African States | Organisation of African, Caribbean and Pacific States | African Development Bank | International Telecommunication Union | United Nations–African Union Hybrid Operation in Darfur | World Customs Organization | International Finance Corporation | International Development Association | Organisation for the Prohibition of Chemical Weapons | International Centre for Settlement of Investment Disputes | Multilateral Investment Guarantee Agency | Group on Earth Observations | African Continental Free Trade Area"
http://www.wikidata.org/entity/Q142,European Union | United Nations | NATO | UNESCO | World Health Organization | World Trade Organization | Interpol | Council of Europe | Universal Postal Union | G20 | G8 | United Nations Security Council | League of Nations | Organization for Economic Cooperation and Development | European Space Agency | CERN | Visa Waiver Program | European Economic Community | Organization for Security and Co-operation in Europe | Organisation internationale de la Francophonie | European Air Transport Command | European Southern Observatory | European Coal and Steel Community | International Civil Defence Organisation | World Meteorological Organization | Antarctic Treaty System | Treaty on the Non-Proliferation of Nuclear Weapons | Asian Development Bank | states with nuclear weapons | International Bank for Reconstruction and Development | International Hydrographic Organization | Southeast Asia Treaty Organization | African Development Bank | International Telecommunication Union | Organisation for Joint Armament Cooperation | World Customs Organization | International Finance Corporation | Eurocontrol | Australia Group | International Holocaust Remembrance Alliance | International Energy Agency | International Development Association | Organisation for the Prohibition of Chemical Weapons | International Centre for Settlement of Investment Disputes | Multilateral Investment Guarantee Agency | Missile Technology Control Regime | Open Government Partnership | European Payments Union | Nuclear Suppliers Group | G7 | Treaty on Open Skies | Schengen Area | Movement Coordination Centre Europe | Group on Earth Observations | Q131720477
http://www.wikidata.org/entity/Q794,United Nations | Organization of the Petroleum Exporting Countries | UNESCO | World Health Organization | Interpol | Universal Postal Union | Organisation of Islamic Cooperation | Non-Aligned Movement | Treaty on the Non-Proliferation of Nuclear Weapons | International Bank for Reconstruction and Development | International Hydrographic Organization | BRICS | International Telecommunication Union | United Nations–African Union Hybrid Operation in Darfur | World Customs Organization | International Finance Corporation | International Development Association | Organisation for the Prohibition of Chemical Weapons | Multilateral Investment Guarantee Agency | Group on Earth Observations
http://www.wikidata.org/entity/Q796,United Nations | League of Arab States | Organization of the Petroleum Exporting Countries | UNESCO | World Health Organization | Interpol | Universal Postal Union | Organisation of Islamic Cooperation | International Civil Defence Organisation | World Meteorological Organization | Treaty on the Non-Proliferation of Nuclear Weapons | International Bank for Reconstruction and Development | International Telecommunication Union | World Customs Organization | Arab Monetary Fund | International Finance Corporation | International Development Association | Organisation for the Prohibition of Chemical Weapons | Multilateral Investment Guarantee Agency | Arab Fund for Economic and Social Development | Arab Bank for Economic Development in Africa
http://www.wikidata.org/entity/Q800,United Nations | UNESCO | World Health Organization | World Trade Organization | Interpol | Universal Postal Union | Organization for Economic Cooperation and Development | Organization of American States | World Meteorological Organization | Treaty on the Non-Proliferation of Nuclear Weapons | Central American Bank for Economic Integration | Central American Common Market | International Bank for Reconstruction and Development | International Telecommunication Union | World Customs Organization | International Finance Corporation | International Development Association | Organisation for the Prohibition of Chemical Weapons | International Centre for Settlement of Investment Disputes | Multilateral Investment Guarantee Agency | International Regional Organization for Agricultural Health | Agency for the Prohibition of Nuclear Weapons in Latin America and the Caribbean | Group on Earth Observations
http://www.wikidata.org/entity/Q804,United Nations | UNESCO | World Health Organization | World Trade Organization | Interpol | Universal Postal Union | Organization of American States | World Meteorological Organization | Treaty on the Non-Proliferation of Nuclear Weapons | Central American Bank for Economic Integration | International Bank for Reconstruction and Development | International Telecommunication Union | World Customs Organization | International Finance Corporation | International Development Association | Organisation for the Prohibition of Chemical Weapons | International Centre for Settlement of Investment Disputes | Multilateral Investment Guarantee Agency | International Regional Organization for Agricultural Health | Agency for the Prohibition of Nuclear Weapons in Latin America and the Caribbean | Group on Earth Observations
http://www.wikidata.org/entity/Q805,United Nations | League of Arab States | UNESCO | World Health Organization | Interpol | Universal Postal Union | Organisation of Islamic Cooperation | International Civil Defence Organisation | World Meteorological Organization | Treaty on the Non-Proliferation of Nuclear Weapons | International Bank for Reconstruction and Development | International Telecommunication Union | United Nations–African Union Hybrid Operation in Darfur | World Customs Organization | Arab Monetary Fund | International Finance Corporation | International Development Association | Organisation for the Prohibition of Chemical Weapons | International Centre for Settlement of Investment Disputes | Multilateral Investment Guarantee Agency | Arab Fund for Economic and Social Development
http://www.wikidata.org/entity/Q145,European Union | United Nations | NATO | World Health Organization | World Trade Organization | Interpol | Council of Europe | Universal Postal Union | G20 | G8 | Organization for Economic Cooperation and Development | European Space Agency | Visa Waiver Program | Organization for Security and Co-operation in Europe | European Southern Observatory | European Free Trade Association | World Meteorological Organization | Treaty on the Non-Proliferation of Nuclear Weapons | Asian Development Bank | states with nuclear weapons | International Bank for Reconstruction and Development | International Hydrographic Organization | Southeast Asia Treaty Organization | African Development Bank | International Telecommunication Union | Organisation for Joint Armament Cooperation | World Customs Organization | International Finance Corporation | Eurocontrol | Australia Group | International Holocaust Remembrance Alliance | International Energy Agency | International Development Association | Organisation for the Prohibition of Chemical Weapons | International Centre for Settlement of Investment Disputes | Multilateral Investment Guarantee Agency | Missile Technology Control Regime | Nuclear Suppliers Group | G7 | Treaty on Open Skies | ANZUK | ABCANZ Armies | Caribbean Development Bank | Movement Coordination Centre Europe | AUSCANNZUKUS | Air Force Interoperability Council | Combined Communications-Electronics Board | Group on Earth Observations | The Technical Cooperation Program | Five Eyes | AUKUS | Q131720477
http://www.wikidata.org/entity/Q148,United Nations | UNESCO | World Health Organization | World Trade Organization | Interpol | Universal Postal Union | G20 | United Nations Security Council | International Civil Defence Organisation | World Meteorological Organization | Asia-Pacific Economic Cooperation | Antarctic Treaty System | Treaty on the Non-Proliferation of Nuclear Weapons | Asian Development Bank | states with nuclear weapons | International Bank for Reconstruction and Development | International Hydrographic Organization | BRICS | African Development Bank | International Telecommunication Union | United Nations–African Union Hybrid Operation in Darfur | Shanghai Cooperation Organisation | World Customs Organization | International Finance Corporation | International Development Association | BRIC | Organisation for the Prohibition of Chemical Weapons | International Centre for Settlement of Investment Disputes | Multilateral Investment Guarantee Agency | Nuclear Suppliers Group | Caribbean Development Bank | Group on Earth Observations | ASEAN Regional Forum
http://www.wikidata.org/entity/Q810,United Nations | League of Arab States | UNESCO | World Health Organization | World Trade Organization | Interpol | Universal Postal Union | Organisation of Islamic Cooperation | International Civil Defence Organisation | World Meteorological Organization | Treaty on the Non-Proliferation of Nuclear Weapons | International Bank for Reconstruction and Development | International Telecommunication Union | United Nations–African Union Hybrid Operation in Darfur | World Customs Organization | Arab Monetary Fund | International Finance Corporation | International Development Association | Organisation for the Prohibition of Chemical Weapons | International Centre for Settlement of Investment Disputes | Multilateral Investment Guarantee Agency | Arab Fund for Economic and Social Development | Arab Bank for Economic Development in Africa
http://www.wikidata.org/entity/Q811,United Nations | UNESCO | World Health Organization | World Trade Organization | Interpol | Universal Postal Union | Organization of American States | International Civil Defence Organisation | World Meteorological Organization | Treaty on the Non-Proliferation of Nuclear Weapons | Central American Bank for Economic Integration | Central American Common Market | International Bank for Reconstruction and Development | International Telecommunication Union | World Customs Organization | International Finance Corporation | International Development Association | Organisation for the Prohibition of Chemical Weapons | International Centre for Settlement of Investment Disputes | Multilateral Investment Guarantee Agency | International Regional Organization for Agricultural Health | Agency for the Prohibition of Nuclear Weapons in Latin America and the Caribbean
http://www.wikidata.org/entity/Q813,United Nations | Commonwealth of Independent States | UNESCO | World Health Organization | World Trade Organization | Interpol | Universal Postal Union | Organisation of Islamic Cooperation | Organization for Security and Co-operation in Europe | International Civil Defence Organisation | World Meteorological Organization | Treaty on the Non-Proliferation of Nuclear Weapons | Asian Development Bank | International Bank for Reconstruction and Development | Collective Security Treaty Organization | International Telecommunication Union | United Nations–African Union Hybrid Operation in Darfur | Shanghai Cooperation Organisation | Organization of Turkic States | World Customs Organization | International Finance Corporation | International Development Association | Organisation for the Prohibition of Chemical Weapons | Multilateral Investment Guarantee Agency | Commonwealth of Independent States Free Trade Area | Treaty on Open Skies | Central Asian Cooperation Organization
http://www.wikidata.org/entity/Q817,United Nations | League of Arab States | Organization of the Petroleum Exporting Countries | UNESCO | World Health Organization | World Trade Organization | Interpol | Universal Postal Union | Organisation of Islamic Cooperation | International Civil Defence Organisation | World Meteorological Organization | Treaty on the Non-Proliferation of Nuclear Weapons | International Bank for Reconstruction and Development | International Hydrographic Organization | African Development Bank | International Telecommunication Union | World Customs Organization | Arab Monetary Fund | International Finance Corporation | International Development Association | Organisation for the Prohibition of Chemical Weapons | International Centre for Settlement of Investment Disputes | Multilateral Investment Guarantee Agency | Arab Fund for Economic and Social Development | Arab Bank for Economic Development in Africa
http://www.wikidata.org/entity/Q155,United Nations | Union of South American Nations | Q4264 | UNESCO | World Health Organization | World Trade Organization | Interpol | Universal Postal Union | G20 | International Criminal Court | South Atlantic Peace and Cooperation Zone | Latin Union | Organization of American States | European Southern Observatory | World Meteorological Organization | Community of Portuguese Language Countries | International Bank for Reconstruction and Development | BRICS | ABC nations | African Development Bank | International Telecommunication Union | Summits of the Americas | Andean Community | Latin American and Caribbean Parliament | Ibero-American Summit | Amazon Cooperation Treaty Organization | Latin American and the Caribbean Economic System | Latin American Integration Association | International Finance Corporation | International Development Association | BRIC | G4 nations | Organisation for the Prohibition of Chemical Weapons | Rio Group | Cairns Group | Multilateral Investment Guarantee Agency | Community of Latin American and Caribbean States | Missile Technology Control Regime | Nuclear Suppliers Group | G8+5 | IBSA Dialogue Forum | Summit of South American-Arab Countries | Agency for the Prohibition of Nuclear Weapons in Latin America and the Caribbean | Group on Earth Observations | Forum of East Asia–Latin America Cooperation
http://www.wikidata.org/entity/Q159,United Nations | Commonwealth of Independent States | UNESCO | World Health Organization | World Trade Organization | Interpol | Universal Postal Union | G20 | United Nations Security Council | Organization for Security and Co-operation in Europe | International Civil Defence Organisation | Union State | World Meteorological Organization | Asia-Pacific Economic Cooperation | states with nuclear weapons | International Bank for Reconstruction and Development | International Hydrographic Organization | BRICS | Collective Security Treaty Organization | International Telecommunication Union | Organization of the Black Sea Economic Cooperation | Shanghai Cooperation Organisation | International Finance Corporation | Arctic Council | Council of the Baltic Sea States | International Development Association | BRIC | Organisation for the Prohibition of Chemical Weapons | Multilateral Investment Guarantee Agency | Missile Technology Control Regime | Nuclear Suppliers Group | Commonwealth of Independent States Free Trade Area | Treaty on Open Skies | Central Asian Cooperation Organization | Barents Euro-Arctic Council | Group on Earth Observations | ASEAN Regional Forum
http://www.wikidata.org/entity/Q819,United Nations | Association of Southeast Asian Nations | UNESCO | World Health Organization | Interpol | Organisation internationale de la Francophonie | World Meteorological Organization | Treaty on the Non-Proliferation of Nuclear Weapons | Asian Development Bank | International Bank for Reconstruction and Development | World Customs Organization | International Finance Corporation | International Development Association | Organisation for the Prohibition of Chemical Weapons | Multilateral Investment Guarantee Agency | ASEAN Regional Forum
http://www.wikidata.org/entity/Q822,United Nations | League of Arab States | UNESCO | World Health Organization | Interpol | Universal Postal Union | Organisation of Islamic Cooperation | Organisation internationale de la Francophonie | International Civil Defence Organisation | World Meteorological Organization | Treaty on the Non-Proliferation of Nuclear Weapons | International Bank for Reconstruction and Development | International Telecommunication Union | World Customs Organization | Arab Monetary Fund | International Finance Corporation | International Development Association | Organisation for the Prohibition of Chemical Weapons | International Centre for Settlement of Investment Disputes | Multilateral Investment Guarantee Agency | Arab Fund for Economic and Social Development | Arab Bank for Economic Development in Africa
http://www.wikidata.org/entity/Q826,United Nations | Commonwealth of Nations | UNESCO | World Health Organization | World Trade Organization | Interpol | Universal Postal Union | Organisation of Islamic Cooperation | World Meteorological Organization | Treaty on the Non-Proliferation of Nuclear Weapons | Asian Development Bank | International Bank for Reconstruction and Development | International Telecommunication Union | Alliance of Small Island States | World Customs Organization | International Finance Corporation | International Development Association | Organisation for the Prohibition of Chemical Weapons | Multilateral Investment Guarantee Agency
http://www.wikidata.org/entity/Q833,United Nations | Association of Southeast Asian Nations | Commonwealth of Nations | UNESCO | World Health Organization | World Trade Organization | Interpol | Universal Postal Union | Organisation of Islamic Cooperation | International Civil Defence Organisation | World Meteorological Organization | Asia-Pacific Economic Cooperation | Treaty on the Non-Proliferation of Nuclear Weapons | Asian Development Bank | International Bank for Reconstruction and Development | International Hydrographic Organization | International Telecommunication Union | World Customs Organization | International Finance Corporation | International Development Association | Organisation for the Prohibition of Chemical Weapons | International Centre for Settlement of Investment Disputes | Multilateral Investment Guarantee Agency | Group on Earth Observations | ASEAN Regional Forum
http://www.wikidata.org/entity/Q836,United Nations | Association of Southeast Asian Nations | UNESCO | World Health Organization | World Trade Organization | Interpol | Universal Postal Union | World Meteorological Organization | Asian Development Bank | International Bank for Reconstruction and Development | International Hydrographic Organization | International Telecommunication Union | World Customs Organization | International Finance Corporation | Bay of Bengal Initiative for Multi-Sectoral Technical and Economic Cooperation | International Development Association | Organisation for the Prohibition of Chemical Weapons | Multilateral Investment Guarantee Agency | ASEAN Regional Forum
http://www.wikidata.org/entity/Q183,"European Union | United Nations | World Bank | NATO | International Monetary Fund | UNESCO | World Health Organization | World Trade Organization | eurozone | Interpol | Council of Europe | European Atomic Energy Community | European Economic Area | Universal Postal Union | G20 | G8 | Organization for Economic Cooperation and Development | International Atomic Energy Agency | European Space Agency | Visa Waiver Program | International Labour Organization | UN Tourism | Organization for Security and Co-operation in Europe | Food and Agriculture Organization | International Civil Aviation Organization | European Air Transport Command | European Southern Observatory | European Coal and Steel Community | World Meteorological Organization | World Intellectual Property Organization | Antarctic Treaty System | European Convention on Human Rights | Treaty on the Non-Proliferation of Nuclear Weapons | Asian Development Bank | Western European Union | International Bank for Reconstruction and Development | General Agreement on Tariffs and Trade | International Maritime Organization | United Nations Framework Convention on Climate Change | Berne Convention for the Protection of Literary and Artistic Works | International Hydrographic Organization | United Nations Convention to Combat Desertification | African Development Bank | Comprehensive Nuclear-Test-Ban Treaty Organization | International Telecommunication Union | United Nations–African Union Hybrid Operation in Darfur | United Nations Industrial Development Organization | International Centre for Migration Policy Development | Organisation for Joint Armament Cooperation | Weimar Triangle | World Customs Organization | International Finance Corporation | Eurocontrol | International Fund for Agricultural Development | International Commission for the Protection of the Danube River | Australia Group | Council of the Baltic Sea States | International Holocaust Remembrance Alliance | International Energy Agency | International Development Association | G4 nations | Organisation for the Prohibition of Chemical Weapons | International Centre for Settlement of Investment Disputes | International Military Sports Council | Multilateral Investment Guarantee Agency | Paris Charter | Convention on the Rights of Persons with Disabilities | Missile Technology Control Regime | European Payments Union | Nuclear Suppliers Group | IT Planning Council | International Commission for the Protection of the Rhine | G7 | Treaty on Open Skies | Schengen Area | Economic, Monetary and Social Union | Caribbean Development Bank | Movement Coordination Centre Europe | Group on Earth Observations | Q131720477"
http://www.wikidata.org/entity/Q184,United Nations | Commonwealth of Independent States | UNESCO | World Health Organization | Interpol | Universal Postal Union | Organization for Security and Co-operation in Europe | Non-Aligned Movement | International Civil Defence Organisation | Union State | World Meteorological Organization | Treaty on the Non-Proliferation of Nuclear Weapons | International Bank for Reconstruction and Development | Eastern Partnership | Collective Security Treaty Organization | International Telecommunication Union | Eurasian Economic Community | World Customs Organization | International Finance Corporation | Organisation for the Prohibition of Chemical Weapons | International Centre for Settlement of Investment Disputes | Multilateral Investment Guarantee Agency | Nuclear Suppliers Group | Commonwealth of Independent States Free Trade Area | Treaty on Open Skies
http://www.wikidata.org/entity/Q837,United Nations | UNESCO | World Health Organization | World Trade Organization | Interpol | Universal Postal Union | World Meteorological Organization | Treaty on the Non-Proliferation of Nuclear Weapons | Asian Development Bank | International Bank for Reconstruction and Development | International Telecommunication Union | United Nations–African Union Hybrid Operation in Darfur | World Customs Organization | International Finance Corporation | Bay of Bengal Initiative for Multi-Sectoral Technical and Economic Cooperation | International Development Association | Organisation for the Prohibition of Chemical Weapons | International Centre for Settlement of Investment Disputes | Multilateral Investment Guarantee Agency | Group on Earth Observations
http://www.wikidata.org/entity/Q842,United Nations | League of Arab States | UNESCO | World Health Organization | World Trade Organization | Interpol | Universal Postal Union | Organisation of Islamic Cooperation | International Civil Defence Organisation | World Meteorological Organization | World Intellectual Property Organization | Treaty on the Non-Proliferation of Nuclear Weapons | International Bank for Reconstruction and Development | International Maritime Organization | United Nations Convention on the Law of the Sea | Cooperation Council for the Arab States of the Persian Gulf | International Hydrographic Organization | International Telecommunication Union | International Renewable Energy Agency | International Organization for Migration | World Customs Organization | Arab Monetary Fund | International Finance Corporation | International Fund for Agricultural Development | International Development Association | Organisation for the Prohibition of Chemical Weapons | International Centre for Settlement of Investment Disputes | Multilateral Investment Guarantee Agency | Arab Fund for Economic and Social Development | Arab Bank for Economic Development in Africa | Arab Information and Communication Technologies Organization | Group on Earth Observations | Q12183902
http://www.wikidata.org/entity/Q843,United Nations | Commonwealth of Nations | UNESCO | World Health Organization | World Trade Organization | Interpol | Universal Postal Union | Organisation of Islamic Cooperation | International Civil Defence Organisation | World Meteorological Organization | Asian Development Bank | states with nuclear weapons | International Bank for Reconstruction and Development | International Hydrographic Organization | Southeast Asia Treaty Organization | International Telecommunication Union | United Nations–African Union Hybrid Operation in Darfur | Shanghai Cooperation Organisation | World Customs Organization | International Finance Corporation | Organisation for the Prohibition of Chemical Weapons | International Centre for Settlement of Investment Disputes | Multilateral Investment Guarantee Agency | Group on Earth Observations | ASEAN Regional Forum
http://www.wikidata.org/entity/Q846,United Nations | League of Arab States | UNESCO | World Health Organization | World Trade Organization | Interpol | Universal Postal Union | Organisation of Islamic Cooperation | International Civil Defence Organisation | World Meteorological Organization | Treaty on the Non-Proliferation of Nuclear Weapons | International Bank for Reconstruction and Development | International Hydrographic Organization | International Telecommunication Union | World Customs Organization | Arab Monetary Fund | International Finance Corporation | Organisation for the Prohibition of Chemical Weapons | International Centre for Settlement of Investment Disputes | Multilateral Investment Guarantee Agency | Arab Fund for Economic and Social Development | Arab Bank for Economic Development in Africa
http://www.wikidata.org/entity/Q189,United Nations | NATO | UNESCO | World Health Organization | World Trade Organization | Interpol | Council of Europe | European Economic Area | Universal Postal Union | Organization for Economic Cooperation and Development | Visa Waiver Program | Organization for Security and Co-operation in Europe | Nordic Council | European Free Trade Association | World Meteorological Organization | Treaty on the Non-Proliferation of Nuclear Weapons | International Bank for Reconstruction and Development | International Hydrographic Organization | International Telecommunication Union | World Customs Organization | International Finance Corporation | Arctic Council | Australia Group | Council of the Baltic Sea States | International Development Association | Organisation for the Prohibition of Chemical Weapons | International Centre for Settlement of Investment Disputes | Multilateral Investment Guarantee Agency | Missile Technology Control Regime | European Payments Union | Nuclear Suppliers Group | Treaty on Open Skies | Schengen Area | Barents Euro-Arctic Council | Group on Earth Observations
http://www.wikidata.org/entity/Q191,European Union | United Nations | NATO | UNESCO | World Health Organization | World Trade Organization | Interpol | Council of Europe | European Economic Area | Universal Postal Union | League of Nations | Organization for Economic Cooperation and Development | International Atomic Energy Agency | Visa Waiver Program | Organization for Security and Co-operation in Europe | World Meteorological Organization | Treaty on the Non-Proliferation of Nuclear Weapons | International Bank for Reconstruction and Development | International Hydrographic Organization | International Telecommunication Union | World Customs Organization | International Finance Corporation | Eurocontrol | Baltic Assembly | Australia Group | Council of the Baltic Sea States | International Holocaust Remembrance Alliance | International Energy Agency | International Development Association | Organisation for the Prohibition of Chemical Weapons | International Centre for Settlement of Investment Disputes | Multilateral Investment Guarantee Agency | Nuclear Suppliers Group | Strategic Airlift Capability | Treaty on Open Skies | Schengen Area | Nordic Battle Group | Movement Coordination Centre Europe | Group on Earth Observations | Q131720477
http://www.wikidata.org/entity/Q211,European Union | United Nations | NATO | UNESCO | World Health Organization | World Trade Organization | Interpol | Council of Europe | Universal Postal Union | Organization for Economic Cooperation and Development | Visa Waiver Program | Organization for Security and Co-operation in Europe | World Meteorological Organization | Treaty on the Non-Proliferation of Nuclear Weapons | International Bank for Reconstruction and Development | International Hydrographic Organization | International Telecommunication Union | World Customs Organization | International Finance Corporation | Eurocontrol | Baltic Assembly | Australia Group | Council of the Baltic Sea States | International Holocaust Remembrance Alliance | International Development Association | Organisation for the Prohibition of Chemical Weapons | International Centre for Settlement of Investment Disputes | Multilateral Investment Guarantee Agency | Nuclear Suppliers Group | Treaty on Open Skies | Schengen Area | Nordic Battle Group | Movement Coordination Centre Europe | Group on Earth Observations
http://www.wikidata.org/entity/Q851,United Nations | League of Arab States | Organization of the Petroleum Exporting Countries | UNESCO | World Health Organization | World Trade Organization | Interpol | Universal Postal Union | G20 | Organisation of Islamic Cooperation | International Civil Defence Organisation | World Meteorological Organization | Treaty on the Non-Proliferation of Nuclear Weapons | International Bank for Reconstruction and Development | Cooperation Council for the Arab States of the Persian Gulf | International Hydrographic Organization | African Development Bank | International Telecommunication Union | World Customs Organization | Arab Monetary Fund | International Finance Corporation | International Development Association | Organisation for the Prohibition of Chemical Weapons | International Centre for Settlement of Investment Disputes | Multilateral Investment Guarantee Agency | Arab Fund for Economic and Social Development | Arab Bank for Economic Development in Africa | Asian Infrastructure Investment Bank
http://www.wikidata.org/entity/Q854,United Nations | Commonwealth of Nations | UNESCO | World Health Organization | World Trade Organization | Interpol | Universal Postal Union | World Meteorological Organization | Treaty on the Non-Proliferation of Nuclear Weapons | Asian Development Bank | International Bank for Reconstruction and Development | International Hydrographic Organization | International Telecommunication Union | World Customs Organization | International Finance Corporation | Bay of Bengal Initiative for Multi-Sectoral Technical and Economic Cooperation | International Development Association | Organisation for the Prohibition of Chemical Weapons | International Centre for Settlement of Investment Disputes | Multilateral Investment Guarantee Agency | ASEAN Regional Forum
http://www.wikidata.org/entity/Q858,United Nations | League of Arab States | UNESCO | World Health Organization | Interpol | Universal Postal Union | Organisation of Islamic Cooperation | International Civil Defence Organisation | World Meteorological Organization | Treaty on the Non-Proliferation of Nuclear Weapons | International Bank for Reconstruction and Development | International Hydrographic Organization | International Telecommunication Union | World Customs Organization | Arab Monetary Fund | International Finance Corporation | International Development Association | Organisation for the Prohibition of Chemical Weapons | International Centre for Settlement of Investment Disputes | Multilateral Investment Guarantee Agency | Arab Fund for Economic and Social Development | Arab Bank for Economic Development in Africa
http://www.wikidata.org/entity/Q863,United Nations | Commonwealth of Independent States | UNESCO | World Health Organization | Interpol | Universal Postal Union | Organisation of Islamic Cooperation | Organization for Security and Co-operation in Europe | International Civil Defence Organisation | World Meteorological Organization | Treaty on the Non-Proliferation of Nuclear Weapons | Asian Development Bank | International Bank for Reconstruction and Development | Collective Security Treaty Organization | International Telecommunication Union | Shanghai Cooperation Organisation | World Customs Organization | International Finance Corporation | International Development Association | Organisation for the Prohibition of Chemical Weapons | Multilateral Investment Guarantee Agency | Commonwealth of Independent States Free Trade Area | Central Asian Cooperation Organization | Group on Earth Observations
http://www.wikidata.org/entity/Q212,United Nations
http://www.wikidata.org/entity/Q213,European Union | United Nations | NATO | UNESCO | World Health Organization | World Trade Organization | Interpol | Council of Europe | Universal Postal Union | Organization for Economic Cooperation and Development | European Space Agency | CERN | Visa Waiver Program | Organization for Security and Co-operation in Europe | European Southern Observatory | World Meteorological Organization | Antarctic Treaty System | International Bank for Reconstruction and Development | Visegrád Group | International Telecommunication Union | European Bank for Reconstruction and Development | International Centre for Migration Policy Development | World Customs Organization | International Finance Corporation | Eurocontrol | Australia Group | International Holocaust Remembrance Alliance | International Energy Agency | International Development Association | Organisation for the Prohibition of Chemical Weapons | International Centre for Settlement of Investment Disputes | Multilateral Investment Guarantee Agency | Missile Technology Control Regime | Nuclear Suppliers Group | Treaty on Open Skies | Schengen Area | Movement Coordination Centre Europe | Group on Earth Observations | Q131720477
http://www.wikidata.org/entity/Q214,European Union | United Nations | NATO | UNESCO | World Health Organization | World Trade Organization | Interpol | European Economic Area | Universal Postal Union | Organization for Economic Cooperation and Development | Visa Waiver Program | Organization for Security and Co-operation in Europe | International Civil Defence Organisation | World Meteorological Organization | Treaty on the Non-Proliferation of Nuclear Weapons | International Bank for Reconstruction and Development | Visegrád Group | International Telecommunication Union | International Centre for Migration Policy Development | World Customs Organization | International Finance Corporation | Eurocontrol | Australia Group | International Holocaust Remembrance Alliance | International Energy Agency | International Development Association | Organisation for the Prohibition of Chemical Weapons | International Centre for Settlement of Investment Disputes | Multilateral Investment Guarantee Agency | Nuclear Suppliers Group | Treaty on Open Skies | Schengen Area | Movement Coordination Centre Europe | Group on Earth Observations | Q131720477
http://www.wikidata.org/entity/Q865,United Nations | World Trade Organization | United Nations Security Council | Visa Waiver Program | Asia-Pacific Economic Cooperation | Asian Development Bank | Central American Bank for Economic Integration | Western and Central Pacific Fisheries Commission | Inter-American Tropical Tuna Commission | Commission for the Conservation of Southern Bluefin Tuna
http://www.wikidata.org/entity/Q869,United Nations | Association of Southeast Asian Nations | UNESCO | World Health Organization | World Trade Organization | Interpol | Universal Postal Union | World Meteorological Organization | Asia-Pacific Economic Cooperation | Treaty on the Non-Proliferation of Nuclear Weapons | Asian Development Bank | International Bank for Reconstruction and Development | International Hydrographic Organization | Southeast Asia Treaty Organization | International Telecommunication Union | United Nations–African Union Hybrid Operation in Darfur | World Customs Organization | International Finance Corporation | Bay of Bengal Initiative for Multi-Sectoral Technical and Economic Cooperation | International Development Association | Organisation for the Prohibition of Chemical Weapons | Multilateral Investment Guarantee Agency | Group on Earth Observations | ASEAN Regional Forum
http://www.wikidata.org/entity/Q874,United Nations | Commonwealth of Independent States | UNESCO | World Health Organization | Interpol | Universal Postal Union | Organisation of Islamic Cooperation | Organization for Security and Co-operation in Europe | World Meteorological Organization | Treaty on the Non-Proliferation of Nuclear Weapons | Asian Development Bank | International Bank for Reconstruction and Development | International Telecommunication Union | Organization of Turkic States | World Customs Organization | International Finance Corporation | Organisation for the Prohibition of Chemical Weapons | International Centre for Settlement of Investment Disputes | Multilateral Investment Guarantee Agency
http://www.wikidata.org/entity/Q878,United Nations | League of Arab States | Organization of the Petroleum Exporting Countries | UNESCO | World Health Organization | World Trade Organization | Interpol | Universal Postal Union | Organisation of Islamic Cooperation | International Civil Defence Organisation | World Meteorological Organization | Treaty on the Non-Proliferation of Nuclear Weapons | International Bank for Reconstruction and Development | International Hydrographic Organization | BRICS | African Development Bank | International Telecommunication Union | World Customs Organization | Arab Monetary Fund | International Finance Corporation | International Development Association | Organisation for the Prohibition of Chemical Weapons | International Centre for Settlement of Investment Disputes | Multilateral Investment Guarantee Agency | Arab Fund for Economic and Social Development | Arab Bank for Economic Development in Africa | Group on Earth Observations
http://www.wikidata.org/entity/Q881,United Nations | Association of Southeast Asian Nations | UNESCO | World Health Organization | World Trade Organization | Interpol | Universal Postal Union | Organisation internationale de la Francophonie | World Meteorological Organization | Asia-Pacific Economic Cooperation | Treaty on the Non-Proliferation of Nuclear Weapons | Asian Development Bank | International Bank for Reconstruction and Development | COMECON | International Hydrographic Organization | International Telecommunication Union | World Customs Organization | International Finance Corporation | International Development Association | Organisation for the Prohibition of Chemical Weapons | Multilateral Investment Guarantee Agency | Group on Earth Observations | ASEAN Regional Forum
http://www.wikidata.org/entity/Q884,United Nations | UNESCO | World Health Organization | World Trade Organization | Interpol | Universal Postal Union | G20 | Organization for Economic Cooperation and Development | Visa Waiver Program | International Civil Defence Organisation | World Meteorological Organization | Asia-Pacific Economic Cooperation | Antarctic Treaty System | Treaty on the Non-Proliferation of Nuclear Weapons | Asian Development Bank | International Bank for Reconstruction and Development | International Hydrographic Organization | African Development Bank | United Nations–African Union Hybrid Operation in Darfur | World Customs Organization | International Finance Corporation | Australia Group | International Energy Agency | International Development Association | Organisation for the Prohibition of Chemical Weapons | International Centre for Settlement of Investment Disputes | Multilateral Investment Guarantee Agency | Missile Technology Control Regime | Nuclear Suppliers Group | Group on Earth Observations | ASEAN Regional Forum
http://www.wikidata.org/entity/Q889,United Nations
http://www.wikidata.org/entity/Q902,United Nations | Commonwealth of Nations | UNESCO | World Health Organization | World Trade Organization | Interpol | Universal Postal Union | Organisation of Islamic Cooperation | South Asian Association for Regional Cooperation | World Meteorological Organization | Treaty on the Non-Proliferation of Nuclear Weapons | Asian Development Bank | International Bank for Reconstruction and Development | International Hydrographic Organization | International Telecommunication Union | United Nations–African Union Hybrid Operation in Darfur | World Customs Organization | International Finance Corporation | Bay of Bengal Initiative for Multi-Sectoral Technical and Economic Cooperation | International Development Association | Organisation for the Prohibition of Chemical Weapons | International Centre for Settlement of Investment Disputes | Multilateral Investment Guarantee Agency | Group on Earth Observations | ASEAN Regional Forum
http://www.wikidata.org/entity/Q912,"United Nations | African Union | UNESCO | World Health Organization | World Trade Organization | Interpol | Universal Postal Union | Organisation of Islamic Cooperation | Organisation internationale de la Francophonie | International Civil Defence Organisation | World Meteorological Organization | Treaty on the Non-Proliferation of Nuclear Weapons | International Bank for Reconstruction and Development | Economic Community of West African States | Organisation of African, Caribbean and Pacific States | African Development Bank | International Telecommunication Union | United Nations–African Union Hybrid Operation in Darfur | World Customs Organization | International Finance Corporation | International Development Association | Organisation for the Prohibition of Chemical Weapons | International Centre for Settlement of Investment Disputes | Multilateral Investment Guarantee Agency | OHADA | AFRISTAT | African Groundnut Council | Group on Earth Observations | African Continental Free Trade Area"
http://www.wikidata.org/entity/Q215,European Union | United Nations | NATO | UNESCO | World Health Organization | World Trade Organization | Interpol | Council of Europe | Universal Postal Union | Organization for Economic Cooperation and Development | Visa Waiver Program | Organization for Security and Co-operation in Europe | World Meteorological Organization | Treaty on the Non-Proliferation of Nuclear Weapons | International Bank for Reconstruction and Development | International Hydrographic Organization | International Telecommunication Union | International Centre for Migration Policy Development | World Customs Organization | International Finance Corporation | Eurocontrol | Australia Group | International Holocaust Remembrance Alliance | International Development Association | Organisation for the Prohibition of Chemical Weapons | International Centre for Settlement of Investment Disputes | Multilateral Investment Guarantee Agency | Nuclear Suppliers Group | Strategic Airlift Capability | Treaty on Open Skies | Schengen Area | Movement Coordination Centre Europe | Group on Earth Observations
http://www.wikidata.org/entity/Q217,United Nations | Commonwealth of Independent States | UNESCO | World Health Organization | World Trade Organization | Interpol | Council of Europe | Universal Postal Union | Organization for Security and Co-operation in Europe | Organisation internationale de la Francophonie | World Meteorological Organization | Treaty on the Non-Proliferation of Nuclear Weapons | International Bank for Reconstruction and Development | GUAM Organization for Democracy and Economic Development | International Telecommunication Union | Organization of the Black Sea Economic Cooperation | World Customs Organization | International Finance Corporation | Eurocontrol | International Development Association | Organisation for the Prohibition of Chemical Weapons | International Centre for Settlement of Investment Disputes | Multilateral Investment Guarantee Agency | Commonwealth of Independent States Free Trade Area | Group on Earth Observations
http://www.wikidata.org/entity/Q218,European Union | United Nations | NATO | UNESCO | World Health Organization | World Trade Organization | Interpol | Council of Europe | Universal Postal Union | Warsaw Pact | European Space Agency | Organization for Security and Co-operation in Europe | Organisation internationale de la Francophonie | World Meteorological Organization | Treaty on the Non-Proliferation of Nuclear Weapons | International Bank for Reconstruction and Development | COMECON | International Hydrographic Organization | International Telecommunication Union | Organization of the Black Sea Economic Cooperation | International Centre for Migration Policy Development | World Customs Organization | International Finance Corporation | Eurocontrol | Australia Group | International Holocaust Remembrance Alliance | International Development Association | Organisation for the Prohibition of Chemical Weapons | International Centre for Settlement of Investment Disputes | Multilateral Investment Guarantee Agency | Nuclear Suppliers Group | Strategic Airlift Capability | Treaty on Open Skies | Schengen Area | Movement Coordination Centre Europe | Group on Earth Observations | Q131720477
http://www.wikidata.org/entity/Q219,European Union | United Nations | NATO | UNESCO | World Health Organization | World Trade Organization | Interpol | Council of Europe | Universal Postal Union | Warsaw Pact | Organization for Security and Co-operation in Europe | Organisation internationale de la Francophonie | World Meteorological Organization | Antarctic Treaty System | Treaty on the Non-Proliferation of Nuclear Weapons | International Bank for Reconstruction and Development | COMECON | International Telecommunication Union | Organization of the Black Sea Economic Cooperation | International Centre for Migration Policy Development | World Customs Organization | International Finance Corporation | Eurocontrol | Australia Group | International Holocaust Remembrance Alliance | Organisation for the Prohibition of Chemical Weapons | International Centre for Settlement of Investment Disputes | Multilateral Investment Guarantee Agency | Missile Technology Control Regime | Nuclear Suppliers Group | Strategic Airlift Capability | Treaty on Open Skies | Schengen Area | Movement Coordination Centre Europe | Group on Earth Observations | Q131720477
http://www.wikidata.org/entity/Q916,"United Nations | African Union | Organization of the Petroleum Exporting Countries | UNESCO | World Health Organization | World Trade Organization | Interpol | Universal Postal Union | World Meteorological Organization | Community of Portuguese Language Countries | Treaty on the Non-Proliferation of Nuclear Weapons | Economic Community of Central African States | International Bank for Reconstruction and Development | Organisation of African, Caribbean and Pacific States | African Development Bank | International Telecommunication Union | International Renewable Energy Agency | World Customs Organization | International Finance Corporation | Southern African Development Community | International Development Association | Organisation for the Prohibition of Chemical Weapons | Multilateral Investment Guarantee Agency | Gulf of Guinea Commission | African Continental Free Trade Area"
http://www.wikidata.org/entity/Q917,United Nations | UNESCO | World Health Organization | Interpol | Universal Postal Union | World Meteorological Organization | Treaty on the Non-Proliferation of Nuclear Weapons | Asian Development Bank | International Bank for Reconstruction and Development | International Telecommunication Union | World Customs Organization | International Finance Corporation | Bay of Bengal Initiative for Multi-Sectoral Technical and Economic Cooperation | International Development Association | Organisation for the Prohibition of Chemical Weapons | Multilateral Investment Guarantee Agency
http://www.wikidata.org/entity/Q921,United Nations | Association of Southeast Asian Nations | Commonwealth of Nations | UNESCO | World Health Organization | World Trade Organization | Interpol | Universal Postal Union | Visa Waiver Program | Organisation of Islamic Cooperation | World Meteorological Organization | Asia-Pacific Economic Cooperation | Treaty on the Non-Proliferation of Nuclear Weapons | Asian Development Bank | International Bank for Reconstruction and Development | International Hydrographic Organization | International Telecommunication Union | World Customs Organization | Organisation for the Prohibition of Chemical Weapons | International Centre for Settlement of Investment Disputes | ASEAN Regional Forum
http://www.wikidata.org/entity/Q924,"United Nations | African Union | Commonwealth of Nations | UNESCO | World Health Organization | World Trade Organization | Interpol | Universal Postal Union | World Meteorological Organization | Treaty on the Non-Proliferation of Nuclear Weapons | International Bank for Reconstruction and Development | Organisation of African, Caribbean and Pacific States | African Development Bank | International Telecommunication Union | United Nations–African Union Hybrid Operation in Darfur | World Customs Organization | International Finance Corporation | Southern African Development Community | International Development Association | Organisation for the Prohibition of Chemical Weapons | International Centre for Settlement of Investment Disputes | Multilateral Investment Guarantee Agency | African Continental Free Trade Area"
http://www.wikidata.org/entity/Q928,United Nations | Association of Southeast Asian Nations | UNESCO | World Health Organization | World Trade Organization | Interpol | Universal Postal Union | International Civil Defence Organisation | World Meteorological Organization | Asia-Pacific Economic Cooperation | Treaty on the Non-Proliferation of Nuclear Weapons | Asian Development Bank | International Bank for Reconstruction and Development | International Hydrographic Organization | Southeast Asia Treaty Organization | International Telecommunication Union | World Customs Organization | International Finance Corporation | International Development Association | Organisation for the Prohibition of Chemical Weapons | International Centre for Settlement of Investment Disputes | Multilateral Investment Guarantee Agency | Group on Earth Observations | ASEAN Regional Forum
http://www.wikidata.org/entity/Q221,United Nations | NATO | UNESCO | World Health Organization | World Trade Organization | Interpol | Council of Europe | Universal Postal Union | Organization for Security and Co-operation in Europe | Organisation internationale de la Francophonie | World Meteorological Organization | Treaty on the Non-Proliferation of Nuclear Weapons | International Bank for Reconstruction and Development | International Telecommunication Union | International Centre for Migration Policy Development | World Customs Organization | International Finance Corporation | Eurocontrol | International Holocaust Remembrance Alliance | International Development Association | Organisation for the Prohibition of Chemical Weapons | International Centre for Settlement of Investment Disputes | Multilateral Investment Guarantee Agency
http://www.wikidata.org/entity/Q222,United Nations
http://www.wikidata.org/entity/Q224,European Union | United Nations | NATO | UNESCO | World Health Organization | World Trade Organization | Interpol | Council of Europe | Universal Postal Union | Organization for Security and Co-operation in Europe | World Meteorological Organization | Treaty on the Non-Proliferation of Nuclear Weapons | International Bank for Reconstruction and Development | International Hydrographic Organization | International Telecommunication Union | International Centre for Migration Policy Development | World Customs Organization | International Finance Corporation | Eurocontrol | Australia Group | International Holocaust Remembrance Alliance | International Development Association | Organisation for the Prohibition of Chemical Weapons | International Centre for Settlement of Investment Disputes | Multilateral Investment Guarantee Agency | Nuclear Suppliers Group | Treaty on Open Skies | Schengen Area | Movement Coordination Centre Europe | Group on Earth Observations
http://www.wikidata.org/entity/Q225,United Nations | UNESCO | World Health Organization | Interpol | Council of Europe | Universal Postal Union | Organization for Security and Co-operation in Europe | International Civil Defence Organisation | World Meteorological Organization | Treaty on the Non-Proliferation of Nuclear Weapons | International Bank for Reconstruction and Development | International Telecommunication Union | International Centre for Migration Policy Development | World Customs Organization | International Finance Corporation | Eurocontrol | International Development Association | Organisation for the Prohibition of Chemical Weapons | International Centre for Settlement of Investment Disputes | Multilateral Investment Guarantee Agency | Treaty on Open Skies
http://www.wikidata.org/entity/Q929,"United Nations | African Union | UNESCO | World Health Organization | World Trade Organization | Interpol | Universal Postal Union | Organisation internationale de la Francophonie | International Civil Defence Organisation | World Meteorological Organization | Treaty on the Non-Proliferation of Nuclear Weapons | Economic Community of Central African States | Bank of Central African States | International Bank for Reconstruction and Development | Organisation of African, Caribbean and Pacific States | African Development Bank | International Telecommunication Union | World Customs Organization | International Finance Corporation | International Development Association | Organisation for the Prohibition of Chemical Weapons | International Centre for Settlement of Investment Disputes | Multilateral Investment Guarantee Agency | Economic and Monetary Community of Central Africa | OHADA | Lake Chad Basin Commission | AFRISTAT | Group on Earth Observations | African Continental Free Trade Area"
http://www.wikidata.org/entity/Q945,"United Nations | African Union | Commonwealth of Nations | UNESCO | World Health Organization | World Trade Organization | Interpol | Universal Postal Union | Organisation of Islamic Cooperation | Organisation internationale de la Francophonie | International Civil Defence Organisation | World Meteorological Organization | Treaty on the Non-Proliferation of Nuclear Weapons | International Bank for Reconstruction and Development | Economic Community of West African States | Organisation of African, Caribbean and Pacific States | African Development Bank | International Telecommunication Union | United Nations–African Union Hybrid Operation in Darfur | World Customs Organization | International Finance Corporation | International Development Association | Organisation for the Prohibition of Chemical Weapons | International Centre for Settlement of Investment Disputes | Conseil de l'Entente | Multilateral Investment Guarantee Agency | OHADA | AFRISTAT | African Continental Free Trade Area"
http://www.wikidata.org/entity/Q948,United Nations | African Union | League of Arab States | International Monetary Fund | UNESCO | World Health Organization | World Trade Organization | Interpol | Universal Postal Union | International Atomic Energy Agency | Organisation of Islamic Cooperation | UN Tourism | International Civil Aviation Organization | Organisation internationale de la Francophonie | International Civil Defence Organisation | World Meteorological Organization | World Intellectual Property Organization | Treaty on the Non-Proliferation of Nuclear Weapons | International Bank for Reconstruction and Development | Union for the Mediterranean | International Maritime Organization | International Hydrographic Organization | African Development Bank | Arab Maghreb Union | International Telecommunication Union | United Nations–African Union Hybrid Operation in Darfur | World Customs Organization | Community of Sahel-Saharan States | Arab Monetary Fund | International Finance Corporation | International Development Association | Organisation for the Prohibition of Chemical Weapons | International Centre for Settlement of Investment Disputes | Multilateral Investment Guarantee Agency | Arab Fund for Economic and Social Development | Arab Bank for Economic Development in Africa | Group on Earth Observations | African Continental Free Trade Area
http://www.wikidata.org/entity/Q953,"United Nations | African Union | Commonwealth of Nations | International Monetary Fund | UNESCO | World Health Organization | World Trade Organization | Interpol | International Organization for Standardization | Universal Postal Union | International Olympic Committee | International Atomic Energy Agency | International Criminal Court | International Labour Organization | Food and Agriculture Organization | International Civil Aviation Organization | World Meteorological Organization | Treaty on the Non-Proliferation of Nuclear Weapons | International Bank for Reconstruction and Development | Organisation of African, Caribbean and Pacific States | African Development Bank | International Telecommunication Union | United Nations–African Union Hybrid Operation in Darfur | International Organization for Migration | Group of 77 | World Customs Organization | International Finance Corporation | International Fund for Agricultural Development | Southern African Development Community | International Development Association | Organisation for the Prohibition of Chemical Weapons | International Centre for Settlement of Investment Disputes | Lomé Convention | Multilateral Investment Guarantee Agency | International Confederation of Free Trade Unions | African Continental Free Trade Area"
http://www.wikidata.org/entity/Q954,"United Nations | African Union | UNESCO | World Health Organization | World Trade Organization | Interpol | Universal Postal Union | International Civil Defence Organisation | World Meteorological Organization | Treaty on the Non-Proliferation of Nuclear Weapons | International Bank for Reconstruction and Development | Organisation of African, Caribbean and Pacific States | African Development Bank | International Telecommunication Union | United Nations–African Union Hybrid Operation in Darfur | World Customs Organization | International Finance Corporation | Southern African Development Community | International Development Association | Organisation for the Prohibition of Chemical Weapons | International Centre for Settlement of Investment Disputes | Multilateral Investment Guarantee Agency | Group on Earth Observations | African Continental Free Trade Area"
http://www.wikidata.org/entity/Q958,United Nations | African Union | UNESCO | World Health Organization | Interpol | Universal Postal Union | International Civil Defence Organisation | World Meteorological Organization | International Bank for Reconstruction and Development | African Development Bank | International Telecommunication Union | World Customs Organization | International Finance Corporation | International Development Association | International Centre for Settlement of Investment Disputes | Multilateral Investment Guarantee Agency | African Continental Free Trade Area
http://www.wikidata.org/entity/Q962,"United Nations | African Union | UNESCO | World Health Organization | World Trade Organization | Interpol | Universal Postal Union | Organisation of Islamic Cooperation | Organisation internationale de la Francophonie | International Civil Defence Organisation | World Meteorological Organization | Treaty on the Non-Proliferation of Nuclear Weapons | International Bank for Reconstruction and Development | Economic Community of West African States | Organisation of African, Caribbean and Pacific States | African Development Bank | International Telecommunication Union | World Customs Organization | International Finance Corporation | International Development Association | Organisation for the Prohibition of Chemical Weapons | International Centre for Settlement of Investment Disputes | Conseil de l'Entente | Multilateral Investment Guarantee Agency | OHADA | AFRISTAT | Multinational Joint Task Force | African Continental Free Trade Area"
http://www.wikidata.org/entity/Q227,United Nations
http://www.wikidata.org/entity/Q228,United Nations
http://www.wikidata.org/entity/Q229,European Union | United Nations | Commonwealth of Nations | UNESCO | World Health Organization | World Trade Organization | Interpol | Council of Europe | Universal Postal Union | Organization for Security and Co-operation in Europe | International Civil Defence Organisation | World Meteorological Organization | Treaty on the Non-Proliferation of Nuclear Weapons | International Bank for Reconstruction and Development | International Hydrographic Organization | International Telecommunication Union | World Customs Organization | International Finance Corporation | Eurocontrol | Australia Group | International Development Association | Organisation for the Prohibition of Chemical Weapons | International Centre for Settlement of Investment Disputes | Multilateral Investment Guarantee Agency | Nuclear Suppliers Group | Group on Earth Observations
http://www.wikidata.org/entity/Q230,United Nations | Commonwealth of Independent States | UNESCO | World Health Organization | World Trade Organization | Interpol | Council of Europe | Universal Postal Union | UN Tourism | Organization for Security and Co-operation in Europe | International Civil Defence Organisation | World Intellectual Property Organization | European Convention on Human Rights | Treaty on the Non-Proliferation of Nuclear Weapons | International Bank for Reconstruction and Development | International Hydrographic Organization | Collective Security Treaty Organization | GUAM Organization for Democracy and Economic Development | International Telecommunication Union | Organization of the Black Sea Economic Cooperation | World Customs Organization | International Finance Corporation | Eurocontrol | potential enlargement of the European Union | International Development Association | European Civil Aviation Conference | Treaty on Open Skies | European Common Aviation Area | Group on Earth Observations
http://www.wikidata.org/entity/Q232,United Nations | Commonwealth of Independent States | UNESCO | World Health Organization | Interpol | Universal Postal Union | Organisation of Islamic Cooperation | Organization for Security and Co-operation in Europe | International Civil Defence Organisation | World Meteorological Organization | Treaty on the Non-Proliferation of Nuclear Weapons | Asian Development Bank | International Bank for Reconstruction and Development | Collective Security Treaty Organization | International Telecommunication Union | Shanghai Cooperation Organisation | Organization of Turkic States | World Customs Organization | International Finance Corporation | International Development Association | Organisation for the Prohibition of Chemical Weapons | International Centre for Settlement of Investment Disputes | Multilateral Investment Guarantee Agency | Nuclear Suppliers Group | Commonwealth of Independent States Free Trade Area | Central Asian Cooperation Organization | Group on Earth Observations
http://www.wikidata.org/entity/Q233,European Union | United Nations | Commonwealth of Nations | UNESCO | World Health Organization | World Trade Organization | Interpol | Council of Europe | Universal Postal Union | Visa Waiver Program | Organization for Security and Co-operation in Europe | International Civil Defence Organisation | World Meteorological Organization | Treaty on the Non-Proliferation of Nuclear Weapons | International Bank for Reconstruction and Development | International Hydrographic Organization | International Telecommunication Union | International Centre for Migration Policy Development | World Customs Organization | International Finance Corporation | Eurocontrol | Australia Group | Organisation for the Prohibition of Chemical Weapons | International Centre for Settlement of Investment Disputes | Multilateral Investment Guarantee Agency | Nuclear Suppliers Group | Schengen Area | Group on Earth Observations
http://www.wikidata.org/entity/Q235,United Nations | UNESCO | World Health Organization | Interpol | Council of Europe | Universal Postal Union | Visa Waiver Program | Organization for Security and Co-operation in Europe | Organisation internationale de la Francophonie | International Civil Defence Organisation | World Meteorological Organization | Treaty on the Non-Proliferation of Nuclear Weapons | International Hydrographic Organization | International Telecommunication Union | Eurocontrol | Organisation for the Prohibition of Chemical Weapons
http://www.wikidata.org/entity/Q236,United Nations | NATO | UNESCO | World Health Organization | World Trade Organization | Interpol | Council of Europe | Universal Postal Union | Organization for Security and Co-operation in Europe | World Meteorological Organization | Treaty on the Non-Proliferation of Nuclear Weapons | International Bank for Reconstruction and Development | International Hydrographic Organization | International Telecommunication Union | World Customs Organization | International Finance Corporation | Eurocontrol | International Development Association | Organisation for the Prohibition of Chemical Weapons | International Centre for Settlement of Investment Disputes | Multilateral Investment Guarantee Agency | Montenegro–Ukraine Free Trade Area
http://www.wikidata.org/entity/Q237,Interpol | Universal Postal Union | International Telecommunication Union
http://www.wikidata.org/entity/Q238,United Nations | UNESCO | World Health Organization | Interpol | Council of Europe | Universal Postal Union | Visa Waiver Program | Organization for Security and Co-operation in Europe | Treaty on the Non-Proliferation of Nuclear Weapons | International Bank for Reconstruction and Development | International Telecommunication Union | Organisation for the Prohibition of Chemical Weapons | International Centre for Settlement of Investment Disputes
http://www.wikidata.org/entity/Q241,"United Nations | UNESCO | World Health Organization | World Trade Organization | Interpol | ALBA | Universal Postal Union | Organization of American States | International Civil Defence Organisation | World Meteorological Organization | Treaty on the Non-Proliferation of Nuclear Weapons | COMECON | International Hydrographic Organization | Organisation of African, Caribbean and Pacific States | International Telecommunication Union | Alliance of Small Island States | World Customs Organization | Organisation for the Prohibition of Chemical Weapons | Community of Latin American and Caribbean States | Agency for the Prohibition of Nuclear Weapons in Latin America and the Caribbean"
http://www.wikidata.org/entity/Q242,"United Nations | Commonwealth of Nations | UNESCO | World Health Organization | World Trade Organization | Interpol | Universal Postal Union | Organization of American States | World Meteorological Organization | Treaty on the Non-Proliferation of Nuclear Weapons | International Bank for Reconstruction and Development | Caribbean Community | Organisation of African, Caribbean and Pacific States | International Telecommunication Union | Alliance of Small Island States | World Customs Organization | International Finance Corporation | International Development Association | Organisation for the Prohibition of Chemical Weapons | Multilateral Investment Guarantee Agency | Community of Latin American and Caribbean States | Association of Caribbean States | International Regional Organization for Agricultural Health | Agency for the Prohibition of Nuclear Weapons in Latin America and the Caribbean | Caribbean Development Bank | Caribbean Disaster Emergency Management Agency | Group on Earth Observations"
http://www.wikidata.org/entity/Q244,"United Nations | Commonwealth of Nations | UNESCO | World Health Organization | World Trade Organization | Interpol | Universal Postal Union | Organization of American States | World Meteorological Organization | Treaty on the Non-Proliferation of Nuclear Weapons | International Bank for Reconstruction and Development | Caribbean Community | Organisation of African, Caribbean and Pacific States | International Telecommunication Union | International Renewable Energy Agency | Alliance of Small Island States | World Customs Organization | International Finance Corporation | International Development Association | Organisation for the Prohibition of Chemical Weapons | International Centre for Settlement of Investment Disputes | Multilateral Investment Guarantee Agency | Agency for the Prohibition of Nuclear Weapons in Latin America and the Caribbean | Caribbean Development Bank | Caribbean Disaster Emergency Management Agency | Caribbean Free Trade Association"
http://www.wikidata.org/entity/Q252,"United Nations | Association of Southeast Asian Nations | Organization of the Petroleum Exporting Countries | UNESCO | World Health Organization | World Trade Organization | Interpol | Universal Postal Union | G20 | Organisation of Islamic Cooperation | International Civil Defence Organisation | World Meteorological Organization | Asia-Pacific Economic Cooperation | Treaty on the Non-Proliferation of Nuclear Weapons | Asian Development Bank | International Bank for Reconstruction and Development | International Hydrographic Organization | BRICS | International Telecommunication Union | United Nations–African Union Hybrid Operation in Darfur | World Customs Organization | International Finance Corporation | International Development Association | Organisation for the Prohibition of Chemical Weapons | International Centre for Settlement of Investment Disputes | Multilateral Investment Guarantee Agency | Islamic World Educational, Scientific and Cultural Organization | Group on Earth Observations | ASEAN Regional Forum"
http://www.wikidata.org/entity/Q963,"United Nations | African Union | Commonwealth of Nations | UNESCO | World Health Organization | World Trade Organization | Interpol | Universal Postal Union | World Meteorological Organization | Treaty on the Non-Proliferation of Nuclear Weapons | International Bank for Reconstruction and Development | Organisation of African, Caribbean and Pacific States | African Development Bank | International Telecommunication Union | World Customs Organization | International Finance Corporation | Southern African Development Community | International Development Association | Organisation for the Prohibition of Chemical Weapons | International Centre for Settlement of Investment Disputes | Multilateral Investment Guarantee Agency | Southern African Customs Union | African Continental Free Trade Area"
http://www.wikidata.org/entity/Q965,"United Nations | African Union | UNESCO | World Health Organization | World Trade Organization | Interpol | Universal Postal Union | Organisation of Islamic Cooperation | Organisation internationale de la Francophonie | International Civil Defence Organisation | World Meteorological Organization | Treaty on the Non-Proliferation of Nuclear Weapons | International Bank for Reconstruction and Development | Economic Community of West African States | Organisation of African, Caribbean and Pacific States | African Development Bank | International Telecommunication Union | United Nations–African Union Hybrid Operation in Darfur | World Customs Organization | International Finance Corporation | International Development Association | Organisation for the Prohibition of Chemical Weapons | International Centre for Settlement of Investment Disputes | Conseil de l'Entente | Multilateral Investment Guarantee Agency | OHADA | AFRISTAT | Group on Earth Observations | African Continental Free Trade Area"
http://www.wikidata.org/entity/Q967,"United Nations | African Union | UNESCO | World Health Organization | World Trade Organization | Interpol | Universal Postal Union | Organisation internationale de la Francophonie | International Civil Defence Organisation | World Meteorological Organization | Treaty on the Non-Proliferation of Nuclear Weapons | Economic Community of Central African States | International Bank for Reconstruction and Development | Organisation of African, Caribbean and Pacific States | African Development Bank | International Telecommunication Union | United Nations–African Union Hybrid Operation in Darfur | World Customs Organization | International Finance Corporation | International Development Association | Organisation for the Prohibition of Chemical Weapons | International Centre for Settlement of Investment Disputes | Multilateral Investment Guarantee Agency | AFRISTAT | African Continental Free Trade Area"
http://www.wikidata.org/entity/Q970,"United Nations | African Union | League of Arab States | UNESCO | World Health Organization | Interpol | Universal Postal Union | Organisation of Islamic Cooperation | Organisation internationale de la Francophonie | International Civil Defence Organisation | World Meteorological Organization | Treaty on the Non-Proliferation of Nuclear Weapons | International Bank for Reconstruction and Development | Organisation of African, Caribbean and Pacific States | African Development Bank | Alliance of Small Island States | World Customs Organization | Arab Monetary Fund | International Finance Corporation | International Development Association | Organisation for the Prohibition of Chemical Weapons | International Centre for Settlement of Investment Disputes | Multilateral Investment Guarantee Agency | Indian Ocean Commission | OHADA | AFRISTAT | African Continental Free Trade Area"
http://www.wikidata.org/entity/Q971,"United Nations | African Union | Organization of the Petroleum Exporting Countries | UNESCO | World Health Organization | World Trade Organization | Interpol | Universal Postal Union | Organisation internationale de la Francophonie | Treaty on the Non-Proliferation of Nuclear Weapons | Economic Community of Central African States | Bank of Central African States | International Bank for Reconstruction and Development | Organisation of African, Caribbean and Pacific States | African Development Bank | World Customs Organization | International Finance Corporation | International Development Association | Organisation for the Prohibition of Chemical Weapons | International Centre for Settlement of Investment Disputes | Multilateral Investment Guarantee Agency | Economic and Monetary Community of Central Africa | OHADA | Gulf of Guinea Commission | AFRISTAT | Group on Earth Observations | African Continental Free Trade Area"
http://www.wikidata.org/entity/Q974,"United Nations | African Union | UNESCO | World Health Organization | World Trade Organization | Interpol | Universal Postal Union | Organisation internationale de la Francophonie | International Civil Defence Organisation | World Meteorological Organization | Treaty on the Non-Proliferation of Nuclear Weapons | Economic Community of Central African States | International Bank for Reconstruction and Development | International Hydrographic Organization | Organisation of African, Caribbean and Pacific States | African Development Bank | International Telecommunication Union | World Customs Organization | International Finance Corporation | Southern African Development Community | International Development Association | Organisation for the Prohibition of Chemical Weapons | International Centre for Settlement of Investment Disputes | Multilateral Investment Guarantee Agency | OHADA | Gulf of Guinea Commission | African Continental Free Trade Area"
http://www.wikidata.org/entity/Q977,"United Nations | African Union | League of Arab States | UNESCO | World Health Organization | World Trade Organization | Interpol | Universal Postal Union | Organisation of Islamic Cooperation | Organisation internationale de la Francophonie | World Meteorological Organization | Treaty on the Non-Proliferation of Nuclear Weapons | International Bank for Reconstruction and Development | Organisation of African, Caribbean and Pacific States | African Development Bank | International Telecommunication Union | United Nations–African Union Hybrid Operation in Darfur | World Customs Organization | Arab Monetary Fund | International Finance Corporation | International Development Association | Organisation for the Prohibition of Chemical Weapons | Multilateral Investment Guarantee Agency | Arab Fund for Economic and Social Development | AFRISTAT | African Continental Free Trade Area"
http://www.wikidata.org/entity/Q983,"United Nations | African Union | Organization of the Petroleum Exporting Countries | UNESCO | World Health Organization | Interpol | Universal Postal Union | Organisation internationale de la Francophonie | Community of Portuguese Language Countries | Treaty on the Non-Proliferation of Nuclear Weapons | Economic Community of Central African States | Bank of Central African States | International Bank for Reconstruction and Development | Organisation of African, Caribbean and Pacific States | African Development Bank | International Telecommunication Union | World Customs Organization | International Finance Corporation | International Development Association | Organisation for the Prohibition of Chemical Weapons | Multilateral Investment Guarantee Agency | Economic and Monetary Community of Central Africa | OHADA | Gulf of Guinea Commission | AFRISTAT | African Continental Free Trade Area"
http://www.wikidata.org/entity/Q986,"United Nations | African Union | UNESCO | World Health Organization | Interpol | Universal Postal Union | World Meteorological Organization | Treaty on the Non-Proliferation of Nuclear Weapons | International Bank for Reconstruction and Development | Organisation of African, Caribbean and Pacific States | African Development Bank | International Telecommunication Union | World Customs Organization | International Finance Corporation | International Development Association | Organisation for the Prohibition of Chemical Weapons | Multilateral Investment Guarantee Agency | African Continental Free Trade Area"
http://www.wikidata.org/entity/Q1000,"United Nations | African Union | Commonwealth of Nations | Organization of the Petroleum Exporting Countries | UNESCO | World Health Organization | World Trade Organization | Interpol | Universal Postal Union | United Nations Security Council | Organisation of Islamic Cooperation | Organisation internationale de la Francophonie | International Civil Defence Organisation | World Meteorological Organization | Treaty on the Non-Proliferation of Nuclear Weapons | Economic Community of Central African States | Bank of Central African States | International Bank for Reconstruction and Development | Organisation of African, Caribbean and Pacific States | African Development Bank | International Telecommunication Union | World Customs Organization | International Finance Corporation | International Development Association | Organisation for the Prohibition of Chemical Weapons | International Centre for Settlement of Investment Disputes | Multilateral Investment Guarantee Agency | Economic and Monetary Community of Central Africa | OHADA | Gulf of Guinea Commission | AFRISTAT | Group on Earth Observations | African Continental Free Trade Area"
http://www.wikidata.org/entity/Q1005,"United Nations | African Union | Commonwealth of Nations | UNESCO | World Health Organization | World Trade Organization | Interpol | Universal Postal Union | Organisation of Islamic Cooperation | World Meteorological Organization | Treaty on the Non-Proliferation of Nuclear Weapons | International Bank for Reconstruction and Development | Economic Community of West African States | Organisation of African, Caribbean and Pacific States | African Development Bank | International Telecommunication Union | United Nations–African Union Hybrid Operation in Darfur | World Customs Organization | International Finance Corporation | International Development Association | Organisation for the Prohibition of Chemical Weapons | International Centre for Settlement of Investment Disputes | Multilateral Investment Guarantee Agency | African Groundnut Council | African Continental Free Trade Area"
http://www.wikidata.org/entity/Q1006,"United Nations | African Union | UNESCO | World Health Organization | World Trade Organization | Interpol | Universal Postal Union | Organisation of Islamic Cooperation | Organisation internationale de la Francophonie | International Civil Defence Organisation | World Meteorological Organization | Treaty on the Non-Proliferation of Nuclear Weapons | International Bank for Reconstruction and Development | Economic Community of West African States | Organisation of African, Caribbean and Pacific States | African Development Bank | International Telecommunication Union | World Customs Organization | International Finance Corporation | International Development Association | Organisation for the Prohibition of Chemical Weapons | International Centre for Settlement of Investment Disputes | Multilateral Investment Guarantee Agency | Mano River Union | OHADA | AFRISTAT | Group on Earth Observations | African Continental Free Trade Area"
http://www.wikidata.org/entity/Q1007,"United Nations | African Union | UNESCO | World Health Organization | World Trade Organization | Interpol | Universal Postal Union | Organisation of Islamic Cooperation | Organisation internationale de la Francophonie | International Civil Defence Organisation | World Meteorological Organization | Community of Portuguese Language Countries | Treaty on the Non-Proliferation of Nuclear Weapons | International Bank for Reconstruction and Development | Economic Community of West African States | Organisation of African, Caribbean and Pacific States | African Development Bank | International Telecommunication Union | Alliance of Small Island States | World Customs Organization | International Finance Corporation | International Development Association | Organisation for the Prohibition of Chemical Weapons | Multilateral Investment Guarantee Agency | OHADA | AFRISTAT | Group on Earth Observations | African Continental Free Trade Area"
http://www.wikidata.org/entity/Q1008,"United Nations | African Union | UNESCO | World Health Organization | World Trade Organization | Interpol | Universal Postal Union | Organisation of Islamic Cooperation | Organisation internationale de la Francophonie | International Civil Defence Organisation | World Meteorological Organization | Treaty on the Non-Proliferation of Nuclear Weapons | International Bank for Reconstruction and Development | Economic Community of West African States | Organisation of African, Caribbean and Pacific States | African Development Bank | International Telecommunication Union | World Customs Organization | International Finance Corporation | International Development Association | Organisation for the Prohibition of Chemical Weapons | International Centre for Settlement of Investment Disputes | Conseil de l'Entente | Multilateral Investment Guarantee Agency | Mano River Union | OHADA | AFRISTAT | Group on Earth Observations | African Continental Free Trade Area"
http://www.wikidata.org/entity/Q1009,"United Nations | African Union | Commonwealth of Nations | UNESCO | World Health Organization | World Trade Organization | Interpol | Universal Postal Union | Organisation of Islamic Cooperation | Organisation internationale de la Francophonie | International Civil Defence Organisation | World Meteorological Organization | Treaty on the Non-Proliferation of Nuclear Weapons | Economic Community of Central African States | Bank of Central African States | International Bank for Reconstruction and Development | International Hydrographic Organization | Organisation of African, Caribbean and Pacific States | African Development Bank | International Telecommunication Union | United Nations–African Union Hybrid Operation in Darfur | World Customs Organization | International Finance Corporation | International Development Association | Organisation for the Prohibition of Chemical Weapons | International Centre for Settlement of Investment Disputes | Multilateral Investment Guarantee Agency | Economic and Monetary Community of Central Africa | OHADA | Gulf of Guinea Commission | Lake Chad Basin Commission | AFRISTAT | Group on Earth Observations | Multinational Joint Task Force | African Continental Free Trade Area"
http://www.wikidata.org/entity/Q1011,"United Nations | African Union | International Monetary Fund | UNESCO | World Health Organization | World Trade Organization | Interpol | Universal Postal Union | Food and Agriculture Organization | Non-Aligned Movement | International Civil Aviation Organization | Organisation internationale de la Francophonie | World Meteorological Organization | UN Trade and Development | Community of Portuguese Language Countries | Treaty on the Non-Proliferation of Nuclear Weapons | International Bank for Reconstruction and Development | Organisation of African Unity | Economic Community of West African States | International Maritime Organization | Organisation of African, Caribbean and Pacific States | African Development Bank | International Telecommunication Union | United Nations Industrial Development Organization | Group of 77 | Alliance of Small Island States | World Customs Organization | International Finance Corporation | International Fund for Agricultural Development | Intelsat | International Development Association | Organisation for the Prohibition of Chemical Weapons | International Centre for Settlement of Investment Disputes | Multilateral Investment Guarantee Agency | United Nations Economic Commission for Africa | AFRISTAT | African Continental Free Trade Area"
http://www.wikidata.org/entity/Q1013,"United Nations | African Union | Commonwealth of Nations | UNESCO | World Health Organization | World Trade Organization | Interpol | Universal Postal Union | International Civil Defence Organisation | World Meteorological Organization | Treaty on the Non-Proliferation of Nuclear Weapons | International Bank for Reconstruction and Development | Organisation of African, Caribbean and Pacific States | African Development Bank | International Telecommunication Union | United Nations–African Union Hybrid Operation in Darfur | World Customs Organization | International Finance Corporation | Southern African Development Community | International Development Association | Organisation for the Prohibition of Chemical Weapons | International Centre for Settlement of Investment Disputes | Multilateral Investment Guarantee Agency | Southern African Customs Union | African Continental Free Trade Area"
http://www.wikidata.org/entity/Q1014,"United Nations | African Union | UNESCO | World Health Organization | World Trade Organization | Interpol | Universal Postal Union | International Civil Defence Organisation | World Meteorological Organization | Treaty on the Non-Proliferation of Nuclear Weapons | International Bank for Reconstruction and Development | Economic Community of West African States | Organisation of African, Caribbean and Pacific States | African Development Bank | International Telecommunication Union | World Customs Organization | International Finance Corporation | International Development Association | Organisation for the Prohibition of Chemical Weapons | International Centre for Settlement of Investment Disputes | Multilateral Investment Guarantee Agency | Mano River Union | African Continental Free Trade Area"
http://www.wikidata.org/entity/Q1016,United Nations | African Union | League of Arab States | Organization of the Petroleum Exporting Countries | UNESCO | World Health Organization | Interpol | Universal Postal Union | Organisation of Islamic Cooperation | International Civil Defence Organisation | World Meteorological Organization | Treaty on the Non-Proliferation of Nuclear Weapons | International Bank for Reconstruction and Development | African Development Bank | Arab Maghreb Union | International Telecommunication Union | World Customs Organization | Arab Monetary Fund | International Finance Corporation | International Development Association | Organisation for the Prohibition of Chemical Weapons | Multilateral Investment Guarantee Agency | Arab Fund for Economic and Social Development | Arab Bank for Economic Development in Africa | African Continental Free Trade Area
http://www.wikidata.org/entity/Q1019,"United Nations | African Union | UNESCO | World Health Organization | World Trade Organization | Interpol | Universal Postal Union | Organisation internationale de la Francophonie | World Meteorological Organization | Treaty on the Non-Proliferation of Nuclear Weapons | International Bank for Reconstruction and Development | Organisation of African, Caribbean and Pacific States | African Development Bank | International Telecommunication Union | United Nations–African Union Hybrid Operation in Darfur | World Customs Organization | International Finance Corporation | Southern African Development Community | International Development Association | Organisation for the Prohibition of Chemical Weapons | International Centre for Settlement of Investment Disputes | Multilateral Investment Guarantee Agency | Indian Ocean Commission | AFRISTAT | Group on Earth Observations | African Continental Free Trade Area"
http://www.wikidata.org/entity/Q1020,"United Nations | African Union | Commonwealth of Nations | UNESCO | World Health Organization | World Trade Organization | Interpol | Universal Postal Union | World Meteorological Organization | Treaty on the Non-Proliferation of Nuclear Weapons | International Bank for Reconstruction and Development | Organisation of African, Caribbean and Pacific States | African Development Bank | International Telecommunication Union | United Nations–African Union Hybrid Operation in Darfur | World Customs Organization | International Finance Corporation | Southern African Development Community | International Development Association | Organisation for the Prohibition of Chemical Weapons | International Centre for Settlement of Investment Disputes | Multilateral Investment Guarantee Agency | African Continental Free Trade Area"
http://www.wikidata.org/entity/Q1025,"United Nations | African Union | League of Arab States | UNESCO | World Health Organization | World Trade Organization | Interpol | Universal Postal Union | Organisation of Islamic Cooperation | Organisation internationale de la Francophonie | International Civil Defence Organisation | World Meteorological Organization | Treaty on the Non-Proliferation of Nuclear Weapons | International Bank for Reconstruction and Development | Organisation of African, Caribbean and Pacific States | African Development Bank | Arab Maghreb Union | International Telecommunication Union | World Customs Organization | Arab Monetary Fund | International Finance Corporation | International Development Association | Organisation for the Prohibition of Chemical Weapons | International Centre for Settlement of Investment Disputes | Multilateral Investment Guarantee Agency | Arab Fund for Economic and Social Development | AFRISTAT | Arab Bank for Economic Development in Africa | African Continental Free Trade Area"
http://www.wikidata.org/entity/Q1027,"United Nations | African Union | Commonwealth of Nations | UNESCO | World Health Organization | World Trade Organization | Interpol | Universal Postal Union | Organisation internationale de la Francophonie | International Civil Defence Organisation | World Meteorological Organization | Treaty on the Non-Proliferation of Nuclear Weapons | International Bank for Reconstruction and Development | International Hydrographic Organization | Organisation of African, Caribbean and Pacific States | African Development Bank | International Telecommunication Union | Alliance of Small Island States | World Customs Organization | International Finance Corporation | Southern African Development Community | International Development Association | Organisation for the Prohibition of Chemical Weapons | International Centre for Settlement of Investment Disputes | Multilateral Investment Guarantee Agency | Indian Ocean Commission | Group on Earth Observations | African Continental Free Trade Area"
http://www.wikidata.org/entity/Q1028,United Nations | African Union | League of Arab States | UNESCO | World Health Organization | World Trade Organization | Interpol | Universal Postal Union | Maghreb | International Atomic Energy Agency | Organisation of Islamic Cooperation | Organisation internationale de la Francophonie | International Civil Defence Organisation | World Meteorological Organization | Treaty on the Non-Proliferation of Nuclear Weapons | International Bank for Reconstruction and Development | International Hydrographic Organization | African Development Bank | Arab Maghreb Union | International Telecommunication Union | World Customs Organization | Arab Monetary Fund | International Finance Corporation | Eurocontrol | International Development Association | Organisation for the Prohibition of Chemical Weapons | International Centre for Settlement of Investment Disputes | Multilateral Investment Guarantee Agency | Arab Fund for Economic and Social Development | Arab Bank for Economic Development in Africa | Group on Earth Observations | African Continental Free Trade Area
http://www.wikidata.org/entity/Q1029,"United Nations | African Union | Commonwealth of Nations | UNESCO | World Health Organization | World Trade Organization | Interpol | Universal Postal Union | Organisation of Islamic Cooperation | World Meteorological Organization | Community of Portuguese Language Countries | Treaty on the Non-Proliferation of Nuclear Weapons | International Bank for Reconstruction and Development | International Hydrographic Organization | Organisation of African, Caribbean and Pacific States | African Development Bank | International Telecommunication Union | World Customs Organization | International Finance Corporation | Southern African Development Community | International Development Association | Organisation for the Prohibition of Chemical Weapons | International Centre for Settlement of Investment Disputes | Multilateral Investment Guarantee Agency | African Continental Free Trade Area"
http://www.wikidata.org/entity/Q1030,"United Nations | African Union | Commonwealth of Nations | UNESCO | World Health Organization | World Trade Organization | Interpol | Universal Postal Union | World Meteorological Organization | Treaty on the Non-Proliferation of Nuclear Weapons | International Bank for Reconstruction and Development | Organisation of African, Caribbean and Pacific States | African Development Bank | International Telecommunication Union | United Nations–African Union Hybrid Operation in Darfur | World Customs Organization | International Finance Corporation | Southern African Development Community | Organisation for the Prohibition of Chemical Weapons | Multilateral Investment Guarantee Agency | Southern African Customs Union | African Continental Free Trade Area"
http://www.wikidata.org/entity/Q1032,"United Nations | African Union | UNESCO | World Health Organization | World Trade Organization | Interpol | Universal Postal Union | Organisation of Islamic Cooperation | Organisation internationale de la Francophonie | International Civil Defence Organisation | World Meteorological Organization | Treaty on the Non-Proliferation of Nuclear Weapons | International Bank for Reconstruction and Development | Economic Community of West African States | Organisation of African, Caribbean and Pacific States | African Development Bank | International Telecommunication Union | World Customs Organization | International Finance Corporation | International Development Association | Organisation for the Prohibition of Chemical Weapons | International Centre for Settlement of Investment Disputes | Conseil de l'Entente | Multilateral Investment Guarantee Agency | OHADA | Lake Chad Basin Commission | AFRISTAT | African Groundnut Council | Group on Earth Observations | Multinational Joint Task Force | African Continental Free Trade Area"
http://www.wikidata.org/entity/Q1033,"United Nations | African Union | Commonwealth of Nations | Organization of the Petroleum Exporting Countries | UNESCO | World Health Organization | World Trade Organization | Interpol | Universal Postal Union | Organisation of Islamic Cooperation | International Civil Defence Organisation | World Meteorological Organization | Treaty on the Non-Proliferation of Nuclear Weapons | International Bank for Reconstruction and Development | Economic Community of West African States | International Hydrographic Organization | Organisation of African, Caribbean and Pacific States | African Development Bank | International Telecommunication Union | United Nations–African Union Hybrid Operation in Darfur | World Customs Organization | International Finance Corporation | International Development Association | Organisation for the Prohibition of Chemical Weapons | International Centre for Settlement of Investment Disputes | Multilateral Investment Guarantee Agency | Gulf of Guinea Commission | Lake Chad Basin Commission | African Groundnut Council | Group on Earth Observations | Multinational Joint Task Force | African Continental Free Trade Area"
http://www.wikidata.org/entity/Q1036,"United Nations | African Union | Commonwealth of Nations | UNESCO | World Health Organization | World Trade Organization | Interpol | Universal Postal Union | Organisation of Islamic Cooperation | World Meteorological Organization | Treaty on the Non-Proliferation of Nuclear Weapons | International Bank for Reconstruction and Development | Organisation of African, Caribbean and Pacific States | African Development Bank | International Telecommunication Union | World Customs Organization | International Finance Corporation | International Development Association | Organisation for the Prohibition of Chemical Weapons | International Centre for Settlement of Investment Disputes | Multilateral Investment Guarantee Agency | Group on Earth Observations | African Continental Free Trade Area"
http://www.wikidata.org/entity/Q1037,"United Nations | African Union | Commonwealth of Nations | UNESCO | World Health Organization | World Trade Organization | Interpol | Universal Postal Union | United Nations Security Council | Organisation internationale de la Francophonie | International Civil Defence Organisation | World Meteorological Organization | Treaty on the Non-Proliferation of Nuclear Weapons | International Bank for Reconstruction and Development | Organisation of African, Caribbean and Pacific States | East African Community | African Development Bank | International Telecommunication Union | United Nations–African Union Hybrid Operation in Darfur | World Customs Organization | International Finance Corporation | International Development Association | Organisation for the Prohibition of Chemical Weapons | International Centre for Settlement of Investment Disputes | Multilateral Investment Guarantee Agency | African Continental Free Trade Area"
http://www.wikidata.org/entity/Q1039,"United Nations | African Union | UNESCO | World Health Organization | Interpol | Universal Postal Union | Organisation internationale de la Francophonie | World Meteorological Organization | Community of Portuguese Language Countries | Treaty on the Non-Proliferation of Nuclear Weapons | Economic Community of Central African States | International Bank for Reconstruction and Development | Organisation of African, Caribbean and Pacific States | African Development Bank | International Telecommunication Union | Alliance of Small Island States | World Customs Organization | International Finance Corporation | International Development Association | Organisation for the Prohibition of Chemical Weapons | International Centre for Settlement of Investment Disputes | Multilateral Investment Guarantee Agency | Gulf of Guinea Commission | AFRISTAT | African Continental Free Trade Area"
http://www.wikidata.org/entity/Q1041,"United Nations | African Union | UNESCO | World Health Organization | World Trade Organization | Interpol | Universal Postal Union | Organisation of Islamic Cooperation | Organisation internationale de la Francophonie | International Civil Defence Organisation | World Meteorological Organization | Treaty on the Non-Proliferation of Nuclear Weapons | International Bank for Reconstruction and Development | Economic Community of West African States | Organisation of African, Caribbean and Pacific States | African Development Bank | International Telecommunication Union | United Nations–African Union Hybrid Operation in Darfur | World Customs Organization | International Finance Corporation | International Development Association | Organisation for the Prohibition of Chemical Weapons | International Centre for Settlement of Investment Disputes | Multilateral Investment Guarantee Agency | OHADA | AFRISTAT | African Groundnut Council | Group on Earth Observations | African Continental Free Trade Area"
http://www.wikidata.org/entity/Q1042,"United Nations | African Union | Commonwealth of Nations | UNESCO | World Health Organization | Interpol | Universal Postal Union | Organisation internationale de la Francophonie | World Meteorological Organization | Treaty on the Non-Proliferation of Nuclear Weapons | International Bank for Reconstruction and Development | Organisation of African, Caribbean and Pacific States | African Development Bank | International Telecommunication Union | Alliance of Small Island States | World Customs Organization | International Finance Corporation | Southern African Development Community | Organisation for the Prohibition of Chemical Weapons | International Centre for Settlement of Investment Disputes | Francophonie | Multilateral Investment Guarantee Agency | Indian Ocean Commission | Group on Earth Observations | African Continental Free Trade Area"
http://www.wikidata.org/entity/Q1044,"United Nations | African Union | Commonwealth of Nations | UNESCO | World Health Organization | World Trade Organization | Interpol | Universal Postal Union | Organisation of Islamic Cooperation | World Meteorological Organization | Treaty on the Non-Proliferation of Nuclear Weapons | International Bank for Reconstruction and Development | Economic Community of West African States | Organisation of African, Caribbean and Pacific States | African Development Bank | International Telecommunication Union | United Nations–African Union Hybrid Operation in Darfur | World Customs Organization | International Finance Corporation | International Development Association | Organisation for the Prohibition of Chemical Weapons | International Centre for Settlement of Investment Disputes | Multilateral Investment Guarantee Agency | Mano River Union | African Continental Free Trade Area"
http://www.wikidata.org/entity/Q1045,"United Nations | African Union | League of Arab States | UNESCO | World Health Organization | Interpol | Universal Postal Union | Organisation of Islamic Cooperation | World Meteorological Organization | Treaty on the Non-Proliferation of Nuclear Weapons | International Bank for Reconstruction and Development | Organisation of African, Caribbean and Pacific States | African Development Bank | International Telecommunication Union | World Customs Organization | Arab Monetary Fund | International Finance Corporation | International Development Association | Organisation for the Prohibition of Chemical Weapons | International Centre for Settlement of Investment Disputes | Arab Fund for Economic and Social Development | Group on Earth Observations | African Continental Free Trade Area"
http://www.wikidata.org/entity/Q219060,League of Arab States | UNESCO | Interpol | Organisation of Islamic Cooperation | International Civil Defence Organisation | World Customs Organization | Arab Monetary Fund | Organisation for the Prohibition of Chemical Weapons | Arab Fund for Economic and Social Development | Arab Bank for Economic Development in Africa
http://www.wikidata.org/entity/Q1049,"United Nations | African Union | League of Arab States | UNESCO | World Health Organization | Interpol | Universal Postal Union | Organisation of Islamic Cooperation | International Civil Defence Organisation | World Meteorological Organization | Treaty on the Non-Proliferation of Nuclear Weapons | International Bank for Reconstruction and Development | Organisation of African, Caribbean and Pacific States | African Development Bank | International Telecommunication Union | World Customs Organization | Arab Monetary Fund | International Finance Corporation | International Development Association | Organisation for the Prohibition of Chemical Weapons | International Centre for Settlement of Investment Disputes | Multilateral Investment Guarantee Agency | Arab Fund for Economic and Social Development | African Groundnut Council | Arab Bank for Economic Development in Africa | Group on Earth Observations | African Continental Free Trade Area"
http://www.wikidata.org/entity/Q1050,"United Nations | African Union | Commonwealth of Nations | UNESCO | World Health Organization | World Trade Organization | Interpol | Universal Postal Union | International Olympic Committee | World Meteorological Organization | International Bank for Reconstruction and Development | FIFA | Organisation of African, Caribbean and Pacific States | African Development Bank | International Telecommunication Union | World Customs Organization | International Finance Corporation | Southern African Development Community | International Development Association | Organisation for the Prohibition of Chemical Weapons | International Centre for Settlement of Investment Disputes | Multilateral Investment Guarantee Agency | Southern African Customs Union | Association of National Olympic Committees | African Continental Free Trade Area"
http://www.wikidata.org/entity/Q29999,United Nations | World Trade Organization | Interpol | Benelux | European Air Transport Command | Treaty on the Non-Proliferation of Nuclear Weapons | Asian Development Bank | International Bank for Reconstruction and Development | International Hydrographic Organization | African Development Bank | International Finance Corporation | Netherlands-Indonesia Union | Australia Group | International Energy Agency | International Development Association | Organisation for the Prohibition of Chemical Weapons | International Centre for Settlement of Investment Disputes | Multilateral Investment Guarantee Agency | Missile Technology Control Regime | Nuclear Suppliers Group | Strategic Airlift Capability | Movement Coordination Centre Europe | Q131720477
