country,countryLabel,iso2,iso3,area,population,life_expectancy,hdi,gdp_nominal,gdp_nominal_year,inception,driving_side_label,continents,governments,languages,currencies,border_count,memberships
http://www.wikidata.org/entity/Q889,Afghanistan,AF,AFG,652230,41454761,63.673,0.478,17233051620,2023-01-01 00:00:00+00:00,1996-01-01T00:00:00Z,right,Asia,unitary state | Emirate | islamic theocracy,Uzbek | Turkmen | Arabic | Balochi | Pashayi | Pashto | Nuristani | Dari | Pamir,afghani,6,United Nations
http://www.wikidata.org/entity/Q222,Albania,AL,ALB,28748,2811655,78.345,0.796,23547179830,2023-01-01 00:00:00+00:00,1912-11-28T00:00:00Z,right,Europe,parliamentary system,Albanian,Albanian lek,6,United Nations
http://www.wikidata.org/entity/Q262,Algeria,DZ,DZA,2381741,46164219,77.13,0.745,191912889421,2022-01-01 00:00:00+00:00,1962-07-03T00:00:00Z,right,Africa,semi-presidential system | people's republic,Arabic | Standard Algerian Berber,Algerian dinar,9,United Nations | African Union | League of Arab States | Organization of the Petroleum Exporting Countries | UNESCO | World Health Organization | World Trade Organization | Interpol | Universal Postal Union | Organisation of Islamic Cooperation | International Civil Defence Organisation | World Meteorological Organization | Treaty on the Non-Proliferation of Nuclear Weapons | International Bank for Reconstruction and Development | International Hydrographic Organization | African Development Bank | Arab Maghreb Union | International Telecommunication Union | World Customs Organization | Arab Monetary Fund | International Finance Corporation | International Development Association | Organisation for the Prohibition of Chemical Weapons | International Centre for Settlement of Investment Disputes | Multilateral Investment Guarantee Agency | Arab Fund for Economic and Social Development | Lake Chad Basin Commission | Arab Bank for Economic Development in Africa | Group on Earth Observations | African Continental Free Trade Area
http://www.wikidata.org/entity/Q228,Andorra,AD,AND,468,87486,,0.884,3352032737,2022-01-01 00:00:00+00:00,1993-01-01T00:00:00Z,right,Europe,parliamentary coprincipality,Catalan,euro,3,United Nations
http://www.wikidata.org/entity/Q916,Angola,AO,AGO,1246700,36749906,61.547,0.586,84824654481,2023-01-01 00:00:00+00:00,1992-08-25T00:00:00Z,right,Africa,republic | presidential system,Portuguese,kwanza,5,"United Nations | African Union | Organization of the Petroleum Exporting Countries | UNESCO | World Health Organization | World Trade Organization | Interpol | Universal Postal Union | World Meteorological Organization | Community of Portuguese Language Countries | Treaty on the Non-Proliferation of Nuclear Weapons | Economic Community of Central African States | International Bank for Reconstruction and Development | Organisation of African, Caribbean and Pacific States | African Development Bank | International Telecommunication Union | International Renewable Energy Agency | World Customs Organization | International Finance Corporation | Southern African Development Community | International Development Association | Organisation for the Prohibition of Chemical Weapons | Multilateral Investment Guarantee Agency | Gulf of Guinea Commission | African Continental Free Trade Area"
http://www.wikidata.org/entity/Q781,Antigua and Barbuda,AG,ATG,440.29,101489,79,0.851,1757603704,2022-01-01 00:00:00+00:00,1981-11-01T00:00:00Z,left,North America,constitutional monarchy,English,Eastern Caribbean dollar,2,"United Nations | Commonwealth of Nations | UNESCO | World Health Organization | World Trade Organization | Interpol | Universal Postal Union | Organization of American States | World Meteorological Organization | Treaty on the Non-Proliferation of Nuclear Weapons | International Bank for Reconstruction and Development | Caribbean Community | Organisation of African, Caribbean and Pacific States | International Telecommunication Union | Alliance of Small Island States | World Customs Organization | International Finance Corporation | Organisation for the Prohibition of Chemical Weapons | Multilateral Investment Guarantee Agency | Agency for the Prohibition of Nuclear Weapons in Latin America and the Caribbean | Caribbean Development Bank | Caribbean Disaster Emergency Management Agency | Caribbean Free Trade Association"
http://www.wikidata.org/entity/Q414,Argentina,AR,ARG,2780400,47327407,76,0.842,646075277525,2023-01-01 00:00:00+00:00,1816-07-09T00:00:00Z,right,South America,federal republic,Spanish,Argentine convertible peso,6,United Nations | Union of South American Nations | Q4264 | UNESCO | World Health Organization | World Trade Organization | Interpol | Universal Postal Union | G20 | Organization of American States | World Meteorological Organization | Antarctic Treaty System | Treaty on the Non-Proliferation of Nuclear Weapons | Central American Bank for Economic Integration | International Bank for Reconstruction and Development | International Hydrographic Organization | ABC nations | African Development Bank | International Telecommunication Union | International Renewable Energy Agency | Andean Community | World Customs Organization | International Finance Corporation | Australia Group | International Holocaust Remembrance Alliance | International Development Association | Organisation for the Prohibition of Chemical Weapons | International Centre for Settlement of Investment Disputes | Multilateral Investment Guarantee Agency | Missile Technology Control Regime | Nuclear Suppliers Group | Agency for the Prohibition of Nuclear Weapons in Latin America and the Caribbean | Group on Earth Observations
http://www.wikidata.org/entity/Q399,Armenia,AM,ARM,29743.423459,2930450,74.618,0.759,24085749592,2023-01-01 00:00:00+00:00,1991-09-23T00:00:00Z,right,Asia,republic | parliamentary system | unitary state,Armenian,Armenian dram,4,United Nations
http://www.wikidata.org/entity/Q408,Australia,AU,AUS,7692024,27614411,83.1,0.951,1757022451653,2024-01-01 00:00:00+00:00,1901-01-01T00:00:00Z,left,Oceania,constitutional monarchy | federation | representative democracy,Auslan | Australian English,Australian dollar,7,United Nations | Association of Southeast Asian Nations | Commonwealth of Nations | UNESCO | World Health Organization | World Trade Organization | Interpol | Universal Postal Union | G20 | Organization for Economic Cooperation and Development | Visa Waiver Program | Food and Agriculture Organization | World Meteorological Organization | Asia-Pacific Economic Cooperation | Antarctic Treaty System | Treaty on the Non-Proliferation of Nuclear Weapons | Asian Development Bank | International Bank for Reconstruction and Development | International Hydrographic Organization | Southeast Asia Treaty Organization | ANZUS | Bank for International Settlements | International Telecommunication Union | European Bank for Reconstruction and Development | East Asia Summit | World Customs Organization | International Finance Corporation | Pacific Islands Forum | Australia Group | International Holocaust Remembrance Alliance | International Energy Agency | International Development Association | Organisation for the Prohibition of Chemical Weapons | Pacific Community | International Centre for Settlement of Investment Disputes | Multilateral Investment Guarantee Agency | Missile Technology Control Regime | Colombo Plan | Nuclear Suppliers Group | ANZUK | ABCANZ Armies | AUSCANNZUKUS | Air Force Interoperability Council | Combined Communications-Electronics Board | Group on Earth Observations | The Technical Cooperation Program | ASEAN Regional Forum | Five Eyes | AUKUS
http://www.wikidata.org/entity/Q40,Austria,AT,AUT,83878.99,8979894,81,0.916,511685203845,2023-01-01 00:00:00+00:00,1918-11-12T00:00:00Z,right,Europe,republic | semi-presidential system | federal parliamentary republic,German | Austrian Sign Language,euro,8,European Union | United Nations | UNESCO | World Health Organization | World Trade Organization | Interpol | Council of Europe | Universal Postal Union | Organization for Economic Cooperation and Development | Visa Waiver Program | Organization for Security and Co-operation in Europe | European Southern Observatory | European Free Trade Association | World Meteorological Organization | Treaty on the Non-Proliferation of Nuclear Weapons | Asian Development Bank | International Bank for Reconstruction and Development | African Development Bank | International Telecommunication Union | International Centre for Migration Policy Development | World Customs Organization | International Finance Corporation | Eurocontrol | Australia Group | International Holocaust Remembrance Alliance | International Energy Agency | International Development Association | Organisation for the Prohibition of Chemical Weapons | International Centre for Settlement of Investment Disputes | International Military Sports Council | Multilateral Investment Guarantee Agency | Missile Technology Control Regime | European Payments Union | Nuclear Suppliers Group | Schengen Area | Movement Coordination Centre Europe | Group on Earth Observations | International Energy Forum | Q131720477
http://www.wikidata.org/entity/Q227,Azerbaijan,AZ,AZE,86600,10180770,72.026,0.745,72356176470,2023-01-01 00:00:00+00:00,1991-01-01T00:00:00Z,right,Asia,republic | semi-presidential system | unitary state,Azerbaijani | Azerbaijani Sign Language,Azerbaijani manat,5,United Nations
http://www.wikidata.org/entity/Q398,Bahrain,BH,BHR,786.5,1569666,76.9,0.875,44390820479,2022-01-01 00:00:00+00:00,1971-08-14T00:00:00Z,right,Asia,constitutional monarchy,Arabic,Bahraini dinar,2,United Nations | League of Arab States | UNESCO | World Health Organization | World Trade Organization | Interpol | Universal Postal Union | Organisation of Islamic Cooperation | International Civil Defence Organisation | World Meteorological Organization | Treaty on the Non-Proliferation of Nuclear Weapons | International Bank for Reconstruction and Development | Cooperation Council for the Arab States of the Persian Gulf | International Hydrographic Organization | International Telecommunication Union | World Customs Organization | Arab Monetary Fund | International Finance Corporation | Organisation for the Prohibition of Chemical Weapons | International Centre for Settlement of Investment Disputes | Multilateral Investment Guarantee Agency | Arab Fund for Economic and Social Development | Arab Bank for Economic Development in Africa | Group on Earth Observations
http://www.wikidata.org/entity/Q902,Bangladesh,BD,BGD,147570,171466990,74,0.661,437415331040,2023-01-01 00:00:00+00:00,1971-03-26T00:00:00Z,left,Asia,Westminster system | parliamentary republic,Bangla,Bangladeshi taka,2,United Nations | Commonwealth of Nations | UNESCO | World Health Organization | World Trade Organization | Interpol | Universal Postal Union | Organisation of Islamic Cooperation | South Asian Association for Regional Cooperation | World Meteorological Organization | Treaty on the Non-Proliferation of Nuclear Weapons | Asian Development Bank | International Bank for Reconstruction and Development | International Hydrographic Organization | International Telecommunication Union | United Nations–African Union Hybrid Operation in Darfur | World Customs Organization | International Finance Corporation | Bay of Bengal Initiative for Multi-Sectoral Technical and Economic Cooperation | International Development Association | Organisation for the Prohibition of Chemical Weapons | International Centre for Settlement of Investment Disputes | Multilateral Investment Guarantee Agency | Group on Earth Observations | ASEAN Regional Forum
http://www.wikidata.org/entity/Q244,Barbados,BB,BRB,439,303431,78,0.79,5637914515,2022-01-01 00:00:00+00:00,1966-11-30T00:00:00Z,left,North America,unitary state | parliamentary republic,English | Bajan Creole,Barbadian dollar,0,"United Nations | Commonwealth of Nations | UNESCO | World Health Organization | World Trade Organization | Interpol | Universal Postal Union | Organization of American States | World Meteorological Organization | Treaty on the Non-Proliferation of Nuclear Weapons | International Bank for Reconstruction and Development | Caribbean Community | Organisation of African, Caribbean and Pacific States | International Telecommunication Union | International Renewable Energy Agency | Alliance of Small Island States | World Customs Organization | International Finance Corporation | International Development Association | Organisation for the Prohibition of Chemical Weapons | International Centre for Settlement of Investment Disputes | Multilateral Investment Guarantee Agency | Agency for the Prohibition of Nuclear Weapons in Latin America and the Caribbean | Caribbean Development Bank | Caribbean Disaster Emergency Management Agency | Caribbean Free Trade Association"
http://www.wikidata.org/entity/Q184,Belarus,BY,BLR,207596.76,9056080,73.82683,0.808,71857382745,2023-01-01 00:00:00+00:00,1991-09-19T00:00:00Z,right,Europe,republic | presidential system,Russian | Belarusian,Belarusian ruble,6,United Nations | Commonwealth of Independent States | UNESCO | World Health Organization | Interpol | Universal Postal Union | Organization for Security and Co-operation in Europe | Non-Aligned Movement | International Civil Defence Organisation | Union State | World Meteorological Organization | Treaty on the Non-Proliferation of Nuclear Weapons | International Bank for Reconstruction and Development | Eastern Partnership | Collective Security Treaty Organization | International Telecommunication Union | Eurasian Economic Community | World Customs Organization | International Finance Corporation | Organisation for the Prohibition of Chemical Weapons | International Centre for Settlement of Investment Disputes | Multilateral Investment Guarantee Agency | Nuclear Suppliers Group | Commonwealth of Independent States Free Trade Area | Treaty on Open Skies
http://www.wikidata.org/entity/Q31,Belgium,BE,BEL,30688,11825551,81.69,0.937,644782756682,2023-01-01 00:00:00+00:00,1830-10-04T00:00:00Z,right,Europe,federation,French | German | Dutch,euro,4,European Union | United Nations | NATO | UNESCO | World Health Organization | World Trade Organization | Interpol | Council of Europe | European Economic Area | Benelux | Universal Postal Union | Organization for Economic Cooperation and Development | European Space Agency | Visa Waiver Program | Organization for Security and Co-operation in Europe | Organisation internationale de la Francophonie | European Air Transport Command | European Southern Observatory | Dutch Language Union | World Meteorological Organization | Antarctic Treaty System | Treaty on the Non-Proliferation of Nuclear Weapons | Asian Development Bank | International Bank for Reconstruction and Development | International Hydrographic Organization | African Development Bank | International Telecommunication Union | Organisation for Joint Armament Cooperation | World Customs Organization | International Finance Corporation | Eurocontrol | Australia Group | International Holocaust Remembrance Alliance | International Energy Agency | International Development Association | Organisation for the Prohibition of Chemical Weapons | International Centre for Settlement of Investment Disputes | Multilateral Investment Guarantee Agency | Missile Technology Control Regime | European Payments Union | Nuclear Suppliers Group | Global Biodiversity Information Facility | Belgium–Luxembourg Economic Union | Treaty on Open Skies | Schengen Area | Movement Coordination Centre Europe | Group on Earth Observations | Q131720477
http://www.wikidata.org/entity/Q242,Belize,BZ,BLZ,22966,411106,71,0.683,3066850000,2023-01-01 00:00:00+00:00,1981-09-21T00:00:00Z,right,North America,constitutional monarchy | parliamentary monarchy,English,Belize dollar,3,"United Nations | Commonwealth of Nations | UNESCO | World Health Organization | World Trade Organization | Interpol | Universal Postal Union | Organization of American States | World Meteorological Organization | Treaty on the Non-Proliferation of Nuclear Weapons | International Bank for Reconstruction and Development | Caribbean Community | Organisation of African, Caribbean and Pacific States | International Telecommunication Union | Alliance of Small Island States | World Customs Organization | International Finance Corporation | International Development Association | Organisation for the Prohibition of Chemical Weapons | Multilateral Investment Guarantee Agency | Community of Latin American and Caribbean States | Association of Caribbean States | International Regional Organization for Agricultural Health | Agency for the Prohibition of Nuclear Weapons in Latin America and the Caribbean | Caribbean Development Bank | Caribbean Disaster Emergency Management Agency | Group on Earth Observations"
http://www.wikidata.org/entity/Q962,Benin,BJ,BEN,114763,14111034,60.907,0.525,19676049075,2023-01-01 00:00:00+00:00,1960-08-01T00:00:00Z,right,Africa,republic,French,West African CFA franc,4,"United Nations | African Union | UNESCO | World Health Organization | World Trade Organization | Interpol | Universal Postal Union | Organisation of Islamic Cooperation | Organisation internationale de la Francophonie | International Civil Defence Organisation | World Meteorological Organization | Treaty on the Non-Proliferation of Nuclear Weapons | International Bank for Reconstruction and Development | Economic Community of West African States | Organisation of African, Caribbean and Pacific States | African Development Bank | International Telecommunication Union | World Customs Organization | International Finance Corporation | International Development Association | Organisation for the Prohibition of Chemical Weapons | International Centre for Settlement of Investment Disputes | Conseil de l'Entente | Multilateral Investment Guarantee Agency | OHADA | AFRISTAT | Multinational Joint Task Force | African Continental Free Trade Area"
http://www.wikidata.org/entity/Q917,Bhutan,BT,BTN,38394,787424,71.5,0.666,2539551327,2021-01-01 00:00:00+00:00,1949-08-08T00:00:00Z,left,Asia,constitutional monarchy,Dzongkha,ngultrum,2,United Nations | UNESCO | World Health Organization | Interpol | Universal Postal Union | World Meteorological Organization | Treaty on the Non-Proliferation of Nuclear Weapons | Asian Development Bank | International Bank for Reconstruction and Development | International Telecommunication Union | World Customs Organization | International Finance Corporation | Bay of Bengal Initiative for Multi-Sectoral Technical and Economic Cooperation | International Development Association | Organisation for the Prohibition of Chemical Weapons | Multilateral Investment Guarantee Agency
http://www.wikidata.org/entity/Q750,Bolivia,BO,BOL,1098581,12244159,65,0.692,43068885673,2022-01-01 00:00:00+00:00,1825-01-01T00:00:00Z,right,South America,republic | parliamentary republic,Spanish | Aymara | Quechua | Guarani,boliviano,5,United Nations | Union of South American Nations | Q4264 | UNESCO | World Health Organization | World Trade Organization | Interpol | Universal Postal Union | Organization of American States | World Meteorological Organization | Treaty on the Non-Proliferation of Nuclear Weapons | International Bank for Reconstruction and Development | International Telecommunication Union | Andean Community | World Customs Organization | International Finance Corporation | International Development Association | Organisation for the Prohibition of Chemical Weapons | Rio Group | Multilateral Investment Guarantee Agency | Agency for the Prohibition of Nuclear Weapons in Latin America and the Caribbean
http://www.wikidata.org/entity/Q225,Bosnia and Herzegovina,BA,BIH,51197,3816459,76.911,0.78,27514782476,2023-01-01 00:00:00+00:00,1992-03-01T00:00:00Z,right,Europe,republic | federal republic,Croatian | Serbian | Bosnian,convertible mark,4,United Nations | UNESCO | World Health Organization | Interpol | Council of Europe | Universal Postal Union | Organization for Security and Co-operation in Europe | International Civil Defence Organisation | World Meteorological Organization | Treaty on the Non-Proliferation of Nuclear Weapons | International Bank for Reconstruction and Development | International Telecommunication Union | International Centre for Migration Policy Development | World Customs Organization | International Finance Corporation | Eurocontrol | International Development Association | Organisation for the Prohibition of Chemical Weapons | International Centre for Settlement of Investment Disputes | Multilateral Investment Guarantee Agency | Treaty on Open Skies
http://www.wikidata.org/entity/Q963,Botswana,BW,BWA,581737,2480244,66.797,0.693,20352322157,2022-01-01 00:00:00+00:00,1966-09-30T00:00:00Z,left,Africa,parliamentary republic,English,Botswana pula,4,"United Nations | African Union | Commonwealth of Nations | UNESCO | World Health Organization | World Trade Organization | Interpol | Universal Postal Union | World Meteorological Organization | Treaty on the Non-Proliferation of Nuclear Weapons | International Bank for Reconstruction and Development | Organisation of African, Caribbean and Pacific States | African Development Bank | International Telecommunication Union | World Customs Organization | International Finance Corporation | Southern African Development Community | International Development Association | Organisation for the Prohibition of Chemical Weapons | International Centre for Settlement of Investment Disputes | Multilateral Investment Guarantee Agency | Southern African Customs Union | African Continental Free Trade Area"
http://www.wikidata.org/entity/Q155,Brazil,BR,BRA,8515767,213421037,75.723,0.754,1920095560995,2022-01-01 00:00:00+00:00,1822-09-07T00:00:00Z,right,South America,federal republic | presidential system | representative democracy,Portuguese,Brazilian real,11,United Nations | Union of South American Nations | Q4264 | UNESCO | World Health Organization | World Trade Organization | Interpol | Universal Postal Union | G20 | International Criminal Court | South Atlantic Peace and Cooperation Zone | Latin Union | Organization of American States | European Southern Observatory | World Meteorological Organization | Community of Portuguese Language Countries | International Bank for Reconstruction and Development | BRICS | ABC nations | African Development Bank | International Telecommunication Union | Summits of the Americas | Andean Community | Latin American and Caribbean Parliament | Ibero-American Summit | Amazon Cooperation Treaty Organization | Latin American and the Caribbean Economic System | Latin American Integration Association | International Finance Corporation | International Development Association | BRIC | G4 nations | Organisation for the Prohibition of Chemical Weapons | Rio Group | Cairns Group | Multilateral Investment Guarantee Agency | Community of Latin American and Caribbean States | Missile Technology Control Regime | Nuclear Suppliers Group | G8+5 | IBSA Dialogue Forum | Summit of South American-Arab Countries | Agency for the Prohibition of Nuclear Weapons in Latin America and the Caribbean | Group on Earth Observations | Forum of East Asia–Latin America Cooperation
http://www.wikidata.org/entity/Q921,Brunei,BN,BRN,5765.313533,458949,77.203,0.829,16681531646,2022-01-01 00:00:00+00:00,1984-01-01T00:00:00Z,left,Asia,unitary state | absolute monarchy | Islamic state,British English | Malay,Brunei dollar,1,United Nations | Association of Southeast Asian Nations | Commonwealth of Nations | UNESCO | World Health Organization | World Trade Organization | Interpol | Universal Postal Union | Visa Waiver Program | Organisation of Islamic Cooperation | World Meteorological Organization | Asia-Pacific Economic Cooperation | Treaty on the Non-Proliferation of Nuclear Weapons | Asian Development Bank | International Bank for Reconstruction and Development | International Hydrographic Organization | International Telecommunication Union | World Customs Organization | Organisation for the Prohibition of Chemical Weapons | International Centre for Settlement of Investment Disputes | ASEAN Regional Forum
http://www.wikidata.org/entity/Q219,Bulgaria,BG,BGR,110993.6,6437360,73.47,0.799,102407653020,2023-01-01 00:00:00+00:00,1878-07-13T00:00:00Z,right,Europe,parliamentary republic,Bulgarian,euro,6,European Union | United Nations | NATO | UNESCO | World Health Organization | World Trade Organization | Interpol | Council of Europe | Universal Postal Union | Warsaw Pact | Organization for Security and Co-operation in Europe | Organisation internationale de la Francophonie | World Meteorological Organization | Antarctic Treaty System | Treaty on the Non-Proliferation of Nuclear Weapons | International Bank for Reconstruction and Development | COMECON | International Telecommunication Union | Organization of the Black Sea Economic Cooperation | International Centre for Migration Policy Development | World Customs Organization | International Finance Corporation | Eurocontrol | Australia Group | International Holocaust Remembrance Alliance | Organisation for the Prohibition of Chemical Weapons | International Centre for Settlement of Investment Disputes | Multilateral Investment Guarantee Agency | Missile Technology Control Regime | Nuclear Suppliers Group | Strategic Airlift Capability | Treaty on Open Skies | Schengen Area | Movement Coordination Centre Europe | Group on Earth Observations | Q131720477
http://www.wikidata.org/entity/Q965,Burkina Faso,BF,BFA,274200,23025776,60.361,0.449,20324617844,2023-01-01 00:00:00+00:00,1960-01-01T00:00:00Z,right,Africa,republic | military junta,Dioula | Bissa | Mooré,West African CFA franc,6,"United Nations | African Union | UNESCO | World Health Organization | World Trade Organization | Interpol | Universal Postal Union | Organisation of Islamic Cooperation | Organisation internationale de la Francophonie | International Civil Defence Organisation | World Meteorological Organization | Treaty on the Non-Proliferation of Nuclear Weapons | International Bank for Reconstruction and Development | Economic Community of West African States | Organisation of African, Caribbean and Pacific States | African Development Bank | International Telecommunication Union | United Nations–African Union Hybrid Operation in Darfur | World Customs Organization | International Finance Corporation | International Development Association | Organisation for the Prohibition of Chemical Weapons | International Centre for Settlement of Investment Disputes | Conseil de l'Entente | Multilateral Investment Guarantee Agency | OHADA | AFRISTAT | Group on Earth Observations | African Continental Free Trade Area"
http://www.wikidata.org/entity/Q967,Burundi,BI,BDI,27834,13689450,57.481,0.426,2642161668,2023-01-01 00:00:00+00:00,1962-07-01T00:00:00Z,right,Africa,presidential system | representative democracy,French | English | Kirundi,Burundian franc,3,"United Nations | African Union | UNESCO | World Health Organization | World Trade Organization | Interpol | Universal Postal Union | Organisation internationale de la Francophonie | International Civil Defence Organisation | World Meteorological Organization | Treaty on the Non-Proliferation of Nuclear Weapons | Economic Community of Central African States | International Bank for Reconstruction and Development | Organisation of African, Caribbean and Pacific States | African Development Bank | International Telecommunication Union | United Nations–African Union Hybrid Operation in Darfur | World Customs Organization | International Finance Corporation | International Development Association | Organisation for the Prohibition of Chemical Weapons | International Centre for Settlement of Investment Disputes | Multilateral Investment Guarantee Agency | AFRISTAT | African Continental Free Trade Area"
http://www.wikidata.org/entity/Q424,Cambodia,KH,KHM,181035,17423880,68.981,0.593,29956769529,2022-01-01 00:00:00+00:00,1953-11-09T00:00:00Z,right,Asia,constitutional monarchy,Khmer,riel,4,United Nations | Association of Southeast Asian Nations | UNESCO | World Health Organization | World Trade Organization | Interpol | Universal Postal Union | Organisation internationale de la Francophonie | World Meteorological Organization | Treaty on the Non-Proliferation of Nuclear Weapons | Asian Development Bank | International Bank for Reconstruction and Development | International Telecommunication Union | United Nations–African Union Hybrid Operation in Darfur | World Customs Organization | International Finance Corporation | International Development Association | Organisation for the Prohibition of Chemical Weapons | International Centre for Settlement of Investment Disputes | Multilateral Investment Guarantee Agency | Group on Earth Observations | ASEAN Regional Forum
http://www.wikidata.org/entity/Q1009,Cameroon,CM,CMR,475442,28372687,58.073,0.576,44341646509,2022-01-01 00:00:00+00:00,1960-01-01T00:00:00Z,right,Africa,republic,French | English,Central African CFA franc,6,"United Nations | African Union | Commonwealth of Nations | UNESCO | World Health Organization | World Trade Organization | Interpol | Universal Postal Union | Organisation of Islamic Cooperation | Organisation internationale de la Francophonie | International Civil Defence Organisation | World Meteorological Organization | Treaty on the Non-Proliferation of Nuclear Weapons | Economic Community of Central African States | Bank of Central African States | International Bank for Reconstruction and Development | International Hydrographic Organization | Organisation of African, Caribbean and Pacific States | African Development Bank | International Telecommunication Union | United Nations–African Union Hybrid Operation in Darfur | World Customs Organization | International Finance Corporation | International Development Association | Organisation for the Prohibition of Chemical Weapons | International Centre for Settlement of Investment Disputes | Multilateral Investment Guarantee Agency | Economic and Monetary Community of Central Africa | OHADA | Gulf of Guinea Commission | Lake Chad Basin Commission | AFRISTAT | Group on Earth Observations | Multinational Joint Task Force | African Continental Free Trade Area"
http://www.wikidata.org/entity/Q16,Canada,CA,CAN,9984670,36991981,83.62,0.936,2206764000000,2020-01-01 00:00:00+00:00,1867-07-01T00:00:00Z,right,North America,constitutional monarchy | federation | parliamentary system,French | English,Canadian dollar,2,United Nations | NATO | Commonwealth of Nations | UNESCO | World Health Organization | World Trade Organization | Interpol | Universal Postal Union | G20 | G8 | League of Nations | Organization for Economic Cooperation and Development | Organization for Security and Co-operation in Europe | Organization of American States | Organisation internationale de la Francophonie | World Meteorological Organization | Asia-Pacific Economic Cooperation | North American Free Trade Agreement | Treaty on the Non-Proliferation of Nuclear Weapons | Asian Development Bank | International Bank for Reconstruction and Development | International Hydrographic Organization | African Development Bank | International Telecommunication Union | World Customs Organization | International Finance Corporation | Arctic Council | Australia Group | International Holocaust Remembrance Alliance | International Energy Agency | International Development Association | Organisation for the Prohibition of Chemical Weapons | International Centre for Settlement of Investment Disputes | Multilateral Investment Guarantee Agency | Missile Technology Control Regime | Nuclear Suppliers Group | G7 | Treaty on Open Skies | ABCANZ Armies | Caribbean Development Bank | Movement Coordination Centre Europe | AUSCANNZUKUS | Air Force Interoperability Council | Combined Communications-Electronics Board | Group on Earth Observations | The Technical Cooperation Program | ASEAN Regional Forum | Five Eyes
http://www.wikidata.org/entity/Q1011,Cape Verde,CV,CPV,4033,555988,72.798,0.662,2314816792,2022-01-01 00:00:00+00:00,1975-07-05T00:00:00Z,right,Africa,parliamentary republic,Portuguese | Cape Verdean Creole,Cape Verdean escudo,0,"United Nations | African Union | International Monetary Fund | UNESCO | World Health Organization | World Trade Organization | Interpol | Universal Postal Union | Food and Agriculture Organization | Non-Aligned Movement | International Civil Aviation Organization | Organisation internationale de la Francophonie | World Meteorological Organization | UN Trade and Development | Community of Portuguese Language Countries | Treaty on the Non-Proliferation of Nuclear Weapons | International Bank for Reconstruction and Development | Organisation of African Unity | Economic Community of West African States | International Maritime Organization | Organisation of African, Caribbean and Pacific States | African Development Bank | International Telecommunication Union | United Nations Industrial Development Organization | Group of 77 | Alliance of Small Island States | World Customs Organization | International Finance Corporation | International Fund for Agricultural Development | Intelsat | International Development Association | Organisation for the Prohibition of Chemical Weapons | International Centre for Settlement of Investment Disputes | Multilateral Investment Guarantee Agency | United Nations Economic Commission for Africa | AFRISTAT | African Continental Free Trade Area"
http://www.wikidata.org/entity/Q929,Central African Republic,CF,CAF,622984,5152421,52.171,0.404,2382618615,2022-01-01 00:00:00+00:00,1960-01-01T00:00:00Z,right,Africa,,French | Sango,Central African CFA franc,7,"United Nations | African Union | UNESCO | World Health Organization | World Trade Organization | Interpol | Universal Postal Union | Organisation internationale de la Francophonie | International Civil Defence Organisation | World Meteorological Organization | Treaty on the Non-Proliferation of Nuclear Weapons | Economic Community of Central African States | Bank of Central African States | International Bank for Reconstruction and Development | Organisation of African, Caribbean and Pacific States | African Development Bank | International Telecommunication Union | World Customs Organization | International Finance Corporation | International Development Association | Organisation for the Prohibition of Chemical Weapons | International Centre for Settlement of Investment Disputes | Multilateral Investment Guarantee Agency | Economic and Monetary Community of Central Africa | OHADA | Lake Chad Basin Commission | AFRISTAT | Group on Earth Observations | African Continental Free Trade Area"
http://www.wikidata.org/entity/Q657,Chad,TD,TCD,1284000,19319064,52.903,0.394,12704149842,2022-01-01 00:00:00+00:00,1960-08-11T00:00:00Z,right,Africa,,French | Arabic,Central African CFA franc,7,"United Nations | African Union | UNESCO | World Health Organization | World Trade Organization | Interpol | Universal Postal Union | Organisation of Islamic Cooperation | Organisation internationale de la Francophonie | International Civil Defence Organisation | World Meteorological Organization | Treaty on the Non-Proliferation of Nuclear Weapons | Economic Community of Central African States | Bank of Central African States | International Bank for Reconstruction and Development | Organisation of African, Caribbean and Pacific States | African Development Bank | International Telecommunication Union | World Customs Organization | International Finance Corporation | International Development Association | Organisation for the Prohibition of Chemical Weapons | International Centre for Settlement of Investment Disputes | Multilateral Investment Guarantee Agency | Economic and Monetary Community of Central Africa | OHADA | Lake Chad Basin Commission | AFRISTAT | Multinational Joint Task Force | African Continental Free Trade Area"
http://www.wikidata.org/entity/Q298,Chile,CL,CHL,756102,19458000,80,0.855,301025249438,2022-01-01 00:00:00+00:00,1810-09-18T00:00:00Z,right,South America,democratic republic,Spanish,Chilean peso,3,United Nations | Union of South American Nations | UNESCO | World Health Organization | World Trade Organization | Interpol | Latin America | Universal Postal Union | Organization for Economic Cooperation and Development | Visa Waiver Program | Organization of American States | International Civil Defence Organisation | World Meteorological Organization | Asia-Pacific Economic Cooperation | Antarctic Treaty System | Treaty on the Non-Proliferation of Nuclear Weapons | International Bank for Reconstruction and Development | International Hydrographic Organization | ABC nations | International Telecommunication Union | Andean Community | World Customs Organization | International Finance Corporation | International Development Association | Organisation for the Prohibition of Chemical Weapons | International Centre for Settlement of Investment Disputes | Multilateral Investment Guarantee Agency | Agency for the Prohibition of Nuclear Weapons in Latin America and the Caribbean | Group on Earth Observations | Carbon Neutrality Coalition
http://www.wikidata.org/entity/Q739,Colombia,CO,COL,1141748,52321152,74,0.752,343939445259,2022-01-01 00:00:00+00:00,1810-01-01T00:00:00Z,right,South America,republic,Spanish,Colombian peso,6,United Nations | Union of South American Nations | UNESCO | World Health Organization | World Trade Organization | Interpol | Universal Postal Union | Organization for Economic Cooperation and Development | Organization of American States | World Meteorological Organization | Treaty on the Non-Proliferation of Nuclear Weapons | Central American Bank for Economic Integration | International Bank for Reconstruction and Development | International Hydrographic Organization | International Telecommunication Union | Andean Community | World Customs Organization | International Finance Corporation | International Development Association | Organisation for the Prohibition of Chemical Weapons | International Centre for Settlement of Investment Disputes | Multilateral Investment Guarantee Agency | Community of Latin American and Caribbean States | Agency for the Prohibition of Nuclear Weapons in Latin America and the Caribbean | Caribbean Development Bank | Group on Earth Observations
http://www.wikidata.org/entity/Q970,Comoros,KM,COM,2034,902348,63.701,0.558,1242519407,2022-01-01 00:00:00+00:00,1975-07-06T00:00:00Z,right,Africa,federal republic,French | Arabic | Comorian,Comorian franc,5,"United Nations | African Union | League of Arab States | UNESCO | World Health Organization | Interpol | Universal Postal Union | Organisation of Islamic Cooperation | Organisation internationale de la Francophonie | International Civil Defence Organisation | World Meteorological Organization | Treaty on the Non-Proliferation of Nuclear Weapons | International Bank for Reconstruction and Development | Organisation of African, Caribbean and Pacific States | African Development Bank | Alliance of Small Island States | World Customs Organization | Arab Monetary Fund | International Finance Corporation | International Development Association | Organisation for the Prohibition of Chemical Weapons | International Centre for Settlement of Investment Disputes | Multilateral Investment Guarantee Agency | Indian Ocean Commission | OHADA | AFRISTAT | African Continental Free Trade Area"
http://www.wikidata.org/entity/Q800,Costa Rica,CR,CRI,51179.92,5265575,79.831,0.809,68380838316,2022-01-01 00:00:00+00:00,1821-01-01T00:00:00Z,right,North America,,Spanish,Costa Rican colón,2,United Nations | UNESCO | World Health Organization | World Trade Organization | Interpol | Universal Postal Union | Organization for Economic Cooperation and Development | Organization of American States | World Meteorological Organization | Treaty on the Non-Proliferation of Nuclear Weapons | Central American Bank for Economic Integration | Central American Common Market | International Bank for Reconstruction and Development | International Telecommunication Union | World Customs Organization | International Finance Corporation | International Development Association | Organisation for the Prohibition of Chemical Weapons | International Centre for Settlement of Investment Disputes | Multilateral Investment Guarantee Agency | International Regional Organization for Agricultural Health | Agency for the Prohibition of Nuclear Weapons in Latin America and the Caribbean | Group on Earth Observations
http://www.wikidata.org/entity/Q224,Croatia,HR,HRV,56594,3871833,78,0.858,70964606465,2022-01-01 00:00:00+00:00,1991-06-25T00:00:00Z,right,Europe,republic,Croatian,euro,6,European Union | United Nations | NATO | UNESCO | World Health Organization | World Trade Organization | Interpol | Council of Europe | Universal Postal Union | Organization for Security and Co-operation in Europe | World Meteorological Organization | Treaty on the Non-Proliferation of Nuclear Weapons | International Bank for Reconstruction and Development | International Hydrographic Organization | International Telecommunication Union | International Centre for Migration Policy Development | World Customs Organization | International Finance Corporation | Eurocontrol | Australia Group | International Holocaust Remembrance Alliance | International Development Association | Organisation for the Prohibition of Chemical Weapons | International Centre for Settlement of Investment Disputes | Multilateral Investment Guarantee Agency | Nuclear Suppliers Group | Treaty on Open Skies | Schengen Area | Movement Coordination Centre Europe | Group on Earth Observations
http://www.wikidata.org/entity/Q241,Cuba,CU,CUB,109884,10985974,78,0.764,,,1898-12-10T00:00:00Z,right,North America,unitary state,Spanish,Cuban peso,2,"United Nations | UNESCO | World Health Organization | World Trade Organization | Interpol | ALBA | Universal Postal Union | Organization of American States | International Civil Defence Organisation | World Meteorological Organization | Treaty on the Non-Proliferation of Nuclear Weapons | COMECON | International Hydrographic Organization | Organisation of African, Caribbean and Pacific States | International Telecommunication Union | Alliance of Small Island States | World Customs Organization | Organisation for the Prohibition of Chemical Weapons | Community of Latin American and Caribbean States | Agency for the Prohibition of Nuclear Weapons in Latin America and the Caribbean"
http://www.wikidata.org/entity/Q229,Cyprus,CY,CYP,9242.45,1344976,80.508,0.896,28439052741,2022-01-01 00:00:00+00:00,1960-08-16T00:00:00Z,left,Europe,republic | presidential system,Turkish | Greek | Modern Greek,euro,6,European Union | United Nations | Commonwealth of Nations | UNESCO | World Health Organization | World Trade Organization | Interpol | Council of Europe | Universal Postal Union | Organization for Security and Co-operation in Europe | International Civil Defence Organisation | World Meteorological Organization | Treaty on the Non-Proliferation of Nuclear Weapons | International Bank for Reconstruction and Development | International Hydrographic Organization | International Telecommunication Union | World Customs Organization | International Finance Corporation | Eurocontrol | Australia Group | International Development Association | Organisation for the Prohibition of Chemical Weapons | International Centre for Settlement of Investment Disputes | Multilateral Investment Guarantee Agency | Nuclear Suppliers Group | Group on Earth Observations
http://www.wikidata.org/entity/Q213,Czech Republic,CZ,CZE,78871,10909500,79,0.889,250681000000,2019-01-01 00:00:00+00:00,1993-01-01T00:00:00Z,right,Europe,parliamentary republic,Czech,Czech koruna,4,European Union | United Nations | NATO | UNESCO | World Health Organization | World Trade Organization | Interpol | Council of Europe | Universal Postal Union | Organization for Economic Cooperation and Development | European Space Agency | CERN | Visa Waiver Program | Organization for Security and Co-operation in Europe | European Southern Observatory | World Meteorological Organization | Antarctic Treaty System | International Bank for Reconstruction and Development | Visegrád Group | International Telecommunication Union | European Bank for Reconstruction and Development | International Centre for Migration Policy Development | World Customs Organization | International Finance Corporation | Eurocontrol | Australia Group | International Holocaust Remembrance Alliance | International Energy Agency | International Development Association | Organisation for the Prohibition of Chemical Weapons | International Centre for Settlement of Investment Disputes | Multilateral Investment Guarantee Agency | Missile Technology Control Regime | Nuclear Suppliers Group | Treaty on Open Skies | Schengen Area | Movement Coordination Centre Europe | Group on Earth Observations | Q131720477
http://www.wikidata.org/entity/Q974,Democratic Republic of the Congo,CD,COD,2344858,105789731,59.621,0.479,58065953573,2022-01-01 00:00:00+00:00,1960-06-30T00:00:00Z,right,Africa,republic,French,Congolese franc,11,"United Nations | African Union | UNESCO | World Health Organization | World Trade Organization | Interpol | Universal Postal Union | Organisation internationale de la Francophonie | International Civil Defence Organisation | World Meteorological Organization | Treaty on the Non-Proliferation of Nuclear Weapons | Economic Community of Central African States | International Bank for Reconstruction and Development | International Hydrographic Organization | Organisation of African, Caribbean and Pacific States | African Development Bank | International Telecommunication Union | World Customs Organization | International Finance Corporation | Southern African Development Community | International Development Association | Organisation for the Prohibition of Chemical Weapons | International Centre for Settlement of Investment Disputes | Multilateral Investment Guarantee Agency | OHADA | Gulf of Guinea Commission | African Continental Free Trade Area"
http://www.wikidata.org/entity/Q977,Djibouti,DJ,DJI,23200,1152944,62.465,0.509,3515109075,2022-01-01 00:00:00+00:00,1977-06-23T00:00:00Z,right,Africa,,French | Arabic,Djiboutian franc,3,"United Nations | African Union | League of Arab States | UNESCO | World Health Organization | World Trade Organization | Interpol | Universal Postal Union | Organisation of Islamic Cooperation | Organisation internationale de la Francophonie | World Meteorological Organization | Treaty on the Non-Proliferation of Nuclear Weapons | International Bank for Reconstruction and Development | Organisation of African, Caribbean and Pacific States | African Development Bank | International Telecommunication Union | United Nations–African Union Hybrid Operation in Darfur | World Customs Organization | Arab Monetary Fund | International Finance Corporation | International Development Association | Organisation for the Prohibition of Chemical Weapons | Multilateral Investment Guarantee Agency | Arab Fund for Economic and Social Development | AFRISTAT | African Continental Free Trade Area"
http://www.wikidata.org/entity/Q784,Dominica,DM,DMA,751.096551,74656,73,0.74,612048148,2022-01-01 00:00:00+00:00,1978-01-01T00:00:00Z,left,North America,,English,Eastern Caribbean dollar,1,"United Nations | Commonwealth of Nations | UNESCO | World Health Organization | World Trade Organization | Interpol | Universal Postal Union | Organization of American States | Organisation internationale de la Francophonie | World Meteorological Organization | Treaty on the Non-Proliferation of Nuclear Weapons | International Bank for Reconstruction and Development | Caribbean Community | Organisation of African, Caribbean and Pacific States | International Telecommunication Union | Alliance of Small Island States | International Finance Corporation | International Development Association | Organisation for the Prohibition of Chemical Weapons | Multilateral Investment Guarantee Agency | Agency for the Prohibition of Nuclear Weapons in Latin America and the Caribbean | Caribbean Development Bank | Caribbean Disaster Emergency Management Agency"
http://www.wikidata.org/entity/Q786,Dominican Republic,DO,DOM,48670.82,10760028,74,0.767,113641857434,2022-01-01 00:00:00+00:00,1844-01-01T00:00:00Z,right,North America,,Spanish,Dominican peso,4,"United Nations | UNESCO | World Health Organization | World Trade Organization | Interpol | Universal Postal Union | Organization of American States | World Meteorological Organization | Treaty on the Non-Proliferation of Nuclear Weapons | Central American Bank for Economic Integration | International Bank for Reconstruction and Development | International Hydrographic Organization | Organisation of African, Caribbean and Pacific States | International Telecommunication Union | Alliance of Small Island States | World Customs Organization | International Finance Corporation | International Development Association | Organisation for the Prohibition of Chemical Weapons | Multilateral Investment Guarantee Agency | International Regional Organization for Agricultural Health | Agency for the Prohibition of Nuclear Weapons in Latin America and the Caribbean | Caribbean Forum"
http://www.wikidata.org/entity/Q736,Ecuador,EC,ECU,257204.27,16938986,78,0.74,115049476000,2022-01-01 00:00:00+00:00,1840-02-16T00:00:00Z,right,South America,republic | presidential system,Spanish | Shuar | Northern Quichua,United States dollar,2,United Nations | Union of South American Nations | UNESCO | World Health Organization | World Trade Organization | Interpol | Universal Postal Union | Organization of American States | World Meteorological Organization | Antarctic Treaty System | Treaty on the Non-Proliferation of Nuclear Weapons | International Bank for Reconstruction and Development | International Hydrographic Organization | International Telecommunication Union | United Nations–African Union Hybrid Operation in Darfur | Andean Community | World Customs Organization | International Finance Corporation | International Development Association | Organisation for the Prohibition of Chemical Weapons | Multilateral Investment Guarantee Agency | Agency for the Prohibition of Nuclear Weapons in Latin America and the Caribbean | Group on Earth Observations
http://www.wikidata.org/entity/Q79,Egypt,EG,EGY,1010407.87,114535772,71.484,0.731,476747720365,2022-01-01 00:00:00+00:00,1922-02-28T00:00:00Z,right,Africa,republic,Arabic,Egyptian pound,6,United Nations | African Union | League of Arab States | UNESCO | World Health Organization | World Trade Organization | Interpol | Universal Postal Union | Organisation of Islamic Cooperation | Organisation internationale de la Francophonie | International Civil Defence Organisation | World Meteorological Organization | Treaty on the Non-Proliferation of Nuclear Weapons | International Bank for Reconstruction and Development | International Hydrographic Organization | BRICS | African Development Bank | International Telecommunication Union | United Nations–African Union Hybrid Operation in Darfur | World Customs Organization | Arab Monetary Fund | International Finance Corporation | International Development Association | International Centre for Settlement of Investment Disputes | Multilateral Investment Guarantee Agency | Arab Fund for Economic and Social Development | Arab Bank for Economic Development in Africa | Group on Earth Observations | African Continental Free Trade Area
http://www.wikidata.org/entity/Q792,El Salvador,SV,SLV,21041,6029976,73.512,0.675,32488720000,2022-01-01 00:00:00+00:00,1841-02-02T00:00:00Z,right,North America,republic | presidential system | representative democracy,Spanish,United States dollar | Bitcoin,2,United Nations | UNESCO | World Health Organization | World Trade Organization | Interpol | Universal Postal Union | Organization of American States | International Civil Defence Organisation | World Meteorological Organization | Treaty on the Non-Proliferation of Nuclear Weapons | Central American Bank for Economic Integration | Central American Common Market | International Bank for Reconstruction and Development | International Telecommunication Union | World Customs Organization | International Finance Corporation | International Development Association | Organisation for the Prohibition of Chemical Weapons | International Centre for Settlement of Investment Disputes | Multilateral Investment Guarantee Agency | International Regional Organization for Agricultural Health | Agency for the Prohibition of Nuclear Weapons in Latin America and the Caribbean
http://www.wikidata.org/entity/Q983,Equatorial Guinea,GQ,GNQ,28051,1847549,57.681,0.596,11813908448,2022-01-01 00:00:00+00:00,1968-10-12T00:00:00Z,right,Africa,,French | Spanish | Portuguese,Central African CFA franc,3,"United Nations | African Union | Organization of the Petroleum Exporting Countries | UNESCO | World Health Organization | Interpol | Universal Postal Union | Organisation internationale de la Francophonie | Community of Portuguese Language Countries | Treaty on the Non-Proliferation of Nuclear Weapons | Economic Community of Central African States | Bank of Central African States | International Bank for Reconstruction and Development | Organisation of African, Caribbean and Pacific States | African Development Bank | International Telecommunication Union | World Customs Organization | International Finance Corporation | International Development Association | Organisation for the Prohibition of Chemical Weapons | Multilateral Investment Guarantee Agency | Economic and Monetary Community of Central Africa | OHADA | Gulf of Guinea Commission | AFRISTAT | African Continental Free Trade Area"
http://www.wikidata.org/entity/Q986,Eritrea,ER,ERI,117600,3497000,65.092,0.492,,,1993-05-24T00:00:00Z,right,Africa,,English | Arabic | Tigrinya,nakfa,4,"United Nations | African Union | UNESCO | World Health Organization | Interpol | Universal Postal Union | World Meteorological Organization | Treaty on the Non-Proliferation of Nuclear Weapons | International Bank for Reconstruction and Development | Organisation of African, Caribbean and Pacific States | African Development Bank | International Telecommunication Union | World Customs Organization | International Finance Corporation | International Development Association | Organisation for the Prohibition of Chemical Weapons | Multilateral Investment Guarantee Agency | African Continental Free Trade Area"
http://www.wikidata.org/entity/Q191,Estonia,EE,EST,45335,1369995,78,0.89,38100812959,2022-01-01 00:00:00+00:00,1918-02-24T00:00:00Z,right,Europe,parliamentary republic,Estonian,euro,2,European Union | United Nations | NATO | UNESCO | World Health Organization | World Trade Organization | Interpol | Council of Europe | European Economic Area | Universal Postal Union | League of Nations | Organization for Economic Cooperation and Development | International Atomic Energy Agency | Visa Waiver Program | Organization for Security and Co-operation in Europe | World Meteorological Organization | Treaty on the Non-Proliferation of Nuclear Weapons | International Bank for Reconstruction and Development | International Hydrographic Organization | International Telecommunication Union | World Customs Organization | International Finance Corporation | Eurocontrol | Baltic Assembly | Australia Group | Council of the Baltic Sea States | International Holocaust Remembrance Alliance | International Energy Agency | International Development Association | Organisation for the Prohibition of Chemical Weapons | International Centre for Settlement of Investment Disputes | Multilateral Investment Guarantee Agency | Nuclear Suppliers Group | Strategic Airlift Capability | Treaty on Open Skies | Schengen Area | Nordic Battle Group | Movement Coordination Centre Europe | Group on Earth Observations | Q131720477
http://www.wikidata.org/entity/Q1050,Eswatini,SZ,SWZ,17364,1230506,57.754,0.597,4854167638,2022-01-01 00:00:00+00:00,1968-09-06T00:00:00Z,left,Africa,absolute monarchy,English | Swazi,lilangeni,2,"United Nations | African Union | Commonwealth of Nations | UNESCO | World Health Organization | World Trade Organization | Interpol | Universal Postal Union | International Olympic Committee | World Meteorological Organization | International Bank for Reconstruction and Development | FIFA | Organisation of African, Caribbean and Pacific States | African Development Bank | International Telecommunication Union | World Customs Organization | International Finance Corporation | Southern African Development Community | International Development Association | Organisation for the Prohibition of Chemical Weapons | International Centre for Settlement of Investment Disputes | Multilateral Investment Guarantee Agency | Southern African Customs Union | Association of National Olympic Committees | African Continental Free Trade Area"
http://www.wikidata.org/entity/Q115,Ethiopia,ET,ETH,1104300,128691692,65.475,0.498,126783472501,2022-01-01 00:00:00+00:00,1995-08-21T00:00:00Z,right,Africa,federal republic,Amharic,bir,8,"United Nations | African Union | UNESCO | World Health Organization | Interpol | Universal Postal Union | World Meteorological Organization | Treaty on the Non-Proliferation of Nuclear Weapons | International Bank for Reconstruction and Development | BRICS | Organisation of African, Caribbean and Pacific States | African Development Bank | International Telecommunication Union | United Nations–African Union Hybrid Operation in Darfur | World Customs Organization | International Finance Corporation | International Development Association | Organisation for the Prohibition of Chemical Weapons | Multilateral Investment Guarantee Agency | Group on Earth Observations | African Continental Free Trade Area | Carbon Neutrality Coalition"
http://www.wikidata.org/entity/Q702,Federated States of Micronesia,FM,FSM,702,75817,69.195,0.628,427094119,2022-01-01 00:00:00+00:00,1986-11-03T00:00:00Z,right,Oceania,federal republic,English,United States dollar,3,"United Nations | UNESCO | World Health Organization | Interpol | Treaty on the Non-Proliferation of Nuclear Weapons | Asian Development Bank | International Bank for Reconstruction and Development | Organisation of African, Caribbean and Pacific States | International Telecommunication Union | Alliance of Small Island States | International Finance Corporation | International Development Association | Organisation for the Prohibition of Chemical Weapons | International Centre for Settlement of Investment Disputes | Multilateral Investment Guarantee Agency"
http://www.wikidata.org/entity/Q712,Fiji,FJ,FJI,18274,926276,68,0.73,4943248200,2022-01-01 00:00:00+00:00,1970-01-01T00:00:00Z,left,Insular Oceania,,English | Fijian | Fiji Hindi,Fijian dollar,1,"United Nations | Commonwealth of Nations | UNESCO | World Health Organization | World Trade Organization | Interpol | Universal Postal Union | World Meteorological Organization | Treaty on the Non-Proliferation of Nuclear Weapons | Asian Development Bank | International Bank for Reconstruction and Development | International Hydrographic Organization | Organisation of African, Caribbean and Pacific States | International Telecommunication Union | Alliance of Small Island States | World Customs Organization | International Finance Corporation | International Development Association | Organisation for the Prohibition of Chemical Weapons | International Centre for Settlement of Investment Disputes | Multilateral Investment Guarantee Agency"
http://www.wikidata.org/entity/Q33,Finland,FI,FIN,338478.34,5652881,81.2,0.94,280825957768,2022-01-01 00:00:00+00:00,1917-12-06T00:00:00Z,right,Europe,parliamentary republic,Swedish | Finnish,euro,3,European Union | United Nations | NATO | UNESCO | World Health Organization | World Trade Organization | Interpol | Council of Europe | Universal Postal Union | Organization for Economic Cooperation and Development | European Space Agency | Visa Waiver Program | Organization for Security and Co-operation in Europe | Nordic Council | European Southern Observatory | European Free Trade Association | World Meteorological Organization | Antarctic Treaty System | Treaty on the Non-Proliferation of Nuclear Weapons | Asian Development Bank | International Bank for Reconstruction and Development | International Hydrographic Organization | African Development Bank | International Telecommunication Union | World Customs Organization | Partnership for Peace | International Finance Corporation | Eurocontrol | Arctic Council | Australia Group | Council of the Baltic Sea States | International Holocaust Remembrance Alliance | International Energy Agency | International Development Association | Organisation for the Prohibition of Chemical Weapons | International Centre for Settlement of Investment Disputes | Multilateral Investment Guarantee Agency | Missile Technology Control Regime | Nuclear Suppliers Group | Strategic Airlift Capability | Treaty on Open Skies | Schengen Area | Nordic Battle Group | Movement Coordination Centre Europe | Barents Euro-Arctic Council | Group on Earth Observations | Q131720477
http://www.wikidata.org/entity/Q142,France,FR,FRA,643801,68605616,82,0.903,2782905325625,2022-01-01 00:00:00+00:00,0481-01-01T00:00:00Z,right,Europe,semi-presidential system,French,euro | CFP Franc,11,European Union | United Nations | NATO | UNESCO | World Health Organization | World Trade Organization | Interpol | Council of Europe | Universal Postal Union | G20 | G8 | United Nations Security Council | League of Nations | Organization for Economic Cooperation and Development | European Space Agency | CERN | Visa Waiver Program | European Economic Community | Organization for Security and Co-operation in Europe | Organisation internationale de la Francophonie | European Air Transport Command | European Southern Observatory | European Coal and Steel Community | International Civil Defence Organisation | World Meteorological Organization | Antarctic Treaty System | Treaty on the Non-Proliferation of Nuclear Weapons | Asian Development Bank | states with nuclear weapons | International Bank for Reconstruction and Development | International Hydrographic Organization | Southeast Asia Treaty Organization | African Development Bank | International Telecommunication Union | Organisation for Joint Armament Cooperation | World Customs Organization | International Finance Corporation | Eurocontrol | Australia Group | International Holocaust Remembrance Alliance | International Energy Agency | International Development Association | Organisation for the Prohibition of Chemical Weapons | International Centre for Settlement of Investment Disputes | Multilateral Investment Guarantee Agency | Missile Technology Control Regime | Open Government Partnership | European Payments Union | Nuclear Suppliers Group | G7 | Treaty on Open Skies | Schengen Area | Movement Coordination Centre Europe | Group on Earth Observations | Q131720477
http://www.wikidata.org/entity/Q1000,Gabon,GA,GAB,267667,2025137,66.105,0.706,4800000000,2003-01-01 00:00:00+00:00,1960-01-01T00:00:00Z,right,Africa,republic,French,Central African CFA franc,5,"United Nations | African Union | Commonwealth of Nations | Organization of the Petroleum Exporting Countries | UNESCO | World Health Organization | World Trade Organization | Interpol | Universal Postal Union | United Nations Security Council | Organisation of Islamic Cooperation | Organisation internationale de la Francophonie | International Civil Defence Organisation | World Meteorological Organization | Treaty on the Non-Proliferation of Nuclear Weapons | Economic Community of Central African States | Bank of Central African States | International Bank for Reconstruction and Development | Organisation of African, Caribbean and Pacific States | African Development Bank | International Telecommunication Union | World Customs Organization | International Finance Corporation | International Development Association | Organisation for the Prohibition of Chemical Weapons | International Centre for Settlement of Investment Disputes | Multilateral Investment Guarantee Agency | Economic and Monetary Community of Central Africa | OHADA | Gulf of Guinea Commission | AFRISTAT | Group on Earth Observations | African Continental Free Trade Area"
http://www.wikidata.org/entity/Q230,Georgia,GE,GEO,69700,3717100,73.261,0.802,24605375420,2022-01-01 00:00:00+00:00,1991-12-25T00:00:00Z,right,Europe,semi-presidential system | unitary state | parliamentary republic,Abkhaz | Georgian,Georgian lari,4,United Nations | Commonwealth of Independent States | UNESCO | World Health Organization | World Trade Organization | Interpol | Council of Europe | Universal Postal Union | UN Tourism | Organization for Security and Co-operation in Europe | International Civil Defence Organisation | World Intellectual Property Organization | European Convention on Human Rights | Treaty on the Non-Proliferation of Nuclear Weapons | International Bank for Reconstruction and Development | International Hydrographic Organization | Collective Security Treaty Organization | GUAM Organization for Democracy and Economic Development | International Telecommunication Union | Organization of the Black Sea Economic Cooperation | World Customs Organization | International Finance Corporation | Eurocontrol | potential enlargement of the European Union | International Development Association | European Civil Aviation Conference | Treaty on Open Skies | European Common Aviation Area | Group on Earth Observations
http://www.wikidata.org/entity/Q183,Germany,DE,DEU,357587.77,83577140,81.9,0.942,4121200000000,2023-01-01 00:00:00+00:00,1949-05-23T00:00:00Z,right,Europe,parliamentary republic | federal parliamentary republic | federation | republic,German,euro,9,"European Union | United Nations | World Bank | NATO | International Monetary Fund | UNESCO | World Health Organization | World Trade Organization | eurozone | Interpol | Council of Europe | European Atomic Energy Community | European Economic Area | Universal Postal Union | G20 | G8 | Organization for Economic Cooperation and Development | International Atomic Energy Agency | European Space Agency | Visa Waiver Program | International Labour Organization | UN Tourism | Organization for Security and Co-operation in Europe | Food and Agriculture Organization | International Civil Aviation Organization | European Air Transport Command | European Southern Observatory | European Coal and Steel Community | World Meteorological Organization | World Intellectual Property Organization | Antarctic Treaty System | European Convention on Human Rights | Treaty on the Non-Proliferation of Nuclear Weapons | Asian Development Bank | Western European Union | International Bank for Reconstruction and Development | General Agreement on Tariffs and Trade | International Maritime Organization | United Nations Framework Convention on Climate Change | Berne Convention for the Protection of Literary and Artistic Works | International Hydrographic Organization | United Nations Convention to Combat Desertification | African Development Bank | Comprehensive Nuclear-Test-Ban Treaty Organization | International Telecommunication Union | United Nations–African Union Hybrid Operation in Darfur | United Nations Industrial Development Organization | International Centre for Migration Policy Development | Organisation for Joint Armament Cooperation | Weimar Triangle | World Customs Organization | International Finance Corporation | Eurocontrol | International Fund for Agricultural Development | International Commission for the Protection of the Danube River | Australia Group | Council of the Baltic Sea States | International Holocaust Remembrance Alliance | International Energy Agency | International Development Association | G4 nations | Organisation for the Prohibition of Chemical Weapons | International Centre for Settlement of Investment Disputes | International Military Sports Council | Multilateral Investment Guarantee Agency | Paris Charter | Convention on the Rights of Persons with Disabilities | Missile Technology Control Regime | European Payments Union | Nuclear Suppliers Group | IT Planning Council | International Commission for the Protection of the Rhine | G7 | Treaty on Open Skies | Schengen Area | Economic, Monetary and Social Union | Caribbean Development Bank | Movement Coordination Centre Europe | Group on Earth Observations | Q131720477"
http://www.wikidata.org/entity/Q117,Ghana,GH,GHA,238535,32833031,62.742,0.632,72838798788,2022-01-01 00:00:00+00:00,1957-01-01T00:00:00Z,right,Africa,democracy,English,Ghana cedi,3,"United Nations | African Union | Commonwealth of Nations | UNESCO | World Health Organization | World Trade Organization | Interpol | Universal Postal Union | International Civil Defence Organisation | World Meteorological Organization | Treaty on the Non-Proliferation of Nuclear Weapons | International Bank for Reconstruction and Development | Economic Community of West African States | Organisation of African, Caribbean and Pacific States | African Development Bank | International Telecommunication Union | United Nations–African Union Hybrid Operation in Darfur | World Customs Organization | International Finance Corporation | International Development Association | Organisation for the Prohibition of Chemical Weapons | International Centre for Settlement of Investment Disputes | Multilateral Investment Guarantee Agency | Group on Earth Observations | African Continental Free Trade Area"
http://www.wikidata.org/entity/Q41,Greece,GR,GRC,131957,10482487,81.1,0.887,219065872466,2022-01-01 00:00:00+00:00,1821-04-06T00:00:00Z,right,Europe,parliamentary republic,Greek | Demotic Greek | Modern Greek,euro,4,European Union | United Nations | NATO | UNESCO | World Health Organization | World Trade Organization | Interpol | Council of Europe | European Economic Area | Universal Postal Union | Organization for Economic Cooperation and Development | European Space Agency | Visa Waiver Program | Organization for Security and Co-operation in Europe | Organisation internationale de la Francophonie | World Meteorological Organization | Treaty on the Non-Proliferation of Nuclear Weapons | International Bank for Reconstruction and Development | International Hydrographic Organization | International Telecommunication Union | Organization of the Black Sea Economic Cooperation | International Centre for Migration Policy Development | World Customs Organization | International Finance Corporation | Eurocontrol | Australia Group | International Holocaust Remembrance Alliance | International Energy Agency | International Development Association | Organisation for the Prohibition of Chemical Weapons | International Centre for Settlement of Investment Disputes | Multilateral Investment Guarantee Agency | Missile Technology Control Regime | European Payments Union | Nuclear Suppliers Group | Treaty on Open Skies | Schengen Area | Group on Earth Observations | Q131720477
http://www.wikidata.org/entity/Q769,Grenada,GD,GRD,348.5,114299,75,0.795,1256413185,2022-01-01 00:00:00+00:00,1974-01-01T00:00:00Z,left,North America,,English | Grenadian Creole English,Eastern Caribbean dollar,1,"United Nations | Commonwealth of Nations | UNESCO | World Health Organization | World Trade Organization | Interpol | ALBA | Universal Postal Union | Organization of American States | Treaty on the Non-Proliferation of Nuclear Weapons | International Bank for Reconstruction and Development | Caribbean Community | Organisation of African, Caribbean and Pacific States | International Telecommunication Union | Alliance of Small Island States | International Finance Corporation | International Development Association | Organisation for the Prohibition of Chemical Weapons | International Centre for Settlement of Investment Disputes | Multilateral Investment Guarantee Agency | Petrocaribe | Agency for the Prohibition of Nuclear Weapons in Latin America and the Caribbean | Caribbean Development Bank | Caribbean Disaster Emergency Management Agency"
http://www.wikidata.org/entity/Q774,Guatemala,GT,GTM,108889,17263239,73.409,0.627,95003333381,2022-01-01 00:00:00+00:00,1821-01-01T00:00:00Z,right,North America,presidential system | representative democracy,Spanish,quetzal,4,United Nations | UNESCO | World Health Organization | World Trade Organization | Interpol | Universal Postal Union | Organization of American States | World Meteorological Organization | Treaty on the Non-Proliferation of Nuclear Weapons | Central American Bank for Economic Integration | Central American Common Market | International Bank for Reconstruction and Development | International Hydrographic Organization | International Telecommunication Union | World Customs Organization | International Finance Corporation | International Development Association | Organisation for the Prohibition of Chemical Weapons | International Centre for Settlement of Investment Disputes | Multilateral Investment Guarantee Agency | International Regional Organization for Agricultural Health | Agency for the Prohibition of Nuclear Weapons in Latin America and the Caribbean
http://www.wikidata.org/entity/Q1006,Guinea,GN,GIN,245857,12717176,60.015,0.465,25600000000,2025-01-01 00:00:00+00:00,1958-10-02T00:00:00Z,right,Africa,republic,French | languages of Guinea,Guinean franc,6,"United Nations | African Union | UNESCO | World Health Organization | World Trade Organization | Interpol | Universal Postal Union | Organisation of Islamic Cooperation | Organisation internationale de la Francophonie | International Civil Defence Organisation | World Meteorological Organization | Treaty on the Non-Proliferation of Nuclear Weapons | International Bank for Reconstruction and Development | Economic Community of West African States | Organisation of African, Caribbean and Pacific States | African Development Bank | International Telecommunication Union | World Customs Organization | International Finance Corporation | International Development Association | Organisation for the Prohibition of Chemical Weapons | International Centre for Settlement of Investment Disputes | Multilateral Investment Guarantee Agency | Mano River Union | OHADA | AFRISTAT | Group on Earth Observations | African Continental Free Trade Area"
http://www.wikidata.org/entity/Q1007,Guinea-Bissau,GW,GNB,36125,1861283,59.86,0.483,1633559092,2022-01-01 00:00:00+00:00,1974-01-01T00:00:00Z,right,Africa,,Portuguese,West African CFA franc,2,"United Nations | African Union | UNESCO | World Health Organization | World Trade Organization | Interpol | Universal Postal Union | Organisation of Islamic Cooperation | Organisation internationale de la Francophonie | International Civil Defence Organisation | World Meteorological Organization | Community of Portuguese Language Countries | Treaty on the Non-Proliferation of Nuclear Weapons | International Bank for Reconstruction and Development | Economic Community of West African States | Organisation of African, Caribbean and Pacific States | African Development Bank | International Telecommunication Union | Alliance of Small Island States | World Customs Organization | International Finance Corporation | International Development Association | Organisation for the Prohibition of Chemical Weapons | Multilateral Investment Guarantee Agency | OHADA | AFRISTAT | Group on Earth Observations | African Continental Free Trade Area"
http://www.wikidata.org/entity/Q734,Guyana,GY,GUY,214970,878674,66,0.714,15357537068,2022-01-01 00:00:00+00:00,1966-01-01T00:00:00Z,left,South America,parliamentary republic,English,Guyanese dollar,3,"United Nations | Union of South American Nations | Commonwealth of Nations | UNESCO | World Health Organization | World Trade Organization | Interpol | Universal Postal Union | Organization of American States | World Meteorological Organization | Treaty on the Non-Proliferation of Nuclear Weapons | International Bank for Reconstruction and Development | Caribbean Community | Organisation of African, Caribbean and Pacific States | International Telecommunication Union | Alliance of Small Island States | World Customs Organization | International Finance Corporation | International Development Association | Organisation for the Prohibition of Chemical Weapons | International Centre for Settlement of Investment Disputes | Multilateral Investment Guarantee Agency | Agency for the Prohibition of Nuclear Weapons in Latin America and the Caribbean | Caribbean Development Bank | Caribbean Disaster Emergency Management Agency | Caribbean Free Trade Association"
http://www.wikidata.org/entity/Q790,Haiti,HT,HTI,27750,10981229,63.33,0.535,20253551885,2022-01-01 00:00:00+00:00,1804-01-01T00:00:00Z,right,North America,,French | Haitian Creole,gourde,3,"United Nations | UNESCO | World Health Organization | World Trade Organization | Interpol | Universal Postal Union | Organization of American States | Organisation internationale de la Francophonie | International Civil Defence Organisation | World Meteorological Organization | Treaty on the Non-Proliferation of Nuclear Weapons | International Bank for Reconstruction and Development | Caribbean Community | Organisation of African, Caribbean and Pacific States | International Telecommunication Union | Alliance of Small Island States | World Customs Organization | International Finance Corporation | International Development Association | Organisation for the Prohibition of Chemical Weapons | International Centre for Settlement of Investment Disputes | Multilateral Investment Guarantee Agency | Agency for the Prohibition of Nuclear Weapons in Latin America and the Caribbean | Caribbean Development Bank | Caribbean Disaster Emergency Management Agency"
http://www.wikidata.org/entity/Q783,Honduras,HN,HND,112492,8303771,73.575,0.621,31717700115,2022-01-01 00:00:00+00:00,1821-01-01T00:00:00Z,right,North America,republic,Spanish,Honduran lempira,3,United Nations | UNESCO | World Health Organization | World Trade Organization | Interpol | Universal Postal Union | Organization of American States | World Meteorological Organization | Treaty on the Non-Proliferation of Nuclear Weapons | Central American Bank for Economic Integration | Central American Common Market | International Bank for Reconstruction and Development | International Telecommunication Union | World Customs Organization | International Finance Corporation | International Development Association | Organisation for the Prohibition of Chemical Weapons | International Centre for Settlement of Investment Disputes | Multilateral Investment Guarantee Agency | International Regional Organization for Agricultural Health | Agency for the Prohibition of Nuclear Weapons in Latin America and the Caribbean | Group on Earth Observations
http://www.wikidata.org/entity/Q28,Hungary,HU,HUN,93011.4,9603634,76,0.846,181848022230,2021-01-01 00:00:00+00:00,1000-01-01T00:00:00Z,right,Europe,parliamentary republic,Hungarian,forint,7,European Union | United Nations | NATO | UNESCO | World Health Organization | World Trade Organization | Interpol | Council of Europe | European Economic Area | Universal Postal Union | Organization for Economic Cooperation and Development | Warsaw Pact | Visa Waiver Program | Organization for Security and Co-operation in Europe | World Meteorological Organization | Treaty on the Non-Proliferation of Nuclear Weapons | International Bank for Reconstruction and Development | COMECON | Visegrád Group | International Telecommunication Union | International Centre for Migration Policy Development | Organization of Turkic States | World Customs Organization | International Finance Corporation | Eurocontrol | Australia Group | International Holocaust Remembrance Alliance | International Energy Agency | International Development Association | Organisation for the Prohibition of Chemical Weapons | International Centre for Settlement of Investment Disputes | Multilateral Investment Guarantee Agency | Missile Technology Control Regime | Nuclear Suppliers Group | Strategic Airlift Capability | Treaty on Open Skies | Schengen Area | Movement Coordination Centre Europe | Group on Earth Observations | Q131720477
http://www.wikidata.org/entity/Q189,Iceland,IS,ISL,103004,364260,82,0.959,27841648044,2022-01-01 00:00:00+00:00,1944-06-17T00:00:00Z,right,Europe,parliamentary republic,Icelandic,Icelandic króna,3,United Nations | NATO | UNESCO | World Health Organization | World Trade Organization | Interpol | Council of Europe | European Economic Area | Universal Postal Union | Organization for Economic Cooperation and Development | Visa Waiver Program | Organization for Security and Co-operation in Europe | Nordic Council | European Free Trade Association | World Meteorological Organization | Treaty on the Non-Proliferation of Nuclear Weapons | International Bank for Reconstruction and Development | International Hydrographic Organization | International Telecommunication Union | World Customs Organization | International Finance Corporation | Arctic Council | Australia Group | Council of the Baltic Sea States | International Development Association | Organisation for the Prohibition of Chemical Weapons | International Centre for Settlement of Investment Disputes | Multilateral Investment Guarantee Agency | Missile Technology Control Regime | European Payments Union | Nuclear Suppliers Group | Treaty on Open Skies | Schengen Area | Barents Euro-Arctic Council | Group on Earth Observations
http://www.wikidata.org/entity/Q668,India,IN,IND,3287263,1326093247,70.03,0.633,3385089881935,2022-01-01 00:00:00+00:00,1947-08-15T00:00:00Z,left,Asia,republic | federal republic | constitutional republic | democratic republic,English | Hindi,Indian rupee,9,United Nations | Commonwealth of Nations | UNESCO | World Health Organization | World Trade Organization | Interpol | Universal Postal Union | G20 | South Asian Association for Regional Cooperation | World Meteorological Organization | Antarctic Treaty System | Asian Development Bank | states with nuclear weapons | International Bank for Reconstruction and Development | International Hydrographic Organization | BRICS | African Development Bank | International Telecommunication Union | Shanghai Cooperation Organisation | International Finance Corporation | Bay of Bengal Initiative for Multi-Sectoral Technical and Economic Cooperation | International Development Association | Organisation for the Prohibition of Chemical Weapons | Multilateral Investment Guarantee Agency | Missile Technology Control Regime | Group on Earth Observations | ASEAN Regional Forum
http://www.wikidata.org/entity/Q252,Indonesia,ID,IDN,1904570,275439000,69.191,0.705,1319100220389,2022-01-01 00:00:00+00:00,1945-08-17T00:00:00Z,left,Asia,republic | presidential system,Indonesian,rupiah,10,"United Nations | Association of Southeast Asian Nations | Organization of the Petroleum Exporting Countries | UNESCO | World Health Organization | World Trade Organization | Interpol | Universal Postal Union | G20 | Organisation of Islamic Cooperation | International Civil Defence Organisation | World Meteorological Organization | Asia-Pacific Economic Cooperation | Treaty on the Non-Proliferation of Nuclear Weapons | Asian Development Bank | International Bank for Reconstruction and Development | International Hydrographic Organization | BRICS | International Telecommunication Union | United Nations–African Union Hybrid Operation in Darfur | World Customs Organization | International Finance Corporation | International Development Association | Organisation for the Prohibition of Chemical Weapons | International Centre for Settlement of Investment Disputes | Multilateral Investment Guarantee Agency | Islamic World Educational, Scientific and Cultural Organization | Group on Earth Observations | ASEAN Regional Forum"
http://www.wikidata.org/entity/Q794,Iran,IR,IRN,1648195,92417700,75,0.774,388544468140,2022-01-01 00:00:00+00:00,1979-04-01T00:00:00Z,right,Asia,presidential system | unitary state | Islamic Republic | islamic theocracy,Persian,Iranian rial,14,United Nations | Organization of the Petroleum Exporting Countries | UNESCO | World Health Organization | Interpol | Universal Postal Union | Organisation of Islamic Cooperation | Non-Aligned Movement | Treaty on the Non-Proliferation of Nuclear Weapons | International Bank for Reconstruction and Development | International Hydrographic Organization | BRICS | International Telecommunication Union | United Nations–African Union Hybrid Operation in Darfur | World Customs Organization | International Finance Corporation | International Development Association | Organisation for the Prohibition of Chemical Weapons | Multilateral Investment Guarantee Agency | Group on Earth Observations
http://www.wikidata.org/entity/Q796,Iraq,IQ,IRQ,437072,38274618,71,0.686,264182173793,2022-01-01 00:00:00+00:00,1932-01-01T00:00:00Z,right,Asia,federation | federal republic,Arabic | Kurdish,Iraqi dinar,6,United Nations | League of Arab States | Organization of the Petroleum Exporting Countries | UNESCO | World Health Organization | Interpol | Universal Postal Union | Organisation of Islamic Cooperation | International Civil Defence Organisation | World Meteorological Organization | Treaty on the Non-Proliferation of Nuclear Weapons | International Bank for Reconstruction and Development | International Telecommunication Union | World Customs Organization | Arab Monetary Fund | International Finance Corporation | International Development Association | Organisation for the Prohibition of Chemical Weapons | Multilateral Investment Guarantee Agency | Arab Fund for Economic and Social Development | Arab Bank for Economic Development in Africa
http://www.wikidata.org/entity/Q27,Ireland,IE,IRL,69797,5149139,83,0.945,529244870223,2022-01-01 00:00:00+00:00,1937-12-29T00:00:00Z,left,Europe,republic | unitary state,English | Irish,euro,2,European Union | United Nations | UNESCO | World Health Organization | World Trade Organization | Interpol | Council of Europe | Universal Postal Union | Organization for Economic Cooperation and Development | European Space Agency | Visa Waiver Program | European Economic Community | Organization for Security and Co-operation in Europe | World Meteorological Organization | Treaty on the Non-Proliferation of Nuclear Weapons | Asian Development Bank | International Bank for Reconstruction and Development | International Hydrographic Organization | African Development Bank | International Telecommunication Union | World Customs Organization | International Finance Corporation | Eurocontrol | Australia Group | International Holocaust Remembrance Alliance | International Energy Agency | International Development Association | Organisation for the Prohibition of Chemical Weapons | International Centre for Settlement of Investment Disputes | Multilateral Investment Guarantee Agency | Missile Technology Control Regime | Nuclear Suppliers Group | Nordic Battle Group | Group on Earth Observations
http://www.wikidata.org/entity/Q38,Italy,IT,ITA,302068,58850717,82.5439,0.895,2010431598465,2022-01-01 00:00:00+00:00,1946-06-18T00:00:00Z,right,Europe,parliamentary republic,Italian,euro,7,European Union | United Nations | International Red Cross and Red Crescent Movement | NATO | International Monetary Fund | UNESCO | World Health Organization | World Trade Organization | Interpol | Council of Europe | Universal Postal Union | G20 | G8 | Organization for Economic Cooperation and Development | International Atomic Energy Agency | European Space Agency | CERN | Visa Waiver Program | International Criminal Court | European Economic Community | International Labour Organization | UN Tourism | Organization for Security and Co-operation in Europe | Food and Agriculture Organization | Latin Union | International Civil Aviation Organization | Office of the United Nations High Commissioner for Refugees | European Air Transport Command | European Southern Observatory | European Coal and Steel Community | World Meteorological Organization | Interparliamentary Union | World Intellectual Property Organization | UN Trade and Development | Antarctic Treaty System | Treaty on the Non-Proliferation of Nuclear Weapons | Asian Development Bank | Western European Union | International Bank for Reconstruction and Development | Union for the Mediterranean | International Maritime Organization | International Hydrographic Organization | Bank for International Settlements | African Development Bank | International Telecommunication Union | United Nations Industrial Development Organization | International Organization for Migration | European Bank for Reconstruction and Development | Organisation for Joint Armament Cooperation | World Customs Organization | International Finance Corporation | Eurocontrol | International Fund for Agricultural Development | United Nations Truce Supervision Organization | Australia Group | International Holocaust Remembrance Alliance | International Energy Agency | International Development Association | Organisation for the Prohibition of Chemical Weapons | International Chamber of Commerce | International Centre for Settlement of Investment Disputes | Multilateral Investment Guarantee Agency | Permanent Court of Arbitration | Missile Technology Control Regime | Inter-American Development Bank | Euro-Atlantic Partnership Council | European Payments Union | Group of Ten | Nuclear Suppliers Group | International Mobile Satellite Organization | G7 | Treaty on Open Skies | Schengen Area | Caribbean Development Bank | Movement Coordination Centre Europe | Group on Earth Observations | Procurement G6 | Q131720477
http://www.wikidata.org/entity/Q1008,Ivory Coast,CI,CIV,322463,31165654,53.582,0.55,70018715017,2022-01-01 00:00:00+00:00,1960-01-01T00:00:00Z,right,Africa,republic,French,West African CFA franc,5,"United Nations | African Union | UNESCO | World Health Organization | World Trade Organization | Interpol | Universal Postal Union | Organisation of Islamic Cooperation | Organisation internationale de la Francophonie | International Civil Defence Organisation | World Meteorological Organization | Treaty on the Non-Proliferation of Nuclear Weapons | International Bank for Reconstruction and Development | Economic Community of West African States | Organisation of African, Caribbean and Pacific States | African Development Bank | International Telecommunication Union | World Customs Organization | International Finance Corporation | International Development Association | Organisation for the Prohibition of Chemical Weapons | International Centre for Settlement of Investment Disputes | Conseil de l'Entente | Multilateral Investment Guarantee Agency | Mano River Union | OHADA | AFRISTAT | Group on Earth Observations | African Continental Free Trade Area"
http://www.wikidata.org/entity/Q766,Jamaica,JM,JAM,10991.90954,2697983,71,0.709,17097760745,2022-01-01 00:00:00+00:00,1962-01-01T00:00:00Z,left,North America,,English | Jamaican Patois,Jamaican dollar,1,"United Nations | Commonwealth of Nations | UNESCO | World Health Organization | World Trade Organization | Interpol | Universal Postal Union | Organization of American States | World Meteorological Organization | Treaty on the Non-Proliferation of Nuclear Weapons | International Bank for Reconstruction and Development | Caribbean Community | International Hydrographic Organization | Organisation of African, Caribbean and Pacific States | International Telecommunication Union | United Nations–African Union Hybrid Operation in Darfur | Alliance of Small Island States | World Customs Organization | International Finance Corporation | Organisation for the Prohibition of Chemical Weapons | International Centre for Settlement of Investment Disputes | Multilateral Investment Guarantee Agency | Agency for the Prohibition of Nuclear Weapons in Latin America and the Caribbean | Caribbean Development Bank | Caribbean Disaster Emergency Management Agency"
http://www.wikidata.org/entity/Q17,Japan,JP,JPN,377972.28,123802000,83.98488,0.925,4231141201863,2022-01-01 00:00:00+00:00,1947-05-03T00:00:00Z,left,Asia,constitutional monarchy,Japanese,yen,6,United Nations | UNESCO | World Health Organization | World Trade Organization | Interpol | Universal Postal Union | G20 | G8 | League of Nations | Organization for Economic Cooperation and Development | Visa Waiver Program | World Meteorological Organization | Asia-Pacific Economic Cooperation | Antarctic Treaty System | Treaty on the Non-Proliferation of Nuclear Weapons | Asian Development Bank | International Bank for Reconstruction and Development | International Hydrographic Organization | African Development Bank | International Telecommunication Union | World Customs Organization | International Finance Corporation | Australia Group | International Energy Agency | International Development Association | Organisation for the Prohibition of Chemical Weapons | International Centre for Settlement of Investment Disputes | Multilateral Investment Guarantee Agency | Missile Technology Control Regime | Nuclear Suppliers Group | G7 | Group on Earth Observations | ASEAN Regional Forum
http://www.wikidata.org/entity/Q810,Jordan,JO,JOR,89341,10428241,74.329,0.72,47451499859,2022-01-01 00:00:00+00:00,1946-01-01T00:00:00Z,right,Asia,,Arabic,Jordanian dinar,6,United Nations | League of Arab States | UNESCO | World Health Organization | World Trade Organization | Interpol | Universal Postal Union | Organisation of Islamic Cooperation | International Civil Defence Organisation | World Meteorological Organization | Treaty on the Non-Proliferation of Nuclear Weapons | International Bank for Reconstruction and Development | International Telecommunication Union | United Nations–African Union Hybrid Operation in Darfur | World Customs Organization | Arab Monetary Fund | International Finance Corporation | International Development Association | Organisation for the Prohibition of Chemical Weapons | International Centre for Settlement of Investment Disputes | Multilateral Investment Guarantee Agency | Arab Fund for Economic and Social Development | Arab Bank for Economic Development in Africa
http://www.wikidata.org/entity/Q232,Kazakhstan,KZ,KAZ,2724900,20139914,72.3,0.811,220623001967,2022-01-01 00:00:00+00:00,1991-01-01T00:00:00Z,right,Europe | Asia,presidential system,Russian | Kazakh,Kazakhstani tenge,5,United Nations | Commonwealth of Independent States | UNESCO | World Health Organization | Interpol | Universal Postal Union | Organisation of Islamic Cooperation | Organization for Security and Co-operation in Europe | International Civil Defence Organisation | World Meteorological Organization | Treaty on the Non-Proliferation of Nuclear Weapons | Asian Development Bank | International Bank for Reconstruction and Development | Collective Security Treaty Organization | International Telecommunication Union | Shanghai Cooperation Organisation | Organization of Turkic States | World Customs Organization | International Finance Corporation | International Development Association | Organisation for the Prohibition of Chemical Weapons | International Centre for Settlement of Investment Disputes | Multilateral Investment Guarantee Agency | Nuclear Suppliers Group | Commonwealth of Independent States Free Trade Area | Central Asian Cooperation Organization | Group on Earth Observations
http://www.wikidata.org/entity/Q114,Kenya,KE,KEN,581309,48468138,67.032,0.575,113420008179,2022-01-01 00:00:00+00:00,1963-01-01T00:00:00Z,left,Africa,,English | Swahili,Kenyan shilling,8,"United Nations | African Union | Commonwealth of Nations | UNESCO | World Health Organization | World Trade Organization | Interpol | Universal Postal Union | World Meteorological Organization | Treaty on the Non-Proliferation of Nuclear Weapons | International Bank for Reconstruction and Development | Organisation of African, Caribbean and Pacific States | African Development Bank | International Telecommunication Union | United Nations–African Union Hybrid Operation in Darfur | World Customs Organization | International Finance Corporation | International Development Association | Organisation for the Prohibition of Chemical Weapons | International Centre for Settlement of Investment Disputes | Multilateral Investment Guarantee Agency | Group on Earth Observations | African Continental Free Trade Area"
http://www.wikidata.org/entity/Q29999,Kingdom of the Netherlands,NL,NLD,42201,17100715,,0.941,830572618850,2017-01-01 00:00:00+00:00,1815-03-16T00:00:00Z,right,Europe,constitutional monarchy,Dutch,euro | United States dollar | Aruban florin | Caribbean guilder,5,United Nations | World Trade Organization | Interpol | Benelux | European Air Transport Command | Treaty on the Non-Proliferation of Nuclear Weapons | Asian Development Bank | International Bank for Reconstruction and Development | International Hydrographic Organization | African Development Bank | International Finance Corporation | Netherlands-Indonesia Union | Australia Group | International Energy Agency | International Development Association | Organisation for the Prohibition of Chemical Weapons | International Centre for Settlement of Investment Disputes | Multilateral Investment Guarantee Agency | Missile Technology Control Regime | Nuclear Suppliers Group | Strategic Airlift Capability | Movement Coordination Centre Europe | Q131720477
http://www.wikidata.org/entity/Q710,Kiribati,KI,KIR,811,134518,68,0.624,223352943,2022-01-01 00:00:00+00:00,1979-07-12T00:00:00Z,left,Insular Oceania | Oceania,,English | Gilbertese,Australian dollar | Kiribati dollar,2,"United Nations | Commonwealth of Nations | UNESCO | World Health Organization | Interpol | Universal Postal Union | World Meteorological Organization | Treaty on the Non-Proliferation of Nuclear Weapons | Asian Development Bank | International Bank for Reconstruction and Development | Organisation of African, Caribbean and Pacific States | International Telecommunication Union | Alliance of Small Island States | International Finance Corporation | International Development Association | Organisation for the Prohibition of Chemical Weapons"
http://www.wikidata.org/entity/Q817,Kuwait,KW,KWT,17818,4464000,74.694,0.831,184558274289,2022-01-01 00:00:00+00:00,1991-02-26T00:00:00Z,right,Asia,constitutional monarchy,Arabic,Kuwaiti dinar,4,United Nations | League of Arab States | Organization of the Petroleum Exporting Countries | UNESCO | World Health Organization | World Trade Organization | Interpol | Universal Postal Union | Organisation of Islamic Cooperation | International Civil Defence Organisation | World Meteorological Organization | Treaty on the Non-Proliferation of Nuclear Weapons | International Bank for Reconstruction and Development | International Hydrographic Organization | African Development Bank | International Telecommunication Union | World Customs Organization | Arab Monetary Fund | International Finance Corporation | International Development Association | Organisation for the Prohibition of Chemical Weapons | International Centre for Settlement of Investment Disputes | Multilateral Investment Guarantee Agency | Arab Fund for Economic and Social Development | Arab Bank for Economic Development in Africa
http://www.wikidata.org/entity/Q813,Kyrgyzstan,KG,KGZ,199951,7281800,70.95122,0.692,10930644915,2022-01-01 00:00:00+00:00,1991-01-01T00:00:00Z,right,Asia,parliamentary republic,Kyrgyz,Kyrgyz som,4,United Nations | Commonwealth of Independent States | UNESCO | World Health Organization | World Trade Organization | Interpol | Universal Postal Union | Organisation of Islamic Cooperation | Organization for Security and Co-operation in Europe | International Civil Defence Organisation | World Meteorological Organization | Treaty on the Non-Proliferation of Nuclear Weapons | Asian Development Bank | International Bank for Reconstruction and Development | Collective Security Treaty Organization | International Telecommunication Union | United Nations–African Union Hybrid Operation in Darfur | Shanghai Cooperation Organisation | Organization of Turkic States | World Customs Organization | International Finance Corporation | International Development Association | Organisation for the Prohibition of Chemical Weapons | Multilateral Investment Guarantee Agency | Commonwealth of Independent States Free Trade Area | Treaty on Open Skies | Central Asian Cooperation Organization
http://www.wikidata.org/entity/Q819,Laos,LA,LAO,236800,6858160,69,0.607,15724383783,2022-01-01 00:00:00+00:00,1949-01-01T00:00:00Z,right,Asia,people's republic | communist dictatorship,Lao,Lao kip,5,United Nations | Association of Southeast Asian Nations | UNESCO | World Health Organization | Interpol | Organisation internationale de la Francophonie | World Meteorological Organization | Treaty on the Non-Proliferation of Nuclear Weapons | Asian Development Bank | International Bank for Reconstruction and Development | World Customs Organization | International Finance Corporation | International Development Association | Organisation for the Prohibition of Chemical Weapons | Multilateral Investment Guarantee Agency | ASEAN Regional Forum
http://www.wikidata.org/entity/Q211,Latvia,LV,LVA,64593.76,1856932,74.52927,0.863,41153912663,2022-01-01 00:00:00+00:00,1918-11-18T00:00:00Z,right,Europe,republic | parliamentary republic,Latvian,euro,5,European Union | United Nations | NATO | UNESCO | World Health Organization | World Trade Organization | Interpol | Council of Europe | Universal Postal Union | Organization for Economic Cooperation and Development | Visa Waiver Program | Organization for Security and Co-operation in Europe | World Meteorological Organization | Treaty on the Non-Proliferation of Nuclear Weapons | International Bank for Reconstruction and Development | International Hydrographic Organization | International Telecommunication Union | World Customs Organization | International Finance Corporation | Eurocontrol | Baltic Assembly | Australia Group | Council of the Baltic Sea States | International Holocaust Remembrance Alliance | International Development Association | Organisation for the Prohibition of Chemical Weapons | International Centre for Settlement of Investment Disputes | Multilateral Investment Guarantee Agency | Nuclear Suppliers Group | Treaty on Open Skies | Schengen Area | Nordic Battle Group | Movement Coordination Centre Europe | Group on Earth Observations
http://www.wikidata.org/entity/Q822,Lebanon,LB,LBN,10452,6100075,79.584,0.706,23131941557,2021-01-01 00:00:00+00:00,1943-11-22T00:00:00Z,right,Asia,parliamentary republic,Arabic,Lebanese pound,2,United Nations | League of Arab States | UNESCO | World Health Organization | Interpol | Universal Postal Union | Organisation of Islamic Cooperation | Organisation internationale de la Francophonie | International Civil Defence Organisation | World Meteorological Organization | Treaty on the Non-Proliferation of Nuclear Weapons | International Bank for Reconstruction and Development | International Telecommunication Union | World Customs Organization | Arab Monetary Fund | International Finance Corporation | International Development Association | Organisation for the Prohibition of Chemical Weapons | International Centre for Settlement of Investment Disputes | Multilateral Investment Guarantee Agency | Arab Fund for Economic and Social Development | Arab Bank for Economic Development in Africa
http://www.wikidata.org/entity/Q1013,Lesotho,LS,LSO,30355,2007201,54.174,0.514,2553459763,2022-01-01 00:00:00+00:00,1966-01-01T00:00:00Z,left,Africa,constitutional monarchy,English | Sesotho,rand | loti,1,"United Nations | African Union | Commonwealth of Nations | UNESCO | World Health Organization | World Trade Organization | Interpol | Universal Postal Union | International Civil Defence Organisation | World Meteorological Organization | Treaty on the Non-Proliferation of Nuclear Weapons | International Bank for Reconstruction and Development | Organisation of African, Caribbean and Pacific States | African Development Bank | International Telecommunication Union | United Nations–African Union Hybrid Operation in Darfur | World Customs Organization | International Finance Corporation | Southern African Development Community | International Development Association | Organisation for the Prohibition of Chemical Weapons | International Centre for Settlement of Investment Disputes | Multilateral Investment Guarantee Agency | Southern African Customs Union | African Continental Free Trade Area"
http://www.wikidata.org/entity/Q1014,Liberia,LR,LBR,111369,5214030,62.505,0.481,4001047150,2022-01-01 00:00:00+00:00,1822-01-07T00:00:00Z,right,Africa,republic | presidential system | constitutional republic | Herrenvolk democracy,English,Liberian dollar,3,"United Nations | African Union | UNESCO | World Health Organization | World Trade Organization | Interpol | Universal Postal Union | International Civil Defence Organisation | World Meteorological Organization | Treaty on the Non-Proliferation of Nuclear Weapons | International Bank for Reconstruction and Development | Economic Community of West African States | Organisation of African, Caribbean and Pacific States | African Development Bank | International Telecommunication Union | World Customs Organization | International Finance Corporation | International Development Association | Organisation for the Prohibition of Chemical Weapons | International Centre for Settlement of Investment Disputes | Multilateral Investment Guarantee Agency | Mano River Union | African Continental Free Trade Area"
http://www.wikidata.org/entity/Q1016,Libya,LY,LBY,1759541,7381023,71.934,0.718,45752336036,2022-01-01 00:00:00+00:00,1551-08-25T00:00:00Z,right,Africa,republic,Arabic,Libyan dinar,7,United Nations | African Union | League of Arab States | Organization of the Petroleum Exporting Countries | UNESCO | World Health Organization | Interpol | Universal Postal Union | Organisation of Islamic Cooperation | International Civil Defence Organisation | World Meteorological Organization | Treaty on the Non-Proliferation of Nuclear Weapons | International Bank for Reconstruction and Development | African Development Bank | Arab Maghreb Union | International Telecommunication Union | World Customs Organization | Arab Monetary Fund | International Finance Corporation | International Development Association | Organisation for the Prohibition of Chemical Weapons | Multilateral Investment Guarantee Agency | Arab Fund for Economic and Social Development | Arab Bank for Economic Development in Africa | African Continental Free Trade Area
http://www.wikidata.org/entity/Q347,Liechtenstein,LI,LIE,160,37922,82.6561,0.935,7186428783,2021-01-01 00:00:00+00:00,1806-07-12T00:00:00Z,right,Europe,constitutional monarchy,German,Swiss franc,3,United Nations | World Trade Organization | Interpol | Council of Europe | European Economic Area | Universal Postal Union | International Atomic Energy Agency | Visa Waiver Program | International Criminal Court | Organization for Security and Co-operation in Europe | European Free Trade Association | UN Trade and Development | Treaty on the Non-Proliferation of Nuclear Weapons | International Telecommunication Union | European Bank for Reconstruction and Development | United Nations Economic Commission for Europe | Intelsat | Organisation for the Prohibition of Chemical Weapons | Permanent Court of Arbitration | University of Teacher Education in Special Needs | International Lake Constance conference | Schengen Area
http://www.wikidata.org/entity/Q37,Lithuania,LT,LTU,65300,2860002,74.32195,0.875,70334299008,2022-01-01 00:00:00+00:00,1990-03-11T00:00:00Z,right,Europe,semi-presidential system | parliamentary republic,Lithuanian,euro,5,European Union | United Nations | NATO | UNESCO | World Health Organization | World Trade Organization | Interpol | Council of Europe | Universal Postal Union | Organization for Economic Cooperation and Development | Visa Waiver Program | Organization for Security and Co-operation in Europe | World Meteorological Organization | Treaty on the Non-Proliferation of Nuclear Weapons | International Bank for Reconstruction and Development | International Telecommunication Union | World Customs Organization | International Finance Corporation | Eurocontrol | Baltic Assembly | Council of the Baltic Sea States | International Holocaust Remembrance Alliance | International Development Association | Organisation for the Prohibition of Chemical Weapons | International Centre for Settlement of Investment Disputes | Multilateral Investment Guarantee Agency | Nuclear Suppliers Group | Strategic Airlift Capability | Treaty on Open Skies | Schengen Area | Movement Coordination Centre Europe
http://www.wikidata.org/entity/Q32,Luxembourg,LU,LUX,2586.36,681973,83,0.93,82274812251,2022-01-01 00:00:00+00:00,1815-01-01T00:00:00Z,right,Europe,constitutional monarchy,French | German | Luxembourgish,euro,3,European Union | United Nations | NATO | UNESCO | World Health Organization | World Trade Organization | Interpol | Council of Europe | European Economic Area | Benelux | Universal Postal Union | Organization for Economic Cooperation and Development | European Space Agency | Visa Waiver Program | Organization for Security and Co-operation in Europe | Organisation internationale de la Francophonie | European Air Transport Command | World Meteorological Organization | Treaty on the Non-Proliferation of Nuclear Weapons | Asian Development Bank | International Bank for Reconstruction and Development | African Development Bank | International Telecommunication Union | World Customs Organization | International Finance Corporation | Eurocontrol | Australia Group | International Holocaust Remembrance Alliance | International Energy Agency | International Development Association | Organisation for the Prohibition of Chemical Weapons | International Centre for Settlement of Investment Disputes | Multilateral Investment Guarantee Agency | Missile Technology Control Regime | European Payments Union | Nuclear Suppliers Group | Belgium–Luxembourg Economic Union | Treaty on Open Skies | Schengen Area | Movement Coordination Centre Europe | Group on Earth Observations
http://www.wikidata.org/entity/Q1019,Madagascar,MG,MDG,587295,31964956,65.932,0.501,14954967604,2022-01-01 00:00:00+00:00,1960-01-01T00:00:00Z,right,Africa,republic,French | Malagasy,ariary,4,"United Nations | African Union | UNESCO | World Health Organization | World Trade Organization | Interpol | Universal Postal Union | Organisation internationale de la Francophonie | World Meteorological Organization | Treaty on the Non-Proliferation of Nuclear Weapons | International Bank for Reconstruction and Development | Organisation of African, Caribbean and Pacific States | African Development Bank | International Telecommunication Union | United Nations–African Union Hybrid Operation in Darfur | World Customs Organization | International Finance Corporation | Southern African Development Community | International Development Association | Organisation for the Prohibition of Chemical Weapons | International Centre for Settlement of Investment Disputes | Multilateral Investment Guarantee Agency | Indian Ocean Commission | AFRISTAT | Group on Earth Observations | African Continental Free Trade Area"
http://www.wikidata.org/entity/Q1020,Malawi,MW,MWI,118484,17563749,63.223,0.512,13164667627,2022-01-01 00:00:00+00:00,1964-07-06T00:00:00Z,left,Africa,,English | Chewa | Tumbuka,Malawian kwacha,3,"United Nations | African Union | Commonwealth of Nations | UNESCO | World Health Organization | World Trade Organization | Interpol | Universal Postal Union | World Meteorological Organization | Treaty on the Non-Proliferation of Nuclear Weapons | International Bank for Reconstruction and Development | Organisation of African, Caribbean and Pacific States | African Development Bank | International Telecommunication Union | United Nations–African Union Hybrid Operation in Darfur | World Customs Organization | International Finance Corporation | Southern African Development Community | International Development Association | Organisation for the Prohibition of Chemical Weapons | International Centre for Settlement of Investment Disputes | Multilateral Investment Guarantee Agency | African Continental Free Trade Area"
http://www.wikidata.org/entity/Q833,Malaysia,MY,MYS,330803,32447385,75.3,0.803,406305924656,2022-01-01 00:00:00+00:00,1963-09-16T00:00:00Z,left,Asia,federation | elective monarchy | federal monarchy | parliamentary monarchy | constitutional monarchy,Malay,Malaysian ringgit,5,United Nations | Association of Southeast Asian Nations | Commonwealth of Nations | UNESCO | World Health Organization | World Trade Organization | Interpol | Universal Postal Union | Organisation of Islamic Cooperation | International Civil Defence Organisation | World Meteorological Organization | Asia-Pacific Economic Cooperation | Treaty on the Non-Proliferation of Nuclear Weapons | Asian Development Bank | International Bank for Reconstruction and Development | International Hydrographic Organization | International Telecommunication Union | World Customs Organization | International Finance Corporation | International Development Association | Organisation for the Prohibition of Chemical Weapons | International Centre for Settlement of Investment Disputes | Multilateral Investment Guarantee Agency | Group on Earth Observations | ASEAN Regional Forum
http://www.wikidata.org/entity/Q826,Maldives,MV,MDV,298,436330,77.339,0.747,6189865408,2022-01-01 00:00:00+00:00,1968-11-11T00:00:00Z,left,Asia,,Maldivian,Maldivian rufiyaa,1,United Nations | Commonwealth of Nations | UNESCO | World Health Organization | World Trade Organization | Interpol | Universal Postal Union | Organisation of Islamic Cooperation | World Meteorological Organization | Treaty on the Non-Proliferation of Nuclear Weapons | Asian Development Bank | International Bank for Reconstruction and Development | International Telecommunication Union | Alliance of Small Island States | World Customs Organization | International Finance Corporation | International Development Association | Organisation for the Prohibition of Chemical Weapons | Multilateral Investment Guarantee Agency
http://www.wikidata.org/entity/Q912,Mali,ML,MLI,1240192,20250833,57.966,0.428,18827176532,2022-01-01 00:00:00+00:00,1960-09-22T00:00:00Z,right,Africa,,Bambara | Fula | Senufo | Bozo | Maninka | Minyanka | Soninke | Kassonke | Hassaniya Arabic | Songhay | Dogon | Tamasheq | Bobo,West African CFA franc,7,"United Nations | African Union | UNESCO | World Health Organization | World Trade Organization | Interpol | Universal Postal Union | Organisation of Islamic Cooperation | Organisation internationale de la Francophonie | International Civil Defence Organisation | World Meteorological Organization | Treaty on the Non-Proliferation of Nuclear Weapons | International Bank for Reconstruction and Development | Economic Community of West African States | Organisation of African, Caribbean and Pacific States | African Development Bank | International Telecommunication Union | United Nations–African Union Hybrid Operation in Darfur | World Customs Organization | International Finance Corporation | International Development Association | Organisation for the Prohibition of Chemical Weapons | International Centre for Settlement of Investment Disputes | Multilateral Investment Guarantee Agency | OHADA | AFRISTAT | African Groundnut Council | Group on Earth Observations | African Continental Free Trade Area"
http://www.wikidata.org/entity/Q233,Malta,MT,MLT,316,553214,81.79756,0.918,17765270015,2022-01-01 00:00:00+00:00,1964-09-21T00:00:00Z,left,Europe,parliamentary democracy,English | Maltese,euro,1,European Union | United Nations | Commonwealth of Nations | UNESCO | World Health Organization | World Trade Organization | Interpol | Council of Europe | Universal Postal Union | Visa Waiver Program | Organization for Security and Co-operation in Europe | International Civil Defence Organisation | World Meteorological Organization | Treaty on the Non-Proliferation of Nuclear Weapons | International Bank for Reconstruction and Development | International Hydrographic Organization | International Telecommunication Union | International Centre for Migration Policy Development | World Customs Organization | International Finance Corporation | Eurocontrol | Australia Group | Organisation for the Prohibition of Chemical Weapons | International Centre for Settlement of Investment Disputes | Multilateral Investment Guarantee Agency | Nuclear Suppliers Group | Schengen Area | Group on Earth Observations
http://www.wikidata.org/entity/Q709,Marshall Islands,MH,MHL,181.43,53127,65.23902,0.639,279667900,2022-01-01 00:00:00+00:00,1986-10-21T00:00:00Z,right,Oceania,,English | Marshallese,United States dollar | SOV,4,"United Nations | UNESCO | World Health Organization | Interpol | Treaty on the Non-Proliferation of Nuclear Weapons | Asian Development Bank | International Bank for Reconstruction and Development | Organisation of African, Caribbean and Pacific States | International Telecommunication Union | Alliance of Small Island States | International Finance Corporation | International Development Association | Organisation for the Prohibition of Chemical Weapons"
http://www.wikidata.org/entity/Q1025,Mauritania,MR,MRT,1030700,4736139,63.238,0.556,10375460680,2022-01-01 00:00:00+00:00,1960-11-28T00:00:00Z,right,Africa,,Arabic,Mauritanian ouguiya,4,"United Nations | African Union | League of Arab States | UNESCO | World Health Organization | World Trade Organization | Interpol | Universal Postal Union | Organisation of Islamic Cooperation | Organisation internationale de la Francophonie | International Civil Defence Organisation | World Meteorological Organization | Treaty on the Non-Proliferation of Nuclear Weapons | International Bank for Reconstruction and Development | Organisation of African, Caribbean and Pacific States | African Development Bank | Arab Maghreb Union | International Telecommunication Union | World Customs Organization | Arab Monetary Fund | International Finance Corporation | International Development Association | Organisation for the Prohibition of Chemical Weapons | International Centre for Settlement of Investment Disputes | Multilateral Investment Guarantee Agency | Arab Fund for Economic and Social Development | AFRISTAT | Arab Bank for Economic Development in Africa | African Continental Free Trade Area"
http://www.wikidata.org/entity/Q1027,Mauritius,MU,MUS,2040,1264613,74.39488,0.802,12898307089,2022-01-01 00:00:00+00:00,1968-03-12T00:00:00Z,left,Africa,parliamentary republic,French | English,Mauritian rupee,3,"United Nations | African Union | Commonwealth of Nations | UNESCO | World Health Organization | World Trade Organization | Interpol | Universal Postal Union | Organisation internationale de la Francophonie | International Civil Defence Organisation | World Meteorological Organization | Treaty on the Non-Proliferation of Nuclear Weapons | International Bank for Reconstruction and Development | International Hydrographic Organization | Organisation of African, Caribbean and Pacific States | African Development Bank | International Telecommunication Union | Alliance of Small Island States | World Customs Organization | International Finance Corporation | Southern African Development Community | International Development Association | Organisation for the Prohibition of Chemical Weapons | International Centre for Settlement of Investment Disputes | Multilateral Investment Guarantee Agency | Indian Ocean Commission | Group on Earth Observations | African Continental Free Trade Area"
http://www.wikidata.org/entity/Q96,Mexico,MX,MEX,1964375,132274416,75,0.758,1414187193992,2022-01-01 00:00:00+00:00,1810-09-16T00:00:00Z,right,North America,empire | presidential system | federal republic | constitutional republic | democratic republic,Spanish | Nahuatl | Yucatec Maya,peso,3,United Nations | Q4264 | International Red Cross and Red Crescent Movement | UNESCO | World Health Organization | World Trade Organization | Interpol | Universal Postal Union | G20 | National Aeronautics and Space Administration | United Nations Economic Commission for Latin America and the Caribbean | International Olympic Committee | Organization for Economic Cooperation and Development | International Atomic Energy Agency | International Criminal Court | International Coffee Organization | Food and Agriculture Organization | Non-Aligned Movement | Organization of American States | International Civil Aviation Organization | World Meteorological Organization | Asia-Pacific Economic Cooperation | North American Free Trade Agreement | UN Trade and Development | Treaty on the Non-Proliferation of Nuclear Weapons | Central American Bank for Economic Integration | International Bank for Reconstruction and Development | International Hydrographic Organization | Bank for International Settlements | International Telecommunication Union | American Convention on Human Rights | International Organization for Migration | World Customs Organization | Latin American Integration Association | International Finance Corporation | International Fund for Agricultural Development | Australia Group | International Development Association | Organisation for the Prohibition of Chemical Weapons | Rio Group | Group of 15 | Multilateral Investment Guarantee Agency | Community of Latin American and Caribbean States | International Trade Union Confederation | Inter-American Development Bank | Nuclear Suppliers Group | Conference on Disarmament | Agency for the Prohibition of Nuclear Weapons in Latin America and the Caribbean | Caribbean Development Bank | Group on Earth Observations | United States–Mexico–Canada Agreement
http://www.wikidata.org/entity/Q217,Moldova,MD,MDA,33843.5,2409207,71.61,0.767,14420947884,2022-01-01 00:00:00+00:00,1991-08-27T00:00:00Z,right,Europe,parliamentary republic,Romanian,Moldovan leu,2,United Nations | Commonwealth of Independent States | UNESCO | World Health Organization | World Trade Organization | Interpol | Council of Europe | Universal Postal Union | Organization for Security and Co-operation in Europe | Organisation internationale de la Francophonie | World Meteorological Organization | Treaty on the Non-Proliferation of Nuclear Weapons | International Bank for Reconstruction and Development | GUAM Organization for Democracy and Economic Development | International Telecommunication Union | Organization of the Black Sea Economic Cooperation | World Customs Organization | International Finance Corporation | Eurocontrol | International Development Association | Organisation for the Prohibition of Chemical Weapons | International Centre for Settlement of Investment Disputes | Multilateral Investment Guarantee Agency | Commonwealth of Independent States Free Trade Area | Group on Earth Observations
http://www.wikidata.org/entity/Q235,Monaco,MC,MCO,2.08,38857,,,8596156574,2021-01-01 00:00:00+00:00,1297-01-15T00:00:00Z,right,Europe,constitutional monarchy | hereditary monarchy,French,euro,1,United Nations | UNESCO | World Health Organization | Interpol | Council of Europe | Universal Postal Union | Visa Waiver Program | Organization for Security and Co-operation in Europe | Organisation internationale de la Francophonie | International Civil Defence Organisation | World Meteorological Organization | Treaty on the Non-Proliferation of Nuclear Weapons | International Hydrographic Organization | International Telecommunication Union | Eurocontrol | Organisation for the Prohibition of Chemical Weapons
http://www.wikidata.org/entity/Q711,Mongolia,MN,MNG,1564116,3409939,73,0.739,16810883361,2022-01-01 00:00:00+00:00,1992-02-12T00:00:00Z,right,Asia,parliamentary system,Mongolian,Mongolian tögrög,2,United Nations | UNESCO | World Health Organization | World Trade Organization | Interpol | Universal Postal Union | Organization for Security and Co-operation in Europe | International Civil Defence Organisation | World Meteorological Organization | Treaty on the Non-Proliferation of Nuclear Weapons | Asian Development Bank | International Bank for Reconstruction and Development | COMECON | International Telecommunication Union | United Nations–African Union Hybrid Operation in Darfur | World Customs Organization | International Finance Corporation | International Development Association | Organisation for the Prohibition of Chemical Weapons | International Centre for Settlement of Investment Disputes | Multilateral Investment Guarantee Agency | Group on Earth Observations | ASEAN Regional Forum
http://www.wikidata.org/entity/Q236,Montenegro,ME,MNE,13883,617213,77.116,0.832,6095978868,2022-01-01 00:00:00+00:00,2006-06-03T00:00:00Z,right,Europe,republic,Montenegrin,euro,6,United Nations | NATO | UNESCO | World Health Organization | World Trade Organization | Interpol | Council of Europe | Universal Postal Union | Organization for Security and Co-operation in Europe | World Meteorological Organization | Treaty on the Non-Proliferation of Nuclear Weapons | International Bank for Reconstruction and Development | International Hydrographic Organization | International Telecommunication Union | World Customs Organization | International Finance Corporation | Eurocontrol | International Development Association | Organisation for the Prohibition of Chemical Weapons | International Centre for Settlement of Investment Disputes | Multilateral Investment Guarantee Agency | Montenegro–Ukraine Free Trade Area
http://www.wikidata.org/entity/Q1028,Morocco,MA,MAR,446550,36828330,75.31,0.683,134181587770,2022-01-01 00:00:00+00:00,0789-01-01T00:00:00Z,right,Africa,constitutional monarchy,Arabic | Standard Moroccan Tamazight,Moroccan dirham,4,United Nations | African Union | League of Arab States | UNESCO | World Health Organization | World Trade Organization | Interpol | Universal Postal Union | Maghreb | International Atomic Energy Agency | Organisation of Islamic Cooperation | Organisation internationale de la Francophonie | International Civil Defence Organisation | World Meteorological Organization | Treaty on the Non-Proliferation of Nuclear Weapons | International Bank for Reconstruction and Development | International Hydrographic Organization | African Development Bank | Arab Maghreb Union | International Telecommunication Union | World Customs Organization | Arab Monetary Fund | International Finance Corporation | Eurocontrol | International Development Association | Organisation for the Prohibition of Chemical Weapons | International Centre for Settlement of Investment Disputes | Multilateral Investment Guarantee Agency | Arab Fund for Economic and Social Development | Arab Bank for Economic Development in Africa | Group on Earth Observations | African Continental Free Trade Area
http://www.wikidata.org/entity/Q1029,Mozambique,MZ,MOZ,801590,29668834,58.311,0.446,17851491428,2022-01-01 00:00:00+00:00,1975-06-25T00:00:00Z,left,Africa,,Portuguese,Mozambican metical,7,"United Nations | African Union | Commonwealth of Nations | UNESCO | World Health Organization | World Trade Organization | Interpol | Universal Postal Union | Organisation of Islamic Cooperation | World Meteorological Organization | Community of Portuguese Language Countries | Treaty on the Non-Proliferation of Nuclear Weapons | International Bank for Reconstruction and Development | International Hydrographic Organization | Organisation of African, Caribbean and Pacific States | African Development Bank | International Telecommunication Union | World Customs Organization | International Finance Corporation | Southern African Development Community | International Development Association | Organisation for the Prohibition of Chemical Weapons | International Centre for Settlement of Investment Disputes | Multilateral Investment Guarantee Agency | African Continental Free Trade Area"
http://www.wikidata.org/entity/Q836,Myanmar,MM,MMR,676577.2,53370609,69.62,0.585,59364362541,2022-01-01 00:00:00+00:00,1948-01-04T00:00:00Z,right,Asia,republic,Burmese,kyat,5,United Nations | Association of Southeast Asian Nations | UNESCO | World Health Organization | World Trade Organization | Interpol | Universal Postal Union | World Meteorological Organization | Asian Development Bank | International Bank for Reconstruction and Development | International Hydrographic Organization | International Telecommunication Union | World Customs Organization | International Finance Corporation | Bay of Bengal Initiative for Multi-Sectoral Technical and Economic Cooperation | International Development Association | Organisation for the Prohibition of Chemical Weapons | Multilateral Investment Guarantee Agency | ASEAN Regional Forum
http://www.wikidata.org/entity/Q1030,Namibia,NA,NAM,825615,2533794,64.388,0.615,12607436976,2022-01-01 00:00:00+00:00,1990-01-01T00:00:00Z,left,Africa,,English,rand | Namibian dollar,4,"United Nations | African Union | Commonwealth of Nations | UNESCO | World Health Organization | World Trade Organization | Interpol | Universal Postal Union | World Meteorological Organization | Treaty on the Non-Proliferation of Nuclear Weapons | International Bank for Reconstruction and Development | Organisation of African, Caribbean and Pacific States | African Development Bank | International Telecommunication Union | United Nations–African Union Hybrid Operation in Darfur | World Customs Organization | International Finance Corporation | Southern African Development Community | Organisation for the Prohibition of Chemical Weapons | Multilateral Investment Guarantee Agency | Southern African Customs Union | African Continental Free Trade Area"
http://www.wikidata.org/entity/Q697,Nauru,NR,NRU,21,13650,64,,150922211,2022-01-01 00:00:00+00:00,1968-01-31T00:00:00Z,left,Oceania,,English | Nauruan,Australian dollar,0,"United Nations | Commonwealth of Nations | UNESCO | World Health Organization | Interpol | Universal Postal Union | World Meteorological Organization | Treaty on the Non-Proliferation of Nuclear Weapons | Asian Development Bank | Organisation of African, Caribbean and Pacific States | International Telecommunication Union | Alliance of Small Island States | Organisation for the Prohibition of Chemical Weapons"
http://www.wikidata.org/entity/Q837,Nepal,NP,NPL,147181.254346,29164578,72.12,0.602,40828247302,2022-01-01 00:00:00+00:00,2008-05-28T00:00:00Z,left,Asia,people's republic | federal republic,Nepali,Nepalese rupee,2,United Nations | UNESCO | World Health Organization | World Trade Organization | Interpol | Universal Postal Union | World Meteorological Organization | Treaty on the Non-Proliferation of Nuclear Weapons | Asian Development Bank | International Bank for Reconstruction and Development | International Telecommunication Union | United Nations–African Union Hybrid Operation in Darfur | World Customs Organization | International Finance Corporation | Bay of Bengal Initiative for Multi-Sectoral Technical and Economic Cooperation | International Development Association | Organisation for the Prohibition of Chemical Weapons | International Centre for Settlement of Investment Disputes | Multilateral Investment Guarantee Agency | Group on Earth Observations
http://www.wikidata.org/entity/Q664,New Zealand,NZ,NZL,268021,5307800,81.61244,0.937,247234053739,2022-01-01 00:00:00+00:00,1841-05-03T00:00:00Z,left,Oceania,parliamentary monarchy,English | New Zealand Sign Language | Māori,New Zealand dollar,1,United Nations | Commonwealth of Nations | UNESCO | World Health Organization | World Trade Organization | Interpol | Universal Postal Union | Organization for Economic Cooperation and Development | Visa Waiver Program | World Meteorological Organization | Asia-Pacific Economic Cooperation | Treaty on the Non-Proliferation of Nuclear Weapons | Asian Development Bank | International Bank for Reconstruction and Development | International Hydrographic Organization | Southeast Asia Treaty Organization | ANZUS | International Telecommunication Union | World Customs Organization | International Finance Corporation | Australia Group | International Energy Agency | International Development Association | Organisation for the Prohibition of Chemical Weapons | International Centre for Settlement of Investment Disputes | Multilateral Investment Guarantee Agency | Missile Technology Control Regime | Nuclear Suppliers Group | ANZUK | ABCANZ Armies | AUSCANNZUKUS | Air Force Interoperability Council | Combined Communications-Electronics Board | Group on Earth Observations | The Technical Cooperation Program | ASEAN Regional Forum | Five Eyes
http://www.wikidata.org/entity/Q811,Nicaragua,NI,NIC,120340,5142098,75,0.667,15671583878,2022-01-01 00:00:00+00:00,1821-01-01T00:00:00Z,right,North America,republic,Spanish,Nicaraguan córdoba,3,United Nations | UNESCO | World Health Organization | World Trade Organization | Interpol | Universal Postal Union | Organization of American States | International Civil Defence Organisation | World Meteorological Organization | Treaty on the Non-Proliferation of Nuclear Weapons | Central American Bank for Economic Integration | Central American Common Market | International Bank for Reconstruction and Development | International Telecommunication Union | World Customs Organization | International Finance Corporation | International Development Association | Organisation for the Prohibition of Chemical Weapons | International Centre for Settlement of Investment Disputes | Multilateral Investment Guarantee Agency | International Regional Organization for Agricultural Health | Agency for the Prohibition of Nuclear Weapons in Latin America and the Caribbean
http://www.wikidata.org/entity/Q1032,Niger,NE,NER,1267000,21477348,60.058,0.4,13969605583,2022-01-01 00:00:00+00:00,1960-01-01T00:00:00Z,right,Africa,,Hausa,West African CFA franc,8,"United Nations | African Union | UNESCO | World Health Organization | World Trade Organization | Interpol | Universal Postal Union | Organisation of Islamic Cooperation | Organisation internationale de la Francophonie | International Civil Defence Organisation | World Meteorological Organization | Treaty on the Non-Proliferation of Nuclear Weapons | International Bank for Reconstruction and Development | Economic Community of West African States | Organisation of African, Caribbean and Pacific States | African Development Bank | International Telecommunication Union | World Customs Organization | International Finance Corporation | International Development Association | Organisation for the Prohibition of Chemical Weapons | International Centre for Settlement of Investment Disputes | Conseil de l'Entente | Multilateral Investment Guarantee Agency | OHADA | Lake Chad Basin Commission | AFRISTAT | African Groundnut Council | Group on Earth Observations | Multinational Joint Task Force | African Continental Free Trade Area"
http://www.wikidata.org/entity/Q1033,Nigeria,NG,NGA,923768,211400708,53.428,0.535,477386120636,2022-01-01 00:00:00+00:00,1963-10-01T00:00:00Z,right,Africa,federal republic,English,naira,5,"United Nations | African Union | Commonwealth of Nations | Organization of the Petroleum Exporting Countries | UNESCO | World Health Organization | World Trade Organization | Interpol | Universal Postal Union | Organisation of Islamic Cooperation | International Civil Defence Organisation | World Meteorological Organization | Treaty on the Non-Proliferation of Nuclear Weapons | International Bank for Reconstruction and Development | Economic Community of West African States | International Hydrographic Organization | Organisation of African, Caribbean and Pacific States | African Development Bank | International Telecommunication Union | United Nations–African Union Hybrid Operation in Darfur | World Customs Organization | International Finance Corporation | International Development Association | Organisation for the Prohibition of Chemical Weapons | International Centre for Settlement of Investment Disputes | Multilateral Investment Guarantee Agency | Gulf of Guinea Commission | Lake Chad Basin Commission | African Groundnut Council | Group on Earth Observations | Multinational Joint Task Force | African Continental Free Trade Area"
http://www.wikidata.org/entity/Q423,North Korea,KP,PRK,120540,26418204,71.685,,,,1948-09-09T00:00:00Z,right,Asia,republic | one-party state | unitary state | Juche | socialist state | family dictatorship | communist dictatorship,Korean | North Korean standard language,North Korean won,3,United Nations | International Red Cross and Red Crescent Movement | UNESCO | World Health Organization | International Organization for Standardization | Universal Postal Union | International Olympic Committee | UN Tourism | Food and Agriculture Organization | Non-Aligned Movement | International Civil Aviation Organization | World Meteorological Organization | Interparliamentary Union | World Intellectual Property Organization | UN Trade and Development | states with nuclear weapons | International Maritime Organization | International Hydrographic Organization | International Telecommunication Union | United Nations Industrial Development Organization | Group of 77 | International Fund for Agricultural Development | World Federation of Trade Unions | ASEAN Regional Forum | International Telecommunications Satellite Organization
http://www.wikidata.org/entity/Q221,North Macedonia,MK,MKD,25713,1836713,75.703,0.77,13563132057,2022-01-01 00:00:00+00:00,1991-01-01T00:00:00Z,right,Europe,parliamentary republic,Albanian | Macedonian,Macedonian denar,6,United Nations | NATO | UNESCO | World Health Organization | World Trade Organization | Interpol | Council of Europe | Universal Postal Union | Organization for Security and Co-operation in Europe | Organisation internationale de la Francophonie | World Meteorological Organization | Treaty on the Non-Proliferation of Nuclear Weapons | International Bank for Reconstruction and Development | International Telecommunication Union | International Centre for Migration Policy Development | World Customs Organization | International Finance Corporation | Eurocontrol | International Holocaust Remembrance Alliance | International Development Association | Organisation for the Prohibition of Chemical Weapons | International Centre for Settlement of Investment Disputes | Multilateral Investment Guarantee Agency
http://www.wikidata.org/entity/Q20,Norway,NO,NOR,385207,5627400,82.50976,0.966,579267365866,2022-01-01 00:00:00+00:00,0900-01-01T00:00:00Z,right,Europe,constitutional monarchy | representative democracy,Norwegian | Nynorsk | Bokmål | Sámi,Norwegian krone,4,United Nations | NATO | UNESCO | World Health Organization | World Trade Organization | Interpol | Council of Europe | European Economic Area | Universal Postal Union | Organization for Economic Cooperation and Development | European Space Agency | Visa Waiver Program | Organization for Security and Co-operation in Europe | 1990 Schengen Convention | Nordic Council | European Free Trade Association | World Meteorological Organization | Treaty on the Non-Proliferation of Nuclear Weapons | Asian Development Bank | International Bank for Reconstruction and Development | International Hydrographic Organization | Bank for International Settlements | African Development Bank | International Telecommunication Union | World Customs Organization | EFTA Court | International Finance Corporation | Eurocontrol | Arctic Council | Australia Group | Council of the Baltic Sea States | International Holocaust Remembrance Alliance | International Energy Agency | International Development Association | Organisation for the Prohibition of Chemical Weapons | International Centre for Settlement of Investment Disputes | Multilateral Investment Guarantee Agency | Missile Technology Control Regime | CGIAR | European Payments Union | Nuclear Suppliers Group | Global Biodiversity Information Facility | Strategic Airlift Capability | Treaty on Open Skies | Schengen Area | Nordic Battle Group | Movement Coordination Centre Europe | Barents Euro-Arctic Council | Group on Earth Observations | Q131720477
http://www.wikidata.org/entity/Q842,Oman,OM,OMN,309500,4829480,77.029,0.816,114667360208,2022-01-01 00:00:00+00:00,1970-07-23T00:00:00Z,right,Asia,absolute monarchy,Arabic,Omani rial,4,United Nations | League of Arab States | UNESCO | World Health Organization | World Trade Organization | Interpol | Universal Postal Union | Organisation of Islamic Cooperation | International Civil Defence Organisation | World Meteorological Organization | World Intellectual Property Organization | Treaty on the Non-Proliferation of Nuclear Weapons | International Bank for Reconstruction and Development | International Maritime Organization | United Nations Convention on the Law of the Sea | Cooperation Council for the Arab States of the Persian Gulf | International Hydrographic Organization | International Telecommunication Union | International Renewable Energy Agency | International Organization for Migration | World Customs Organization | Arab Monetary Fund | International Finance Corporation | International Fund for Agricultural Development | International Development Association | Organisation for the Prohibition of Chemical Weapons | International Centre for Settlement of Investment Disputes | Multilateral Investment Guarantee Agency | Arab Fund for Economic and Social Development | Arab Bank for Economic Development in Africa | Arab Information and Communication Technologies Organization | Group on Earth Observations | Q12183902
http://www.wikidata.org/entity/Q843,Pakistan,PK,PAK,881913,223773700,62.727,0.544,376532751807,2022-01-01 00:00:00+00:00,1947-08-14T00:00:00Z,left,Asia,federal republic | parliamentary republic,Urdu | English,Pakistani rupee,4,United Nations | Commonwealth of Nations | UNESCO | World Health Organization | World Trade Organization | Interpol | Universal Postal Union | Organisation of Islamic Cooperation | International Civil Defence Organisation | World Meteorological Organization | Asian Development Bank | states with nuclear weapons | International Bank for Reconstruction and Development | International Hydrographic Organization | Southeast Asia Treaty Organization | International Telecommunication Union | United Nations–African Union Hybrid Operation in Darfur | Shanghai Cooperation Organisation | World Customs Organization | International Finance Corporation | Organisation for the Prohibition of Chemical Weapons | International Centre for Settlement of Investment Disputes | Multilateral Investment Guarantee Agency | Group on Earth Observations | ASEAN Regional Forum
http://www.wikidata.org/entity/Q695,Palau,PW,PLW,465.550362,21729,69.12927,0.767,217800000,2021-01-01 00:00:00+00:00,1994-10-01T00:00:00Z,right,Insular Oceania | Oceania,,English | Japanese | Palauan,United States dollar,3,"United Nations | UNESCO | World Health Organization | Treaty on the Non-Proliferation of Nuclear Weapons | Asian Development Bank | International Bank for Reconstruction and Development | Organisation of African, Caribbean and Pacific States | Alliance of Small Island States | World Customs Organization | International Finance Corporation | International Development Association | Organisation for the Prohibition of Chemical Weapons | Multilateral Investment Guarantee Agency"
http://www.wikidata.org/entity/Q219060,Palestine,PS,PSE,6020,5227193,73,0.715,19111900000,2022-01-01 00:00:00+00:00,1988-11-15T00:00:00Z,right,Asia,parliamentary republic,Arabic,new shekel,3,League of Arab States | UNESCO | Interpol | Organisation of Islamic Cooperation | International Civil Defence Organisation | World Customs Organization | Arab Monetary Fund | Organisation for the Prohibition of Chemical Weapons | Arab Fund for Economic and Social Development | Arab Bank for Economic Development in Africa
http://www.wikidata.org/entity/Q804,Panama,PA,PAN,74177.3,4570133,77,0.805,76522511781,2022-01-01 00:00:00+00:00,1903-01-01T00:00:00Z,right,North America,presidential system,Spanish,United States dollar | Panamanian balboa,3,United Nations | UNESCO | World Health Organization | World Trade Organization | Interpol | Universal Postal Union | Organization of American States | World Meteorological Organization | Treaty on the Non-Proliferation of Nuclear Weapons | Central American Bank for Economic Integration | International Bank for Reconstruction and Development | International Telecommunication Union | World Customs Organization | International Finance Corporation | International Development Association | Organisation for the Prohibition of Chemical Weapons | International Centre for Settlement of Investment Disputes | Multilateral Investment Guarantee Agency | International Regional Organization for Agricultural Health | Agency for the Prohibition of Nuclear Weapons in Latin America and the Caribbean | Group on Earth Observations
http://www.wikidata.org/entity/Q691,Papua New Guinea,PG,PNG,462840,8935000,66,0.558,30633444295,2022-01-01 00:00:00+00:00,1975-01-01T00:00:00Z,left,Oceania,,English | Hiri Motu | Tok Pisin | Papua New Guinean Sign Language,kina,4,"United Nations | Commonwealth of Nations | UNESCO | World Health Organization | World Trade Organization | Interpol | Universal Postal Union | World Meteorological Organization | Asia-Pacific Economic Cooperation | Treaty on the Non-Proliferation of Nuclear Weapons | Asian Development Bank | International Bank for Reconstruction and Development | International Hydrographic Organization | Organisation of African, Caribbean and Pacific States | International Telecommunication Union | United Nations–African Union Hybrid Operation in Darfur | Alliance of Small Island States | World Customs Organization | International Finance Corporation | International Development Association | Organisation for the Prohibition of Chemical Weapons | International Centre for Settlement of Investment Disputes | Multilateral Investment Guarantee Agency | ASEAN Regional Forum"
http://www.wikidata.org/entity/Q733,Paraguay,PY,PRY,406756,6811297,70,0.717,41722295362,2022-01-01 00:00:00+00:00,1811-01-01T00:00:00Z,right,South America,,Spanish | Guarani,Paraguayan guaraní,3,United Nations | Union of South American Nations | Q4264 | UNESCO | World Health Organization | World Trade Organization | Interpol | Universal Postal Union | Organization of American States | World Meteorological Organization | Treaty on the Non-Proliferation of Nuclear Weapons | International Bank for Reconstruction and Development | International Telecommunication Union | Andean Community | World Customs Organization | International Finance Corporation | International Development Association | Organisation for the Prohibition of Chemical Weapons | International Centre for Settlement of Investment Disputes | Multilateral Investment Guarantee Agency | Agency for the Prohibition of Nuclear Weapons in Latin America and the Caribbean | Group on Earth Observations
http://www.wikidata.org/entity/Q148,People's Republic of China,CN,CHN,9596961,1442965000,79,0.768,17963170521080,2022-01-01 00:00:00+00:00,1949-10-01T00:00:00Z,right,Asia,republic | one-party state | unitary state | democratic centralism | constitutional republic | parliamentary republic | communist dictatorship,Putonghua,renminbi,16,United Nations | UNESCO | World Health Organization | World Trade Organization | Interpol | Universal Postal Union | G20 | United Nations Security Council | International Civil Defence Organisation | World Meteorological Organization | Asia-Pacific Economic Cooperation | Antarctic Treaty System | Treaty on the Non-Proliferation of Nuclear Weapons | Asian Development Bank | states with nuclear weapons | International Bank for Reconstruction and Development | International Hydrographic Organization | BRICS | African Development Bank | International Telecommunication Union | United Nations–African Union Hybrid Operation in Darfur | Shanghai Cooperation Organisation | World Customs Organization | International Finance Corporation | International Development Association | BRIC | Organisation for the Prohibition of Chemical Weapons | International Centre for Settlement of Investment Disputes | Multilateral Investment Guarantee Agency | Nuclear Suppliers Group | Caribbean Development Bank | Group on Earth Observations | ASEAN Regional Forum
http://www.wikidata.org/entity/Q419,Peru,PE,PER,1285216,33726000,73,0.762,242631549613,2022-01-01 00:00:00+00:00,1821-07-28T00:00:00Z,right,South America,presidential system,Spanish | Aymara | Quechua,Nuevo sol,6,United Nations | Union of South American Nations | UNESCO | World Health Organization | World Trade Organization | Interpol | Universal Postal Union | Organization of American States | World Meteorological Organization | Asia-Pacific Economic Cooperation | Treaty on the Non-Proliferation of Nuclear Weapons | International Bank for Reconstruction and Development | International Hydrographic Organization | International Telecommunication Union | United Nations–African Union Hybrid Operation in Darfur | Andean Community | World Customs Organization | International Finance Corporation | International Development Association | Organisation for the Prohibition of Chemical Weapons | International Centre for Settlement of Investment Disputes | Multilateral Investment Guarantee Agency | Agency for the Prohibition of Nuclear Weapons in Latin America and the Caribbean | Group on Earth Observations
http://www.wikidata.org/entity/Q928,Philippines,PH,PHL,343448,112729484,71.095,0.699,404284327312,2022-01-01 00:00:00+00:00,1565-01-01T00:00:00Z,right,Asia,republic,English | Filipino | Taglish,Philippine peso,6,United Nations | Association of Southeast Asian Nations | UNESCO | World Health Organization | World Trade Organization | Interpol | Universal Postal Union | International Civil Defence Organisation | World Meteorological Organization | Asia-Pacific Economic Cooperation | Treaty on the Non-Proliferation of Nuclear Weapons | Asian Development Bank | International Bank for Reconstruction and Development | International Hydrographic Organization | Southeast Asia Treaty Organization | International Telecommunication Union | World Customs Organization | International Finance Corporation | International Development Association | Organisation for the Prohibition of Chemical Weapons | International Centre for Settlement of Investment Disputes | Multilateral Investment Guarantee Agency | Group on Earth Observations | ASEAN Regional Forum
http://www.wikidata.org/entity/Q36,Poland,PL,POL,312683,37563071,76,0.876,688176605955,2022-01-01 00:00:00+00:00,1918-11-11T00:00:00Z,right,Europe,semi-presidential system | parliamentary system | unitary state,Polish,złoty,7,European Union | United Nations | NATO | International Monetary Fund | UNESCO | World Health Organization | World Trade Organization | Interpol | Council of Europe | Universal Postal Union | Organization for Economic Cooperation and Development | Warsaw Pact | European Space Agency | Visa Waiver Program | Organization for Security and Co-operation in Europe | World Meteorological Organization | World Intellectual Property Organization | Treaty on the Non-Proliferation of Nuclear Weapons | International Bank for Reconstruction and Development | COMECON | International Hydrographic Organization | Visegrád Group | International Telecommunication Union | International Centre for Migration Policy Development | Weimar Triangle | World Customs Organization | International Finance Corporation | Eurocontrol | Australia Group | Council of the Baltic Sea States | International Holocaust Remembrance Alliance | International Energy Agency | International Development Association | Organisation for the Prohibition of Chemical Weapons | Multilateral Investment Guarantee Agency | Missile Technology Control Regime | Nuclear Suppliers Group | Strategic Airlift Capability | Convention on preventing and combating violence against women and domestic violence | Treaty on Open Skies | Schengen Area | Movement Coordination Centre Europe | Group on Earth Observations | Q131720477
http://www.wikidata.org/entity/Q45,Portugal,PT,PRT,92225,10347892,82,0.866,251945377529,2022-01-01 00:00:00+00:00,1128-07-01T00:00:00Z,right,Europe,republic,Portuguese | Mirandese,euro,1,European Union | United Nations | NATO | UNESCO | World Health Organization | World Trade Organization | Interpol | Council of Europe | European Economic Area | Universal Postal Union | Organization for Economic Cooperation and Development | European Space Agency | Visa Waiver Program | Organization for Security and Co-operation in Europe | European Southern Observatory | International Civil Defence Organisation | European Free Trade Association | World Meteorological Organization | Community of Portuguese Language Countries | Treaty on the Non-Proliferation of Nuclear Weapons | Asian Development Bank | International Bank for Reconstruction and Development | International Hydrographic Organization | African Development Bank | International Telecommunication Union | International Centre for Migration Policy Development | World Customs Organization | International Finance Corporation | Eurocontrol | Australia Group | International Holocaust Remembrance Alliance | International Energy Agency | International Development Association | Organisation for the Prohibition of Chemical Weapons | International Centre for Settlement of Investment Disputes | Multilateral Investment Guarantee Agency | Missile Technology Control Regime | European Payments Union | Nuclear Suppliers Group | Treaty on Open Skies | Schengen Area | Movement Coordination Centre Europe | Group on Earth Observations | Q131720477
http://www.wikidata.org/entity/Q846,Qatar,QA,QAT,11437,2639211,78.184,0.855,237295575171,2022-01-01 00:00:00+00:00,1870-01-01T00:00:00Z,right,Asia,constitutional monarchy,Arabic,Qatari riyal,2,United Nations | League of Arab States | UNESCO | World Health Organization | World Trade Organization | Interpol | Universal Postal Union | Organisation of Islamic Cooperation | International Civil Defence Organisation | World Meteorological Organization | Treaty on the Non-Proliferation of Nuclear Weapons | International Bank for Reconstruction and Development | International Hydrographic Organization | International Telecommunication Union | World Customs Organization | Arab Monetary Fund | International Finance Corporation | Organisation for the Prohibition of Chemical Weapons | International Centre for Settlement of Investment Disputes | Multilateral Investment Guarantee Agency | Arab Fund for Economic and Social Development | Arab Bank for Economic Development in Africa
http://www.wikidata.org/entity/Q971,Republic of the Congo,CG,COG,342000,6142180,64.625,0.571,14615532210,2022-01-01 00:00:00+00:00,1960-01-01T00:00:00Z,right,Africa,parliamentary republic,French,Central African CFA franc,5,"United Nations | African Union | Organization of the Petroleum Exporting Countries | UNESCO | World Health Organization | World Trade Organization | Interpol | Universal Postal Union | Organisation internationale de la Francophonie | Treaty on the Non-Proliferation of Nuclear Weapons | Economic Community of Central African States | Bank of Central African States | International Bank for Reconstruction and Development | Organisation of African, Caribbean and Pacific States | African Development Bank | World Customs Organization | International Finance Corporation | International Development Association | Organisation for the Prohibition of Chemical Weapons | International Centre for Settlement of Investment Disputes | Multilateral Investment Guarantee Agency | Economic and Monetary Community of Central Africa | OHADA | Gulf of Guinea Commission | AFRISTAT | Group on Earth Observations | African Continental Free Trade Area"
http://www.wikidata.org/entity/Q218,Romania,RO,ROU,238397,19053815,75,0.821,301261582924,2022-01-01 00:00:00+00:00,1859-02-05T00:00:00Z,right,Europe,semi-presidential system,Romanian,Romanian Leu,5,European Union | United Nations | NATO | UNESCO | World Health Organization | World Trade Organization | Interpol | Council of Europe | Universal Postal Union | Warsaw Pact | European Space Agency | Organization for Security and Co-operation in Europe | Organisation internationale de la Francophonie | World Meteorological Organization | Treaty on the Non-Proliferation of Nuclear Weapons | International Bank for Reconstruction and Development | COMECON | International Hydrographic Organization | International Telecommunication Union | Organization of the Black Sea Economic Cooperation | International Centre for Migration Policy Development | World Customs Organization | International Finance Corporation | Eurocontrol | Australia Group | International Holocaust Remembrance Alliance | International Development Association | Organisation for the Prohibition of Chemical Weapons | International Centre for Settlement of Investment Disputes | Multilateral Investment Guarantee Agency | Nuclear Suppliers Group | Strategic Airlift Capability | Treaty on Open Skies | Schengen Area | Movement Coordination Centre Europe | Group on Earth Observations | Q131720477
http://www.wikidata.org/entity/Q159,Russia,RU,RUS,17075400,146119928,73,0.822,2240422438363,2022-01-01 00:00:00+00:00,1263-01-01T00:00:00Z,right,Europe,super-presidential republic,Russian,Russian ruble,18,United Nations | Commonwealth of Independent States | UNESCO | World Health Organization | World Trade Organization | Interpol | Universal Postal Union | G20 | United Nations Security Council | Organization for Security and Co-operation in Europe | International Civil Defence Organisation | Union State | World Meteorological Organization | Asia-Pacific Economic Cooperation | states with nuclear weapons | International Bank for Reconstruction and Development | International Hydrographic Organization | BRICS | Collective Security Treaty Organization | International Telecommunication Union | Organization of the Black Sea Economic Cooperation | Shanghai Cooperation Organisation | International Finance Corporation | Arctic Council | Council of the Baltic Sea States | International Development Association | BRIC | Organisation for the Prohibition of Chemical Weapons | Multilateral Investment Guarantee Agency | Missile Technology Control Regime | Nuclear Suppliers Group | Commonwealth of Independent States Free Trade Area | Treaty on Open Skies | Central Asian Cooperation Organization | Barents Euro-Arctic Council | Group on Earth Observations | ASEAN Regional Forum
http://www.wikidata.org/entity/Q1037,Rwanda,RW,RWA,26338,14569341,70.52,0.578,14251642230,2024-01-01 00:00:00+00:00,1962-01-01T00:00:00Z,right,Africa,semi-presidential system,French | English | Swahili | Kinyarwanda,Rwandan franc,4,"United Nations | African Union | Commonwealth of Nations | UNESCO | World Health Organization | World Trade Organization | Interpol | Universal Postal Union | United Nations Security Council | Organisation internationale de la Francophonie | International Civil Defence Organisation | World Meteorological Organization | Treaty on the Non-Proliferation of Nuclear Weapons | International Bank for Reconstruction and Development | Organisation of African, Caribbean and Pacific States | East African Community | African Development Bank | International Telecommunication Union | United Nations–African Union Hybrid Operation in Darfur | World Customs Organization | International Finance Corporation | International Development Association | Organisation for the Prohibition of Chemical Weapons | International Centre for Settlement of Investment Disputes | Multilateral Investment Guarantee Agency | African Continental Free Trade Area"
http://www.wikidata.org/entity/Q763,Saint Kitts and Nevis,KN,KNA,269.358763,46922,72,0.777,961563259,2022-01-01 00:00:00+00:00,1967-02-27T00:00:00Z,left,North America,constitutional monarchy | federal monarchy,English,Eastern Caribbean dollar,2,"United Nations | Commonwealth of Nations | UNESCO | World Health Organization | World Trade Organization | Interpol | Universal Postal Union | Organization of American States | Treaty on the Non-Proliferation of Nuclear Weapons | International Bank for Reconstruction and Development | Caribbean Community | Organisation of African, Caribbean and Pacific States | International Telecommunication Union | Alliance of Small Island States | International Finance Corporation | International Development Association | Organisation for the Prohibition of Chemical Weapons | International Centre for Settlement of Investment Disputes | Multilateral Investment Guarantee Agency | Agency for the Prohibition of Nuclear Weapons in Latin America and the Caribbean | Caribbean Development Bank | Caribbean Disaster Emergency Management Agency"
http://www.wikidata.org/entity/Q760,Saint Lucia,LC,LCA,617.012867,167591,71,0.715,2065027556,2022-01-01 00:00:00+00:00,1979-02-22T00:00:00Z,left,North America,constitutional monarchy,English,Eastern Caribbean dollar,1,"United Nations | Commonwealth of Nations | UNESCO | World Health Organization | World Trade Organization | Interpol | Universal Postal Union | Organization of American States | Organisation internationale de la Francophonie | World Meteorological Organization | Treaty on the Non-Proliferation of Nuclear Weapons | International Bank for Reconstruction and Development | Caribbean Community | Organisation of African, Caribbean and Pacific States | International Telecommunication Union | Alliance of Small Island States | World Customs Organization | International Finance Corporation | International Development Association | Organisation for the Prohibition of Chemical Weapons | International Centre for Settlement of Investment Disputes | Multilateral Investment Guarantee Agency | Agency for the Prohibition of Nuclear Weapons in Latin America and the Caribbean | Caribbean Development Bank | Caribbean Disaster Emergency Management Agency"
http://www.wikidata.org/entity/Q757,Saint Vincent and the Grenadines,VC,VCT,389,109897,73.179,0.751,948558503,2022-01-01 00:00:00+00:00,1979-01-01T00:00:00Z,left,North America,constitutional monarchy,English,Eastern Caribbean dollar,1,"United Nations | Commonwealth of Nations | UNESCO | World Health Organization | World Trade Organization | Interpol | Universal Postal Union | Organization of American States | Treaty on the Non-Proliferation of Nuclear Weapons | International Bank for Reconstruction and Development | Caribbean Community | Organisation of African, Caribbean and Pacific States | International Telecommunication Union | Alliance of Small Island States | International Development Association | Organisation for the Prohibition of Chemical Weapons | International Centre for Settlement of Investment Disputes | Multilateral Investment Guarantee Agency | Agency for the Prohibition of Nuclear Weapons in Latin America and the Caribbean | Caribbean Development Bank | Caribbean Disaster Emergency Management Agency"
http://www.wikidata.org/entity/Q683,Samoa,WS,WSM,2842,200010,75.013,0.707,832421565,2022-01-01 00:00:00+00:00,1962-01-01T00:00:00Z,left,Oceania,,English | Samoan,Samoan tālā,1,"United Nations | Commonwealth of Nations | UNESCO | World Health Organization | World Trade Organization | Interpol | Universal Postal Union | World Meteorological Organization | Treaty on the Non-Proliferation of Nuclear Weapons | Asian Development Bank | International Bank for Reconstruction and Development | Organisation of African, Caribbean and Pacific States | International Telecommunication Union | United Nations–African Union Hybrid Operation in Darfur | Alliance of Small Island States | World Customs Organization | International Finance Corporation | International Development Association | Organisation for the Prohibition of Chemical Weapons | International Centre for Settlement of Investment Disputes | Multilateral Investment Guarantee Agency"
http://www.wikidata.org/entity/Q238,San Marino,SM,SMR,61.2,33600,85.41707,0.853,1855382833,2021-01-01 00:00:00+00:00,0301-09-04T00:00:00Z,right,Europe,diarchy | parliamentary republic,Italian,euro,2,United Nations | UNESCO | World Health Organization | Interpol | Council of Europe | Universal Postal Union | Visa Waiver Program | Organization for Security and Co-operation in Europe | Treaty on the Non-Proliferation of Nuclear Weapons | International Bank for Reconstruction and Development | International Telecommunication Union | Organisation for the Prohibition of Chemical Weapons | International Centre for Settlement of Investment Disputes
http://www.wikidata.org/entity/Q851,Saudi Arabia,SA,SAU,2250000,33000000,74.561,0.875,1108148978218,2022-01-01 00:00:00+00:00,1727-01-01T00:00:00Z,right,Asia,monarchy | absolute monarchy | islamic theocracy,Arabic,Saudi riyal,10,United Nations | League of Arab States | Organization of the Petroleum Exporting Countries | UNESCO | World Health Organization | World Trade Organization | Interpol | Universal Postal Union | G20 | Organisation of Islamic Cooperation | International Civil Defence Organisation | World Meteorological Organization | Treaty on the Non-Proliferation of Nuclear Weapons | International Bank for Reconstruction and Development | Cooperation Council for the Arab States of the Persian Gulf | International Hydrographic Organization | African Development Bank | International Telecommunication Union | World Customs Organization | Arab Monetary Fund | International Finance Corporation | International Development Association | Organisation for the Prohibition of Chemical Weapons | International Centre for Settlement of Investment Disputes | Multilateral Investment Guarantee Agency | Arab Fund for Economic and Social Development | Arab Bank for Economic Development in Africa | Asian Infrastructure Investment Bank
http://www.wikidata.org/entity/Q1041,Senegal,SN,SEN,196722,16876720,67.146,0.511,27684430244,2022-01-01 00:00:00+00:00,1960-01-01T00:00:00Z,right,Africa,presidential system,French | Wolof | Balanta | Badyara,West African CFA franc,6,"United Nations | African Union | UNESCO | World Health Organization | World Trade Organization | Interpol | Universal Postal Union | Organisation of Islamic Cooperation | Organisation internationale de la Francophonie | International Civil Defence Organisation | World Meteorological Organization | Treaty on the Non-Proliferation of Nuclear Weapons | International Bank for Reconstruction and Development | Economic Community of West African States | Organisation of African, Caribbean and Pacific States | African Development Bank | International Telecommunication Union | United Nations–African Union Hybrid Operation in Darfur | World Customs Organization | International Finance Corporation | International Development Association | Organisation for the Prohibition of Chemical Weapons | International Centre for Settlement of Investment Disputes | Multilateral Investment Guarantee Agency | OHADA | AFRISTAT | African Groundnut Council | Group on Earth Observations | African Continental Free Trade Area"
http://www.wikidata.org/entity/Q403,Serbia,RS,SRB,88499,6605168,75,0.802,63501748652,2022-01-01 00:00:00+00:00,2006-01-01T00:00:00Z,right,Europe,,Serbian,Serbian dinar,10,United Nations | UNESCO | World Health Organization | Interpol | Council of Europe | Universal Postal Union | Organization for Security and Co-operation in Europe | International Civil Defence Organisation | World Meteorological Organization | Treaty on the Non-Proliferation of Nuclear Weapons | International Bank for Reconstruction and Development | International Hydrographic Organization | Central European Free Trade Agreement | International Telecommunication Union | Organization of the Black Sea Economic Cooperation | International Centre for Migration Policy Development | World Customs Organization | Partnership for Peace | International Finance Corporation | Eurocontrol | International Holocaust Remembrance Alliance | International Development Association | Organisation for the Prohibition of Chemical Weapons | International Centre for Settlement of Investment Disputes | Multilateral Investment Guarantee Agency | Nuclear Suppliers Group | Group on Earth Observations | Q131720477
http://www.wikidata.org/entity/Q1042,Seychelles,SC,SYC,459,119773,74.30976,0.785,1588406479,2022-01-01 00:00:00+00:00,1976-06-29T00:00:00Z,left,Africa,,French | English | Seychellois Creole,Seychellois rupee,5,"United Nations | African Union | Commonwealth of Nations | UNESCO | World Health Organization | Interpol | Universal Postal Union | Organisation internationale de la Francophonie | World Meteorological Organization | Treaty on the Non-Proliferation of Nuclear Weapons | International Bank for Reconstruction and Development | Organisation of African, Caribbean and Pacific States | African Development Bank | International Telecommunication Union | Alliance of Small Island States | World Customs Organization | International Finance Corporation | Southern African Development Community | Organisation for the Prohibition of Chemical Weapons | International Centre for Settlement of Investment Disputes | Francophonie | Multilateral Investment Guarantee Agency | Indian Ocean Commission | Group on Earth Observations | African Continental Free Trade Area"
http://www.wikidata.org/entity/Q1044,Sierra Leone,SL,SLE,71740,7557212,51.835,0.477,3970343852,2022-01-01 00:00:00+00:00,1971-04-19T00:00:00Z,right,Africa,presidential system,English | Krio,leone,2,"United Nations | African Union | Commonwealth of Nations | UNESCO | World Health Organization | World Trade Organization | Interpol | Universal Postal Union | Organisation of Islamic Cooperation | World Meteorological Organization | Treaty on the Non-Proliferation of Nuclear Weapons | International Bank for Reconstruction and Development | Economic Community of West African States | Organisation of African, Caribbean and Pacific States | African Development Bank | International Telecommunication Union | United Nations–African Union Hybrid Operation in Darfur | World Customs Organization | International Finance Corporation | International Development Association | Organisation for the Prohibition of Chemical Weapons | International Centre for Settlement of Investment Disputes | Multilateral Investment Guarantee Agency | Mano River Union | African Continental Free Trade Area"
http://www.wikidata.org/entity/Q334,Singapore,SG,SGP,719.1,5866139,83,0.939,466788539652,2022-01-01 00:00:00+00:00,1965-08-09T00:00:00Z,left,Asia,parliamentary republic,English | Tamil | Malay | Standard Chinese,Singapore dollar,2,United Nations | Association of Southeast Asian Nations | Commonwealth of Nations | UNESCO | World Health Organization | World Trade Organization | Interpol | Universal Postal Union | Visa Waiver Program | World Meteorological Organization | Asia-Pacific Economic Cooperation | Treaty on the Non-Proliferation of Nuclear Weapons | Asian Development Bank | International Bank for Reconstruction and Development | International Hydrographic Organization | International Telecommunication Union | Alliance of Small Island States | World Customs Organization | International Finance Corporation | Organization of World Heritage Cities | International Development Association | Organisation for the Prohibition of Chemical Weapons | International Centre for Settlement of Investment Disputes | Multilateral Investment Guarantee Agency | Creative Cities Network | ASEAN Regional Forum
http://www.wikidata.org/entity/Q214,Slovakia,SK,SVK,49033.720839,5409407,77,0.848,115468803972,2022-01-01 00:00:00+00:00,1993-01-01T00:00:00Z,right,Europe,parliamentary republic,Slovak,euro,5,European Union | United Nations | NATO | UNESCO | World Health Organization | World Trade Organization | Interpol | European Economic Area | Universal Postal Union | Organization for Economic Cooperation and Development | Visa Waiver Program | Organization for Security and Co-operation in Europe | International Civil Defence Organisation | World Meteorological Organization | Treaty on the Non-Proliferation of Nuclear Weapons | International Bank for Reconstruction and Development | Visegrád Group | International Telecommunication Union | International Centre for Migration Policy Development | World Customs Organization | International Finance Corporation | Eurocontrol | Australia Group | International Holocaust Remembrance Alliance | International Energy Agency | International Development Association | Organisation for the Prohibition of Chemical Weapons | International Centre for Settlement of Investment Disputes | Multilateral Investment Guarantee Agency | Nuclear Suppliers Group | Treaty on Open Skies | Schengen Area | Movement Coordination Centre Europe | Group on Earth Observations | Q131720477
http://www.wikidata.org/entity/Q215,Slovenia,SI,SVN,20271,2066880,81,0.918,62117768015,2022-01-01 00:00:00+00:00,1991-06-25T00:00:00Z,right,Europe,democratic republic,Slovene,euro,4,European Union | United Nations | NATO | UNESCO | World Health Organization | World Trade Organization | Interpol | Council of Europe | Universal Postal Union | Organization for Economic Cooperation and Development | Visa Waiver Program | Organization for Security and Co-operation in Europe | World Meteorological Organization | Treaty on the Non-Proliferation of Nuclear Weapons | International Bank for Reconstruction and Development | International Hydrographic Organization | International Telecommunication Union | International Centre for Migration Policy Development | World Customs Organization | International Finance Corporation | Eurocontrol | Australia Group | International Holocaust Remembrance Alliance | International Development Association | Organisation for the Prohibition of Chemical Weapons | International Centre for Settlement of Investment Disputes | Multilateral Investment Guarantee Agency | Nuclear Suppliers Group | Strategic Airlift Capability | Treaty on Open Skies | Schengen Area | Movement Coordination Centre Europe | Group on Earth Observations
http://www.wikidata.org/entity/Q685,Solomon Islands,SB,SLB,28400,611343,70.726,0.564,1595710784,2022-01-01 00:00:00+00:00,1978-01-01T00:00:00Z,left,Insular Oceania | Oceania,,English,Solomon Islands dollar,5,"United Nations | Commonwealth of Nations | UNESCO | World Health Organization | World Trade Organization | Interpol | Universal Postal Union | World Meteorological Organization | Treaty on the Non-Proliferation of Nuclear Weapons | Asian Development Bank | International Bank for Reconstruction and Development | Organisation of African, Caribbean and Pacific States | International Telecommunication Union | Alliance of Small Island States | World Customs Organization | International Finance Corporation | International Development Association | Organisation for the Prohibition of Chemical Weapons | International Centre for Settlement of Investment Disputes | Multilateral Investment Guarantee Agency"
http://www.wikidata.org/entity/Q1045,Somalia,SO,SOM,637657,11031386,56.293,,8126105600,2022-01-01 00:00:00+00:00,1960-01-01T00:00:00Z,right,Africa,federal republic,Somali | Arabic,Somali shilling,3,"United Nations | African Union | League of Arab States | UNESCO | World Health Organization | Interpol | Universal Postal Union | Organisation of Islamic Cooperation | World Meteorological Organization | Treaty on the Non-Proliferation of Nuclear Weapons | International Bank for Reconstruction and Development | Organisation of African, Caribbean and Pacific States | African Development Bank | International Telecommunication Union | World Customs Organization | Arab Monetary Fund | International Finance Corporation | International Development Association | Organisation for the Prohibition of Chemical Weapons | International Centre for Settlement of Investment Disputes | Arab Fund for Economic and Social Development | Group on Earth Observations | African Continental Free Trade Area"
http://www.wikidata.org/entity/Q258,South Africa,ZA,ZAF,1221037,62027503,62.774,0.713,405869718462,2022-01-01 00:00:00+00:00,1910-05-31T00:00:00Z,left,Africa,apartheid | representative democracy | parliamentary republic,English | Zulu | Xhosa | Afrikaans | Venda | Northern Sotho | Swazi | Tswana | Tsonga | Sesotho | Southern Ndebele | South African Sign Language,rand,6,"United Nations | African Union | Commonwealth of Nations | UNESCO | World Health Organization | World Trade Organization | Interpol | Universal Postal Union | G20 | International Civil Defence Organisation | World Meteorological Organization | Treaty on the Non-Proliferation of Nuclear Weapons | International Bank for Reconstruction and Development | International Hydrographic Organization | BRICS | Organisation of African, Caribbean and Pacific States | African Development Bank | International Telecommunication Union | United Nations–African Union Hybrid Operation in Darfur | World Customs Organization | International Finance Corporation | Southern African Development Community | International Development Association | Organisation for the Prohibition of Chemical Weapons | Multilateral Investment Guarantee Agency | Missile Technology Control Regime | Southern African Customs Union | Nuclear Suppliers Group | Group on Earth Observations | African Continental Free Trade Area"
http://www.wikidata.org/entity/Q884,South Korea,KR,KOR,100295,51466201,80.11707,0.925,1665245538595,2022-01-01 00:00:00+00:00,1948-08-15T00:00:00Z,right,Asia,republic | presidential system,Korean | Korean Sign Language,won | Korean mun,3,United Nations | UNESCO | World Health Organization | World Trade Organization | Interpol | Universal Postal Union | G20 | Organization for Economic Cooperation and Development | Visa Waiver Program | International Civil Defence Organisation | World Meteorological Organization | Asia-Pacific Economic Cooperation | Antarctic Treaty System | Treaty on the Non-Proliferation of Nuclear Weapons | Asian Development Bank | International Bank for Reconstruction and Development | International Hydrographic Organization | African Development Bank | United Nations–African Union Hybrid Operation in Darfur | World Customs Organization | International Finance Corporation | Australia Group | International Energy Agency | International Development Association | Organisation for the Prohibition of Chemical Weapons | International Centre for Settlement of Investment Disputes | Multilateral Investment Guarantee Agency | Missile Technology Control Regime | Nuclear Suppliers Group | Group on Earth Observations | ASEAN Regional Forum
http://www.wikidata.org/entity/Q958,South Sudan,SS,SSD,644329,12575714,56.811,0.385,,,2011-07-09T00:00:00Z,right,Africa,federal republic,English,South Sudanese pound,7,United Nations | African Union | UNESCO | World Health Organization | Interpol | Universal Postal Union | International Civil Defence Organisation | World Meteorological Organization | International Bank for Reconstruction and Development | African Development Bank | International Telecommunication Union | World Customs Organization | International Finance Corporation | International Development Association | International Centre for Settlement of Investment Disputes | Multilateral Investment Guarantee Agency | African Continental Free Trade Area
http://www.wikidata.org/entity/Q29,Spain,ES,ESP,505990,48592909,83,0.905,1397509272054,2022-01-01 00:00:00+00:00,1812-03-19T00:00:00Z,right,Europe,parliamentary monarchy,Spanish,euro,5,European Union | United Nations | NATO | UNESCO | World Health Organization | World Trade Organization | Interpol | Council of Europe | Universal Postal Union | United Nations Security Council | League of Nations | Organization for Economic Cooperation and Development | European Space Agency | Visa Waiver Program | Organization for Security and Co-operation in Europe | European Air Transport Command | European Southern Observatory | World Meteorological Organization | Treaty on the Non-Proliferation of Nuclear Weapons | Asian Development Bank | Central American Bank for Economic Integration | International Bank for Reconstruction and Development | International Hydrographic Organization | African Development Bank | International Telecommunication Union | Organization of Ibero-American States | Organisation for Joint Armament Cooperation | World Customs Organization | International Finance Corporation | Eurocontrol | Australia Group | International Holocaust Remembrance Alliance | International Energy Agency | International Development Association | Organisation for the Prohibition of Chemical Weapons | International Centre for Settlement of Investment Disputes | Multilateral Investment Guarantee Agency | Missile Technology Control Regime | Nuclear Suppliers Group | Pyrenees–Mediterranean Euroregion | Treaty on Open Skies | Schengen Area | Movement Coordination Centre Europe | Group on Earth Observations | member states of the Organization of Ibero-American States | Q131720477
http://www.wikidata.org/entity/Q854,Sri Lanka,LK,LKA,65610,21444000,77.75,0.782,74403578363,2022-01-01 00:00:00+00:00,1972-05-22T00:00:00Z,left,Asia,republic,Tamil | Sinhala,Sri Lankan rupee,1,United Nations | Commonwealth of Nations | UNESCO | World Health Organization | World Trade Organization | Interpol | Universal Postal Union | World Meteorological Organization | Treaty on the Non-Proliferation of Nuclear Weapons | Asian Development Bank | International Bank for Reconstruction and Development | International Hydrographic Organization | International Telecommunication Union | World Customs Organization | International Finance Corporation | Bay of Bengal Initiative for Multi-Sectoral Technical and Economic Cooperation | International Development Association | Organisation for the Prohibition of Chemical Weapons | International Centre for Settlement of Investment Disputes | Multilateral Investment Guarantee Agency | ASEAN Regional Forum
http://www.wikidata.org/entity/Q1049,Sudan,SD,SDN,1886068,40533330,64.486,0.508,51662241775,2022-01-01 00:00:00+00:00,1956-01-01T00:00:00Z,right,Africa,federal republic,English | Arabic,Sudanese pound,12,"United Nations | African Union | League of Arab States | UNESCO | World Health Organization | Interpol | Universal Postal Union | Organisation of Islamic Cooperation | International Civil Defence Organisation | World Meteorological Organization | Treaty on the Non-Proliferation of Nuclear Weapons | International Bank for Reconstruction and Development | Organisation of African, Caribbean and Pacific States | African Development Bank | International Telecommunication Union | World Customs Organization | Arab Monetary Fund | International Finance Corporation | International Development Association | Organisation for the Prohibition of Chemical Weapons | International Centre for Settlement of Investment Disputes | Multilateral Investment Guarantee Agency | Arab Fund for Economic and Social Development | African Groundnut Council | Arab Bank for Economic Development in Africa | Group on Earth Observations | African Continental Free Trade Area"
http://www.wikidata.org/entity/Q730,Suriname,SR,SUR,163270,563402,70,0.73,3620655116,2022-01-01 00:00:00+00:00,1975-11-25T00:00:00Z,left,South America,republic,Dutch,Surinamese dollar,3,"United Nations | Union of South American Nations | UNESCO | World Health Organization | World Trade Organization | Interpol | Universal Postal Union | Organisation of Islamic Cooperation | Organization of American States | Dutch Language Union | World Meteorological Organization | Treaty on the Non-Proliferation of Nuclear Weapons | International Bank for Reconstruction and Development | Caribbean Community | International Hydrographic Organization | Organisation of African, Caribbean and Pacific States | International Telecommunication Union | Alliance of Small Island States | World Customs Organization | International Finance Corporation | Organisation for the Prohibition of Chemical Weapons | Multilateral Investment Guarantee Agency | Agency for the Prohibition of Nuclear Weapons in Latin America and the Caribbean | Caribbean Development Bank | Caribbean Disaster Emergency Management Agency"
http://www.wikidata.org/entity/Q34,Sweden,SE,SWE,447425.16,10609460,82.20488,0.947,585939170124,2022-01-01 00:00:00+00:00,0900-01-01T00:00:00Z,right,Europe,constitutional monarchy | representative democracy,Swedish,Swedish krona,3,European Union | United Nations | NATO | UNESCO | World Health Organization | World Trade Organization | Interpol | Council of Europe | Universal Postal Union | League of Nations | Organization for Economic Cooperation and Development | European Space Agency | Visa Waiver Program | Union between Sweden and Norway | Kalmar Union | Organization for Security and Co-operation in Europe | Nordic Council | European Southern Observatory | European Free Trade Association | World Meteorological Organization | Treaty on the Non-Proliferation of Nuclear Weapons | Asian Development Bank | International Bank for Reconstruction and Development | International Hydrographic Organization | African Development Bank | International Telecommunication Union | International Centre for Migration Policy Development | World Customs Organization | Partnership for Peace | International Finance Corporation | Eurocontrol | Arctic Council | Australia Group | Council of the Baltic Sea States | International Holocaust Remembrance Alliance | International Energy Agency | International Development Association | Organisation for the Prohibition of Chemical Weapons | International Centre for Settlement of Investment Disputes | Multilateral Investment Guarantee Agency | Missile Technology Control Regime | European Payments Union | Nuclear Suppliers Group | Strategic Airlift Capability | Treaty on Open Skies | Schengen Area | Nordic Battle Group | Movement Coordination Centre Europe | Barents Euro-Arctic Council | Group on Earth Observations | Q131720477
http://www.wikidata.org/entity/Q39,Switzerland,CH,CHE,41291,9104063,83,0.962,807706035352,2022-01-01 00:00:00+00:00,1848-09-12T00:00:00Z,right,Europe,federal republic | directorial system,French | German | Italian | Romansh,Swiss franc,6,United Nations | UNESCO | World Health Organization | World Trade Organization | Interpol | Council of Europe | Universal Postal Union | Organization for Economic Cooperation and Development | European Space Agency | Visa Waiver Program | Organization for Security and Co-operation in Europe | Organisation internationale de la Francophonie | European Southern Observatory | International Civil Defence Organisation | European Free Trade Association | World Meteorological Organization | Treaty on the Non-Proliferation of Nuclear Weapons | Asian Development Bank | International Bank for Reconstruction and Development | African Development Bank | International Telecommunication Union | International Centre for Migration Policy Development | World Customs Organization | International Finance Corporation | Eurocontrol | Australia Group | International Holocaust Remembrance Alliance | International Energy Agency | International Development Association | Organisation for the Prohibition of Chemical Weapons | International Centre for Settlement of Investment Disputes | Multilateral Investment Guarantee Agency | Missile Technology Control Regime | European Payments Union | Nuclear Suppliers Group | Schengen Area | Group on Earth Observations | Q131720477
http://www.wikidata.org/entity/Q858,Syria,SY,SYR,185180,23865423,72,0.577,,,1920-03-08T00:00:00Z,right,Asia,provisional government,Arabic,Syrian pound,5,United Nations | League of Arab States | UNESCO | World Health Organization | Interpol | Universal Postal Union | Organisation of Islamic Cooperation | International Civil Defence Organisation | World Meteorological Organization | Treaty on the Non-Proliferation of Nuclear Weapons | International Bank for Reconstruction and Development | International Hydrographic Organization | International Telecommunication Union | World Customs Organization | Arab Monetary Fund | International Finance Corporation | International Development Association | Organisation for the Prohibition of Chemical Weapons | International Centre for Settlement of Investment Disputes | Multilateral Investment Guarantee Agency | Arab Fund for Economic and Social Development | Arab Bank for Economic Development in Africa
http://www.wikidata.org/entity/Q1039,São Tomé and Príncipe,ST,STP,1001,204327,66.624,0.618,546680342,2022-01-01 00:00:00+00:00,1975-07-12T00:00:00Z,right,Africa,,Portuguese,São Tomé and Príncipe dobra,3,"United Nations | African Union | UNESCO | World Health Organization | Interpol | Universal Postal Union | Organisation internationale de la Francophonie | World Meteorological Organization | Community of Portuguese Language Countries | Treaty on the Non-Proliferation of Nuclear Weapons | Economic Community of Central African States | International Bank for Reconstruction and Development | Organisation of African, Caribbean and Pacific States | African Development Bank | International Telecommunication Union | Alliance of Small Island States | World Customs Organization | International Finance Corporation | International Development Association | Organisation for the Prohibition of Chemical Weapons | International Centre for Settlement of Investment Disputes | Multilateral Investment Guarantee Agency | Gulf of Guinea Commission | AFRISTAT | African Continental Free Trade Area"
http://www.wikidata.org/entity/Q865,Taiwan,TW,TWN,36193,23317031,79.12,0.911,,,1912-01-01T00:00:00Z,right,Asia,democracy | semi-presidential system | constitutional republic,Taiwanese Sign Language | Amis | Taiwanese Hokkien | Rukai | Bunun | Kanakanavu | Standard Taiwanese Mandarin | Paiwan | Yami | Atayal | Saaroa | Kavalan | Tsou | Seediq | Puyuma | Saisiyat | Q718269 | Taiwanese Hakka | Truku | Matsu dialect | Kinmen dialect | Wuqiu dialect,New Taiwan dollar,3,United Nations | World Trade Organization | United Nations Security Council | Visa Waiver Program | Asia-Pacific Economic Cooperation | Asian Development Bank | Central American Bank for Economic Integration | Western and Central Pacific Fisheries Commission | Inter-American Tropical Tuna Commission | Commission for the Conservation of Southern Bluefin Tuna
http://www.wikidata.org/entity/Q863,Tajikistan,TJ,TJK,143100,9504000,71.051,0.685,10492123388,2022-01-01 00:00:00+00:00,1991-09-09T00:00:00Z,right,Asia,presidential system,Tajik,Tajikistani somoni,4,United Nations | Commonwealth of Independent States | UNESCO | World Health Organization | Interpol | Universal Postal Union | Organisation of Islamic Cooperation | Organization for Security and Co-operation in Europe | International Civil Defence Organisation | World Meteorological Organization | Treaty on the Non-Proliferation of Nuclear Weapons | Asian Development Bank | International Bank for Reconstruction and Development | Collective Security Treaty Organization | International Telecommunication Union | Shanghai Cooperation Organisation | World Customs Organization | International Finance Corporation | International Development Association | Organisation for the Prohibition of Chemical Weapons | Multilateral Investment Guarantee Agency | Commonwealth of Independent States Free Trade Area | Central Asian Cooperation Organization | Group on Earth Observations
http://www.wikidata.org/entity/Q924,Tanzania,TZ,TZA,947303,57310019,65.675,0.549,75709289056,2022-01-01 00:00:00+00:00,1964-04-26T00:00:00Z,left,Africa,,English | Swahili,Tanzanian shilling,10,"United Nations | African Union | Commonwealth of Nations | UNESCO | World Health Organization | World Trade Organization | Interpol | Universal Postal Union | World Meteorological Organization | Treaty on the Non-Proliferation of Nuclear Weapons | International Bank for Reconstruction and Development | Organisation of African, Caribbean and Pacific States | African Development Bank | International Telecommunication Union | United Nations–African Union Hybrid Operation in Darfur | World Customs Organization | International Finance Corporation | Southern African Development Community | International Development Association | Organisation for the Prohibition of Chemical Weapons | International Centre for Settlement of Investment Disputes | Multilateral Investment Guarantee Agency | African Continental Free Trade Area"
http://www.wikidata.org/entity/Q869,Thailand,TH,THA,513119.5,66188503,80,0.8,495340592811,2022-01-01 00:00:00+00:00,1768-12-28T00:00:00Z,left,Asia,constitutional monarchy | parliamentary monarchy,Thai,baht,4,United Nations | Association of Southeast Asian Nations | UNESCO | World Health Organization | World Trade Organization | Interpol | Universal Postal Union | World Meteorological Organization | Asia-Pacific Economic Cooperation | Treaty on the Non-Proliferation of Nuclear Weapons | Asian Development Bank | International Bank for Reconstruction and Development | International Hydrographic Organization | Southeast Asia Treaty Organization | International Telecommunication Union | United Nations–African Union Hybrid Operation in Darfur | World Customs Organization | International Finance Corporation | Bay of Bengal Initiative for Multi-Sectoral Technical and Economic Cooperation | International Development Association | Organisation for the Prohibition of Chemical Weapons | Multilateral Investment Guarantee Agency | Group on Earth Observations | ASEAN Regional Forum
http://www.wikidata.org/entity/Q778,The Bahamas,BS,BHS,13878,399440,75.675,0.812,14338500000,2023-01-01 00:00:00+00:00,1973-07-10T00:00:00Z,left,North America,constitutional monarchy,English,Bahamian dollar,3,"United Nations | Commonwealth of Nations | UNESCO | World Health Organization | Interpol | Universal Postal Union | Organization of American States | World Meteorological Organization | Treaty on the Non-Proliferation of Nuclear Weapons | International Bank for Reconstruction and Development | Caribbean Community | Organisation of African, Caribbean and Pacific States | International Telecommunication Union | International Renewable Energy Agency | Alliance of Small Island States | World Customs Organization | International Finance Corporation | International Development Association | Organisation for the Prohibition of Chemical Weapons | International Centre for Settlement of Investment Disputes | Multilateral Investment Guarantee Agency | Agency for the Prohibition of Nuclear Weapons in Latin America and the Caribbean | Caribbean Development Bank | Caribbean Disaster Emergency Management Agency | Group on Earth Observations"
http://www.wikidata.org/entity/Q1005,The Gambia,GM,GMB,11300,2639916,61.193,0.5,2396111020,2023-01-01 00:00:00+00:00,1965-01-01T00:00:00Z,right,Africa,republic,English,dalasi,1,"United Nations | African Union | Commonwealth of Nations | UNESCO | World Health Organization | World Trade Organization | Interpol | Universal Postal Union | Organisation of Islamic Cooperation | World Meteorological Organization | Treaty on the Non-Proliferation of Nuclear Weapons | International Bank for Reconstruction and Development | Economic Community of West African States | Organisation of African, Caribbean and Pacific States | African Development Bank | International Telecommunication Union | United Nations–African Union Hybrid Operation in Darfur | World Customs Organization | International Finance Corporation | International Development Association | Organisation for the Prohibition of Chemical Weapons | International Centre for Settlement of Investment Disputes | Multilateral Investment Guarantee Agency | African Groundnut Council | African Continental Free Trade Area"
http://www.wikidata.org/entity/Q574,Timor-Leste,TL,TLS,14918.72,1243235,68.881,0.607,3163324631,2022-01-01 00:00:00+00:00,1975-11-28T00:00:00Z,left,Asia,republic | semi-presidential system | unitary state,Portuguese | Tetum,United States dollar | East Timor centavo coins,2,"United Nations | Association of Southeast Asian Nations | UNESCO | World Health Organization | World Trade Organization | Interpol | Universal Postal Union | World Meteorological Organization | Community of Portuguese Language Countries | Treaty on the Non-Proliferation of Nuclear Weapons | Asian Development Bank | International Bank for Reconstruction and Development | Organisation of African, Caribbean and Pacific States | International Telecommunication Union | Alliance of Small Island States | World Customs Organization | International Finance Corporation | International Development Association | Organisation for the Prohibition of Chemical Weapons | International Centre for Settlement of Investment Disputes | Multilateral Investment Guarantee Agency | g7+ | ASEAN Regional Forum"
http://www.wikidata.org/entity/Q945,Togo,TG,TGO,56785,7797694,60.232,0.539,9930000000,2024-01-01 00:00:00+00:00,1960-04-27T00:00:00Z,right,Africa,,French,West African CFA franc,4,"United Nations | African Union | Commonwealth of Nations | UNESCO | World Health Organization | World Trade Organization | Interpol | Universal Postal Union | Organisation of Islamic Cooperation | Organisation internationale de la Francophonie | International Civil Defence Organisation | World Meteorological Organization | Treaty on the Non-Proliferation of Nuclear Weapons | International Bank for Reconstruction and Development | Economic Community of West African States | Organisation of African, Caribbean and Pacific States | African Development Bank | International Telecommunication Union | United Nations–African Union Hybrid Operation in Darfur | World Customs Organization | International Finance Corporation | International Development Association | Organisation for the Prohibition of Chemical Weapons | International Centre for Settlement of Investment Disputes | Conseil de l'Entente | Multilateral Investment Guarantee Agency | OHADA | AFRISTAT | African Continental Free Trade Area"
http://www.wikidata.org/entity/Q678,Tonga,TO,TON,748.506563,108020,73.029,0.745,469228124,2021-01-01 00:00:00+00:00,1970-01-01T00:00:00Z,left,Oceania,,English | Tongan,Tongan paʻanga,1,"United Nations | Commonwealth of Nations | UNESCO | World Health Organization | World Trade Organization | Interpol | Universal Postal Union | World Meteorological Organization | Treaty on the Non-Proliferation of Nuclear Weapons | Asian Development Bank | International Bank for Reconstruction and Development | International Hydrographic Organization | Organisation of African, Caribbean and Pacific States | International Telecommunication Union | Alliance of Small Island States | World Customs Organization | International Finance Corporation | International Development Association | Organisation for the Prohibition of Chemical Weapons | International Centre for Settlement of Investment Disputes"
http://www.wikidata.org/entity/Q754,Trinidad and Tobago,TT,TTO,5128,1369125,70.673,0.81,27899082337,2022-01-01 00:00:00+00:00,1976-08-01T00:00:00Z,left,North America,parliamentary republic,English,Trinidad and Tobago dollar,1,"United Nations | Commonwealth of Nations | UNESCO | World Health Organization | World Trade Organization | Interpol | Universal Postal Union | Organization of American States | World Meteorological Organization | Treaty on the Non-Proliferation of Nuclear Weapons | International Bank for Reconstruction and Development | Caribbean Community | International Hydrographic Organization | Organisation of African, Caribbean and Pacific States | International Telecommunication Union | Alliance of Small Island States | World Customs Organization | International Finance Corporation | International Development Association | Organisation for the Prohibition of Chemical Weapons | International Centre for Settlement of Investment Disputes | Multilateral Investment Guarantee Agency | Agency for the Prohibition of Nuclear Weapons in Latin America and the Caribbean | Caribbean Development Bank | Caribbean Disaster Emergency Management Agency"
http://www.wikidata.org/entity/Q948,Tunisia,TN,TUN,163610,11565204,75.731,0.731,46664948952,2022-01-01 00:00:00+00:00,1956-03-20T00:00:00Z,right,Africa,semi-presidential system | parliamentary republic,Arabic,Tunisian dinar,2,United Nations | African Union | League of Arab States | International Monetary Fund | UNESCO | World Health Organization | World Trade Organization | Interpol | Universal Postal Union | International Atomic Energy Agency | Organisation of Islamic Cooperation | UN Tourism | International Civil Aviation Organization | Organisation internationale de la Francophonie | International Civil Defence Organisation | World Meteorological Organization | World Intellectual Property Organization | Treaty on the Non-Proliferation of Nuclear Weapons | International Bank for Reconstruction and Development | Union for the Mediterranean | International Maritime Organization | International Hydrographic Organization | African Development Bank | Arab Maghreb Union | International Telecommunication Union | United Nations–African Union Hybrid Operation in Darfur | World Customs Organization | Community of Sahel-Saharan States | Arab Monetary Fund | International Finance Corporation | International Development Association | Organisation for the Prohibition of Chemical Weapons | International Centre for Settlement of Investment Disputes | Multilateral Investment Guarantee Agency | Arab Fund for Economic and Social Development | Arab Bank for Economic Development in Africa | Group on Earth Observations | African Continental Free Trade Area
http://www.wikidata.org/entity/Q43,Turkey,TR,TUR,783562,85372377,78,0.838,905987824096,2022-01-01 00:00:00+00:00,1923-10-29T00:00:00Z,right,Asia,presidential system | unitary state,Turkish,Turkish lira,10,United Nations | NATO | UNESCO | World Health Organization | World Trade Organization | Interpol | Council of Europe | Universal Postal Union | G20 | League of Nations | Organization for Economic Cooperation and Development | Organisation of Islamic Cooperation | Organization for Security and Co-operation in Europe | World Meteorological Organization | Treaty on the Non-Proliferation of Nuclear Weapons | Asian Development Bank | International Bank for Reconstruction and Development | International Hydrographic Organization | African Development Bank | International Telecommunication Union | Organization of the Black Sea Economic Cooperation | United Nations–African Union Hybrid Operation in Darfur | International Centre for Migration Policy Development | Organization of Turkic States | World Customs Organization | International Finance Corporation | Eurocontrol | Australia Group | International Energy Agency | International Development Association | Organisation for the Prohibition of Chemical Weapons | MIKTA | International Centre for Settlement of Investment Disputes | Multilateral Investment Guarantee Agency | Missile Technology Control Regime | European Payments Union | Nuclear Suppliers Group | Treaty on Open Skies | Movement Coordination Centre Europe | Group on Earth Observations
http://www.wikidata.org/entity/Q874,Turkmenistan,TM,TKM,491210,6117933,67.835,0.745,,,1991-10-27T00:00:00Z,right,Asia,republic | presidential system,Turkmen,Turkmenistan new manat,4,United Nations | Commonwealth of Independent States | UNESCO | World Health Organization | Interpol | Universal Postal Union | Organisation of Islamic Cooperation | Organization for Security and Co-operation in Europe | World Meteorological Organization | Treaty on the Non-Proliferation of Nuclear Weapons | Asian Development Bank | International Bank for Reconstruction and Development | International Telecommunication Union | Organization of Turkic States | World Customs Organization | International Finance Corporation | Organisation for the Prohibition of Chemical Weapons | International Centre for Settlement of Investment Disputes | Multilateral Investment Guarantee Agency
http://www.wikidata.org/entity/Q672,Tuvalu,TV,TUV,25.14,10643,64,0.641,60349391,2022-01-01 00:00:00+00:00,1978-10-01T00:00:00Z,left,Insular Oceania | Oceania,,English | Tuvaluan,Tuvaluan dollar | Australian dollar,0,"United Nations | Commonwealth of Nations | UNESCO | World Health Organization | Universal Postal Union | World Meteorological Organization | Treaty on the Non-Proliferation of Nuclear Weapons | Asian Development Bank | International Bank for Reconstruction and Development | Organisation of African, Caribbean and Pacific States | International Telecommunication Union | Alliance of Small Island States | International Development Association | Organisation for the Prohibition of Chemical Weapons"
http://www.wikidata.org/entity/Q1036,Uganda,UG,UGA,241038,47123531,59.889,0.525,45559202049,2022-01-01 00:00:00+00:00,1962-01-01T00:00:00Z,left,Africa,presidential system,English | Swahili,Ugandan shilling,7,"United Nations | African Union | Commonwealth of Nations | UNESCO | World Health Organization | World Trade Organization | Interpol | Universal Postal Union | Organisation of Islamic Cooperation | World Meteorological Organization | Treaty on the Non-Proliferation of Nuclear Weapons | International Bank for Reconstruction and Development | Organisation of African, Caribbean and Pacific States | African Development Bank | International Telecommunication Union | World Customs Organization | International Finance Corporation | International Development Association | Organisation for the Prohibition of Chemical Weapons | International Centre for Settlement of Investment Disputes | Multilateral Investment Guarantee Agency | Group on Earth Observations | African Continental Free Trade Area"
http://www.wikidata.org/entity/Q212,Ukraine,UA,UKR,603550,41167335,69,0.773,160502739236,2022-01-01 00:00:00+00:00,1991-08-24T00:00:00Z,right,Europe,semi-presidential system,Ukrainian,hryvnia,8,United Nations
http://www.wikidata.org/entity/Q878,United Arab Emirates,AE,ARE,83600,9890400,77.256,0.911,514130432653,2023-01-01 00:00:00+00:00,1971-01-01T00:00:00Z,right,Asia,constitutional monarchy | absolute monarchy | federal monarchy,Arabic,United Arab Emirates dirham,3,United Nations | League of Arab States | Organization of the Petroleum Exporting Countries | UNESCO | World Health Organization | World Trade Organization | Interpol | Universal Postal Union | Organisation of Islamic Cooperation | International Civil Defence Organisation | World Meteorological Organization | Treaty on the Non-Proliferation of Nuclear Weapons | International Bank for Reconstruction and Development | International Hydrographic Organization | BRICS | African Development Bank | International Telecommunication Union | World Customs Organization | Arab Monetary Fund | International Finance Corporation | International Development Association | Organisation for the Prohibition of Chemical Weapons | International Centre for Settlement of Investment Disputes | Multilateral Investment Guarantee Agency | Arab Fund for Economic and Social Development | Arab Bank for Economic Development in Africa | Group on Earth Observations
http://www.wikidata.org/entity/Q145,United Kingdom,GB,GBR,242495,67326569,80.9561,0.929,3070667732359,2022-01-01 00:00:00+00:00,1927-04-12T00:00:00Z,left,Europe,constitutional monarchy,English,pound sterling,1,European Union | United Nations | NATO | World Health Organization | World Trade Organization | Interpol | Council of Europe | Universal Postal Union | G20 | G8 | Organization for Economic Cooperation and Development | European Space Agency | Visa Waiver Program | Organization for Security and Co-operation in Europe | European Southern Observatory | European Free Trade Association | World Meteorological Organization | Treaty on the Non-Proliferation of Nuclear Weapons | Asian Development Bank | states with nuclear weapons | International Bank for Reconstruction and Development | International Hydrographic Organization | Southeast Asia Treaty Organization | African Development Bank | International Telecommunication Union | Organisation for Joint Armament Cooperation | World Customs Organization | International Finance Corporation | Eurocontrol | Australia Group | International Holocaust Remembrance Alliance | International Energy Agency | International Development Association | Organisation for the Prohibition of Chemical Weapons | International Centre for Settlement of Investment Disputes | Multilateral Investment Guarantee Agency | Missile Technology Control Regime | Nuclear Suppliers Group | G7 | Treaty on Open Skies | ANZUK | ABCANZ Armies | Caribbean Development Bank | Movement Coordination Centre Europe | AUSCANNZUKUS | Air Force Interoperability Council | Combined Communications-Electronics Board | Group on Earth Observations | The Technical Cooperation Program | Five Eyes | AUKUS | Q131720477
http://www.wikidata.org/entity/Q30,United States,US,USA,9826675,340110988,77,0.921,28750956130000,2024-01-01 00:00:00+00:00,1784-05-12T00:00:00Z,right,North America,constitutional republic | democratic republic,Spanish | Hawaiian,United States dollar,2,United Nations | NATO | UNESCO | World Trade Organization | Interpol | Universal Postal Union | G20 | United Nations Security Council | Organization for Economic Cooperation and Development | Organization of American States | World Meteorological Organization | Asia-Pacific Economic Cooperation | North American Free Trade Agreement | International Hydrographic Organization | International Telecommunication Union | Arctic Council | International Energy Agency | Organisation for the Prohibition of Chemical Weapons | Group of Ten | Strategic Airlift Capability | G7 | ABCANZ Armies | Movement Coordination Centre Europe | AUSCANNZUKUS | Air Force Interoperability Council | Combined Communications-Electronics Board | Group on Earth Observations | The Technical Cooperation Program
http://www.wikidata.org/entity/Q77,Uruguay,UY,URY,176215,3444263,77.493,0.809,71177146197,2022-01-01 00:00:00+00:00,1825-08-25T00:00:00Z,right,South America,republic | presidential system | participatory democracy,,Uruguayan peso,2,United Nations | Union of South American Nations | Q4264 | UNESCO | World Health Organization | World Trade Organization | Interpol | Universal Postal Union | International Labour Organization | Organization of American States | World Meteorological Organization | International Bank for Reconstruction and Development | International Hydrographic Organization | International Telecommunication Union | Andean Community | World Customs Organization | International Finance Corporation | Organisation for the Prohibition of Chemical Weapons | International Centre for Settlement of Investment Disputes | Multilateral Investment Guarantee Agency | Digital Nations | Agency for the Prohibition of Nuclear Weapons in Latin America and the Caribbean | Group on Earth Observations
http://www.wikidata.org/entity/Q265,Uzbekistan,UZ,UZB,448978,34915100,72,0.727,69238900000,2021-01-01 00:00:00+00:00,1991-01-01T00:00:00Z,right,Asia,presidential system,Uzbek,Uzbek som,5,United Nations | Commonwealth of Independent States | UNESCO | World Health Organization | Interpol | Universal Postal Union | Organisation of Islamic Cooperation | Organization for Security and Co-operation in Europe | International Civil Defence Organisation | World Meteorological Organization | Treaty on the Non-Proliferation of Nuclear Weapons | Asian Development Bank | International Bank for Reconstruction and Development | Collective Security Treaty Organization | GUAM Organization for Democracy and Economic Development | International Telecommunication Union | Shanghai Cooperation Organisation | Organization of Turkic States | World Customs Organization | International Finance Corporation | International Development Association | Organisation for the Prohibition of Chemical Weapons | International Centre for Settlement of Investment Disputes | Multilateral Investment Guarantee Agency | Commonwealth of Independent States Free Trade Area | Central Asian Cooperation Organization | Group on Earth Observations
http://www.wikidata.org/entity/Q686,Vanuatu,VU,VUT,12190,300019,72.133,0.607,983582865,2022-01-01 00:00:00+00:00,1980-07-30T00:00:00Z,right,Insular Oceania,,French | English | Bislama,Vanuatu vatus,2,"United Nations | Commonwealth of Nations | UNESCO | World Health Organization | World Trade Organization | Interpol | Universal Postal Union | Organisation internationale de la Francophonie | World Meteorological Organization | Treaty on the Non-Proliferation of Nuclear Weapons | Asian Development Bank | International Bank for Reconstruction and Development | International Hydrographic Organization | Organisation of African, Caribbean and Pacific States | International Telecommunication Union | Alliance of Small Island States | World Customs Organization | International Finance Corporation | International Development Association | Organisation for the Prohibition of Chemical Weapons | Multilateral Investment Guarantee Agency"
http://www.wikidata.org/entity/Q237,Vatican City,VA,VAT,0.49,882,,,,,1929-02-11T00:00:00Z,right,Europe,papacy,Latin | Italian,euro,2,Interpol | Universal Postal Union | International Telecommunication Union
http://www.wikidata.org/entity/Q717,Venezuela,VE,VEN,912050,31250306,74.5,0.691,,,1811-07-05T00:00:00Z,right,South America,presidential system | federal republic,Spanish | Venezuelan Sign Language,sovereign bolivar,16,United Nations | Union of South American Nations | Q4264 | Organization of the Petroleum Exporting Countries | UNESCO | World Health Organization | World Trade Organization | Interpol | Universal Postal Union | Organization of American States | Treaty on the Non-Proliferation of Nuclear Weapons | International Bank for Reconstruction and Development | International Hydrographic Organization | International Telecommunication Union | World Customs Organization | International Finance Corporation | Organisation for the Prohibition of Chemical Weapons | Multilateral Investment Guarantee Agency | Agency for the Prohibition of Nuclear Weapons in Latin America and the Caribbean | Caribbean Development Bank
http://www.wikidata.org/entity/Q881,Vietnam,VN,VNM,331690,96208984,76.253,0.703,408802379068,2022-01-01 00:00:00+00:00,1976-07-02T00:00:00Z,right,Asia,republic | one-party state | unitary state,Vietnamese,Vietnamese đồng,3,United Nations | Association of Southeast Asian Nations | UNESCO | World Health Organization | World Trade Organization | Interpol | Universal Postal Union | Organisation internationale de la Francophonie | World Meteorological Organization | Asia-Pacific Economic Cooperation | Treaty on the Non-Proliferation of Nuclear Weapons | Asian Development Bank | International Bank for Reconstruction and Development | COMECON | International Hydrographic Organization | International Telecommunication Union | World Customs Organization | International Finance Corporation | International Development Association | Organisation for the Prohibition of Chemical Weapons | Multilateral Investment Guarantee Agency | Group on Earth Observations | ASEAN Regional Forum
http://www.wikidata.org/entity/Q805,Yemen,YE,YEM,455503,28250420,64.953,0.455,,,1990-05-22T00:00:00Z,right,Asia,republic | presidential system,Arabic,Yemeni Rial,2,United Nations | League of Arab States | UNESCO | World Health Organization | Interpol | Universal Postal Union | Organisation of Islamic Cooperation | International Civil Defence Organisation | World Meteorological Organization | Treaty on the Non-Proliferation of Nuclear Weapons | International Bank for Reconstruction and Development | International Telecommunication Union | United Nations–African Union Hybrid Operation in Darfur | World Customs Organization | Arab Monetary Fund | International Finance Corporation | International Development Association | Organisation for the Prohibition of Chemical Weapons | International Centre for Settlement of Investment Disputes | Multilateral Investment Guarantee Agency | Arab Fund for Economic and Social Development
http://www.wikidata.org/entity/Q953,Zambia,ZM,ZMB,752618,19610769,61.874,0.565,29784454056,2022-01-01 00:00:00+00:00,1964-10-24T00:00:00Z,left,Africa,presidential system | representative democracy,English,Zambian Kwacha,8,"United Nations | African Union | Commonwealth of Nations | International Monetary Fund | UNESCO | World Health Organization | World Trade Organization | Interpol | International Organization for Standardization | Universal Postal Union | International Olympic Committee | International Atomic Energy Agency | International Criminal Court | International Labour Organization | Food and Agriculture Organization | International Civil Aviation Organization | World Meteorological Organization | Treaty on the Non-Proliferation of Nuclear Weapons | International Bank for Reconstruction and Development | Organisation of African, Caribbean and Pacific States | African Development Bank | International Telecommunication Union | United Nations–African Union Hybrid Operation in Darfur | International Organization for Migration | Group of 77 | World Customs Organization | International Finance Corporation | International Fund for Agricultural Development | Southern African Development Community | International Development Association | Organisation for the Prohibition of Chemical Weapons | International Centre for Settlement of Investment Disputes | Lomé Convention | Multilateral Investment Guarantee Agency | International Confederation of Free Trade Unions | African Continental Free Trade Area"
http://www.wikidata.org/entity/Q954,Zimbabwe,ZW,ZWE,390757,15178979,61.163,0.593,20678055598,2022-01-01 00:00:00+00:00,1980-04-18T00:00:00Z,left,Africa,,Northern Ndebele | Nambya | Zimbabwe Sign Language | Barwe | English | Xhosa | Ndau | Venda | Chewa | Khoisan | Kalanga | Shona | Tonga | Tswana | Tsonga | Sesotho,euro | United States dollar | yen | pound sterling | renminbi | Indian rupee | rand | Zimbabwean dollar | Australian dollar | Zimbabwe ZiG,4,"United Nations | African Union | UNESCO | World Health Organization | World Trade Organization | Interpol | Universal Postal Union | International Civil Defence Organisation | World Meteorological Organization | Treaty on the Non-Proliferation of Nuclear Weapons | International Bank for Reconstruction and Development | Organisation of African, Caribbean and Pacific States | African Development Bank | International Telecommunication Union | United Nations–African Union Hybrid Operation in Darfur | World Customs Organization | International Finance Corporation | Southern African Development Community | International Development Association | Organisation for the Prohibition of Chemical Weapons | International Centre for Settlement of Investment Disputes | Multilateral Investment Guarantee Agency | Group on Earth Observations | African Continental Free Trade Area"
